table,table_description,column,type,org_specific,discontinued,column_description,bucket,time_typed,is_pk
ACCUM_CLAIM_DIAGNOSES,This table contains diagnoses attached to a claim when an accumulation occurred.,ACCUMULATION_ID,NUMERIC,False,False,The unique identifier (.1 item) for the accumulation record.,ICD-10 / Diagnosis coding,False,True
ACCUM_CLAIM_DIAGNOSES,This table contains diagnoses attached to a claim when an accumulation occurred.,LINE,INTEGER,False,False,The line number for the information associated with this record. Multiple pieces of information can be associated with this record.,ICD-10 / Diagnosis coding,False,True
ACCUM_CLAIM_DIAGNOSES,This table contains diagnoses attached to a claim when an accumulation occurred.,CLAIM_DX_ID_DX_NAME,VARCHAR,False,False,The name of the diagnosis.,ICD-10 / Diagnosis coding,False,False
ACCUM_SERVICE_DIAGNOSES,This table contains diagnoses associated with a service at the time an accumulation occurred.,ACCUMULATION_ID,NUMERIC,False,False,The unique identifier (.1 item) for the accumulation record.,ICD-10 / Diagnosis coding,False,True
ACCUM_SERVICE_DIAGNOSES,This table contains diagnoses associated with a service at the time an accumulation occurred.,LINE,INTEGER,False,False,The line number for the information associated with this record. Multiple pieces of information can be associated with this record.,ICD-10 / Diagnosis coding,False,True
ACCUM_SERVICE_DIAGNOSES,This table contains diagnoses associated with a service at the time an accumulation occurred.,ASSOCIATED_DX_ID_DX_NAME,VARCHAR,False,False,The name of the diagnosis.,ICD-10 / Diagnosis coding,False,False
ADDITIONAL_EM_CODE,This table holds all information related to additional evaluation and management (E/M) codes.,PAT_ENC_CSN_ID,NUMERIC,False,False,A unique serial number for this encounter. This number is unique across all patients and encounters in the system.,E/M level / CPT coding,False,True
ADDITIONAL_EM_CODE,This table holds all information related to additional evaluation and management (E/M) codes.,LINE,INTEGER,False,False,The line number for the information associated with this contact. Multiple pieces of information can be associated with this contact.,E/M level / CPT coding,False,True
ADDITIONAL_EM_CODE,This table holds all information related to additional evaluation and management (E/M) codes.,EM_CODE_ADDL_ID_PROC_NAME,VARCHAR,False,False,The name of each procedure.,E/M level / CPT coding,False,False
ADDITIONAL_EM_CODE,This table holds all information related to additional evaluation and management (E/M) codes.,EM_CODE_MOD_ID,VARCHAR,False,False,Modifiers associated with the additional E/M code. Stored in comma-delimited format with up to four modifiers.,E/M level / CPT coding,False,False
ADDITIONAL_EM_CODE,This table holds all information related to additional evaluation and management (E/M) codes.,EM_CODE_BILPROV_ID_PROV_NAME,VARCHAR,False,False,The name of the service provider. This item may be hidden in a public view of the CLARITY_SER table.,E/M level / CPT coding,False,False
ADDITIONAL_EM_CODE,This table holds all information related to additional evaluation and management (E/M) codes.,EM_CODE_UNIQUE_NUM,VARCHAR,False,False,Unique number associated with each additional E/M code. The number is only unique within the contact.,E/M level / CPT coding,False,False
ADDITIONAL_EM_CODE,This table holds all information related to additional evaluation and management (E/M) codes.,EM_NO_CHG_REASON_C_NAME,VARCHAR,False,False,The reason that a charge was not triggered for an E/M code. This item being populated does not imply any issues with system integrity or system build; it will be set both for legitimate reasons that a charge was not triggered as well as non-legitimate reasons.,E/M level / CPT coding,False,False
ADDITIONAL_EM_CODE,This table holds all information related to additional evaluation and management (E/M) codes.,AR_EM_CODE_DX,VARCHAR,False,False,The associated diagnosis information for additional E/M code data generated by an AR interface.,E/M level / CPT coding,False,False
ALT_PRC_DIAGNOSES,Diagnoses that are associated with Drug-Disease alerts.,ALERT_ID,NUMERIC,False,False,This column stores the unique identifier of the alert record. You could link it to ALERT.ALT_ID to get patient and vendor information in table ALERT.,ICD-10 / Diagnosis coding,False,True
ALT_PRC_DIAGNOSES,Diagnoses that are associated with Drug-Disease alerts.,CONTACT_DATE_REAL,FLOAT,False,False,This is a numeric representation of the date of this encounter in your system. The integer portion of the number specifies the date of the encounter. The digits after the decimal point indicate multiple visits on one day.,ICD-10 / Diagnosis coding,False,True
ALT_PRC_DIAGNOSES,Diagnoses that are associated with Drug-Disease alerts.,LINE,INTEGER,False,False,The Line Count,ICD-10 / Diagnosis coding,False,True
ALT_PRC_DIAGNOSES,Diagnoses that are associated with Drug-Disease alerts.,CONTACT_DATE,DATETIME,False,False,The date on which the encounter took place.,ICD-10 / Diagnosis coding,True,False
ALT_PRC_DIAGNOSES,Diagnoses that are associated with Drug-Disease alerts.,PRC_DIAGNOSES_ID_DX_NAME,VARCHAR,False,False,The name of the diagnosis.,ICD-10 / Diagnosis coding,False,False
ANTICOAG_TRTMNT_DX,This table tracks anticoagulation therapy medications taken prior to diagnosis.,PROBLEM_LIST_ID,NUMERIC,False,False,The unique identifier for the problem record.,ICD-10 / Diagnosis coding,False,True
ANTICOAG_TRTMNT_DX,This table tracks anticoagulation therapy medications taken prior to diagnosis.,LINE,INTEGER,False,False,The line number for the information associated with this record. Multiple pieces of information can be associated with this record.,ICD-10 / Diagnosis coding,False,True
ANTICOAG_TRTMNT_DX,This table tracks anticoagulation therapy medications taken prior to diagnosis.,ANTICOAG_PRE_DX_C_NAME,VARCHAR,True,False,This item tracks anticoagulation therapy medications taken prior to diagnosis.,ICD-10 / Diagnosis coding,False,False
APPEAL_GRV,This table contains information about an individual appeal or grievance.,APPEAL_GRV_ID,NUMERIC,False,False,The unique identifier (.1 item) for the appeal/grievance record.,Claims / Denials,False,True
APPEAL_GRV,This table contains information about an individual appeal or grievance.,CM_PHY_OWNER_ID,VARCHAR,False,False,The Community ID (CID) of the instance that owns this record or line. This is only populated if you use IntraConnect.,Claims / Denials,False,False
APPEAL_GRV,This table contains information about an individual appeal or grievance.,CM_LOG_OWNER_ID,VARCHAR,False,False,The Community ID (CID) of the instance from which this record or line was extracted. This is only populated if you use IntraConnect.,Claims / Denials,False,False
APPEAL_GRV,This table contains information about an individual appeal or grievance.,RECORD_STATUS_C_NAME,VARCHAR,False,False,"Stores the record status (hidden, soft-deleted, etc.).",Claims / Denials,False,False
APPEAL_GRV,This table contains information about an individual appeal or grievance.,APPEAL_GRV_TYPE_C_NAME,VARCHAR,False,False,The type of request this record represents. This is either an appeal or grievance.,Claims / Denials,False,False
APPEAL_GRV,This table contains information about an individual appeal or grievance.,SERIES_IDENTIFIER,VARCHAR,False,False,The series ID for the appeal/grievance. This value is shared across levels of appeal/grievance.,Claims / Denials,False,False
APPEAL_GRV,This table contains information about an individual appeal or grievance.,EXTERNAL_IDENTIFIER,VARCHAR,False,False,The identifier assigned to an appeal/grievance by an external entity.,Claims / Denials,False,False
APPEAL_GRV,This table contains information about an individual appeal or grievance.,INITIATED_BY_TYPE_C_NAME,VARCHAR,False,False,The type of person which initiated the appeal or grievance.,Claims / Denials,False,False
APPEAL_GRV,This table contains information about an individual appeal or grievance.,INITIATING_PROV_ID_PROV_NAME,VARCHAR,False,False,The name of the service provider. This item may be hidden in a public view of the CLARITY_SER table.,Claims / Denials,False,False
APPEAL_GRV,This table contains information about an individual appeal or grievance.,INITIATING_REP_MEM_RESP_GUID,VARCHAR,False,False,If this record was initiated by an authorized representative this stores their Member Responsible GUID from the member's coverage.,Claims / Denials,False,False
APPEAL_GRV,This table contains information about an individual appeal or grievance.,SUBMISSION_METHOD_C_NAME,VARCHAR,False,False,How this appeal or grievance was submitted.,Claims / Denials,False,False
APPEAL_GRV,This table contains information about an individual appeal or grievance.,REVIEW_LEVEL_C_NAME,VARCHAR,False,False,The level of review within the appeals process.,Claims / Denials,False,False
APPEAL_GRV,This table contains information about an individual appeal or grievance.,PAT_ID,VARCHAR,False,False,The member associated with the appeal or grievance.,Claims / Denials,False,False
APPEAL_GRV,This table contains information about an individual appeal or grievance.,APPEAL_SUBJECT_TYPE_C_NAME,VARCHAR,False,False,What the appeal was filed about. This is either an authorization or a claim.,Claims / Denials,False,False
APPEAL_GRV,This table contains information about an individual appeal or grievance.,SUBJECT_AUTH_REQUEST_ID,NUMERIC,False,False,Authorization that is being appealed or grieved about.,Claims / Denials,False,False
APPEAL_GRV,This table contains information about an individual appeal or grievance.,SUBJECT_CLAIM_ID,NUMERIC,False,False,The claim that the grievance is about.,Claims / Denials,False,False
APPEAL_GRV,This table contains information about an individual appeal or grievance.,RESULT_AUTH_REQUEST_ID,NUMERIC,False,False,The authorization created to effectuate the appeal decision in Epic.,Claims / Denials,False,False
APPEAL_GRV,This table contains information about an individual appeal or grievance.,RESULT_CLAIM_ID,NUMERIC,False,False,"This column has been replaced by column RESULT_CLAIM_ID (TAG/430) in the table APPEAL_GRV_SUBJECT_RESULT. If the conversion has not run for this appeal, then this column will store the resulting claim for the appeal.",Claims / Denials,False,False
APPEAL_GRV,This table contains information about an individual appeal or grievance.,RECORD_CREATE_UTC_DTTM,DATETIME (UTC),False,False,The instant that this record was created.,Claims / Denials,False,False
APPEAL_GRV,This table contains information about an individual appeal or grievance.,RECORD_CREATE_USER_ID,VARCHAR,False,False,The unique ID of the user who created this record.,Claims / Denials,False,False
APPEAL_GRV,This table contains information about an individual appeal or grievance.,RECORD_CREATE_USER_ID_NAME,VARCHAR,False,False,The name of the user record. This name may be hidden.,Claims / Denials,False,False
APPEAL_GRV,This table contains information about an individual appeal or grievance.,URGENCY_C_NAME,VARCHAR,False,False,The urgency of the appeal or grievance.,Claims / Denials,False,False
APPEAL_GRV,This table contains information about an individual appeal or grievance.,SUBMISSION_OVRIDE_UTC_DTTM,DATETIME (UTC),False,False,"If Submission System Instant (UTC) (I TAG 10010) is incorrect, this stores the override. Stored in UTC.",Claims / Denials,False,False
APPEAL_GRV,This table contains information about an individual appeal or grievance.,DECISION_SYS_UTC_DTTM,DATETIME (UTC),False,False,The system calculated date and time that a decision was made for the appeal or grievance. Stored in UTC.,Claims / Denials,False,False
APPEAL_GRV,This table contains information about an individual appeal or grievance.,DECISION_USER_ID,VARCHAR,False,False,The unique ID of the user that finalized the appeal decision.,Claims / Denials,False,False
APPEAL_GRV,This table contains information about an individual appeal or grievance.,DECISION_USER_ID_NAME,VARCHAR,False,False,The name of the user record. This name may be hidden.,Claims / Denials,False,False
APPEAL_GRV,This table contains information about an individual appeal or grievance.,DECISION_OVRIDE_UTC_DTTM,DATETIME (UTC),False,False,"If the System Calculated Decision Instant (UTC) (I TAG 10100) is incorrect, this will store the override. Stored in UTC.",Claims / Denials,False,False
APPEAL_GRV,This table contains information about an individual appeal or grievance.,APPEAL_DECISION_C_NAME,VARCHAR,False,False,The decision for the appeal.,Claims / Denials,False,False
APPEAL_GRV,This table contains information about an individual appeal or grievance.,TIMEFRAME_START_UTC_DTTM,DATETIME (UTC),False,False,The earliest date and time across all relevant timeliness standards that the clock for processing the appeal ot grievance begins based on the table APPEAL_GRV_TAT_MILESTONES. Stored in UTC.,Claims / Denials,False,False
APPEAL_GRV,This table contains information about an individual appeal or grievance.,SUBMISSION_RPT_UTC_DTTM,DATETIME (UTC),False,False,"The compiled date and time an appeal or grievance was submitted to the organization. Equal to the Organization Submission instant (UTC) - Override (I TAG 10011) if it is set, otherwise Organization Submission instant (UTC) (I TAG 10010). Stored in UTC.",Claims / Denials,False,False
APPEAL_GRV,This table contains information about an individual appeal or grievance.,SUBMISSION_SYS_UTC_DTTM,DATETIME (UTC),False,False,The system calculated date and time that the appeal or grievance was submitted to the organization. Stored in UTC.,Claims / Denials,False,False
APPEAL_GRV,This table contains information about an individual appeal or grievance.,EXP_REQ_REC_UTC_DTTM,DATETIME (UTC),False,False,The date and time the request to expedite was received. Stored in UTC.,Claims / Denials,False,False
APPEAL_GRV,This table contains information about an individual appeal or grievance.,WAS_UPGRADED_TO_EXP_YN,VARCHAR,False,False,"Indicates whether the urgency was changed from standard to expedited for this appeal or grievance. 'Y' indicates that the appeal or grievance was initially submitted with a standard urgency and then later upgraded to an expedited urgency. 'N' or NULL indicates that either the appeal or grievance was initially submitted with an expedited urgency, or the appeal or grievance was initially submitted with a standard priority, and the priority is still standard.",Claims / Denials,False,False
APPEAL_GRV,This table contains information about an individual appeal or grievance.,EXP_REQ_DEC_UTC_DTTM,DATETIME (UTC),False,False,The date and time that a decision was made on whether to upgrade the appeal or grievance to an expedited priority. Stored in UTC.,Claims / Denials,False,False
APPEAL_GRV,This table contains information about an individual appeal or grievance.,EXT_REQ_REC_UTC_DTTM,DATETIME (UTC),False,False,The date and time the request to extend the timeframe was received. Stored in UTC.,Claims / Denials,False,False
APPEAL_GRV,This table contains information about an individual appeal or grievance.,EXT_DAYS,NUMERIC,False,False,The number of days the deadline for the appeal or grievance was extended.,Claims / Denials,False,False
APPEAL_GRV,This table contains information about an individual appeal or grievance.,EXT_REQ_DEC_UTC_DTTM,DATETIME (UTC),False,False,The date and time the decision was made on whether to extend the timeframe. Stored in UTC.,Claims / Denials,False,False
APPEAL_GRV,This table contains information about an individual appeal or grievance.,EXT_MAX_DAYS,NUMERIC,False,False,The maximum number of days the deadline can be extended.,Claims / Denials,False,False
APPEAL_GRV,This table contains information about an individual appeal or grievance.,EFFECT_SYS_UTC_DTTM,DATETIME (UTC),False,False,The system calculated date and time for when the appeal was effectuated. Stored in UTC.,Claims / Denials,False,False
APPEAL_GRV,This table contains information about an individual appeal or grievance.,EFFECT_OVR_UTC_DTTM,DATETIME (UTC),False,False,"If Effectuation System Instant (UTC) (I TAG 10050) is incorrect, this will store the override. Stored in UTC.",Claims / Denials,False,False
APPEAL_GRV,This table contains information about an individual appeal or grievance.,EFFECT_RPT_UTC_DTTM,DATETIME (UTC),False,False,"The compiled date and time an was effectuated. Equal to the Effectuation override instant (UTC) (I TAG 10051) if it is set, otherwise Effectuation system instant (UTC) (I TAG 10050). Stored in UTC.",Claims / Denials,False,False
APPEAL_GRV,This table contains information about an individual appeal or grievance.,EFFECT_DUE_UTC_DTTM,DATETIME (UTC),False,False,The date and time an appeal must be effectuated in order to stay compliant with all timeliness standards. Stored in UTC.,Claims / Denials,False,False
APPEAL_GRV,This table contains information about an individual appeal or grievance.,OVERALL_DUE_UTC_DTTM,DATETIME (UTC),False,False,The date and time that the appeal or grievance must be fully completed in order to stay compliant with all timeliness standards. Stored in UTC.,Claims / Denials,False,False
APPEAL_GRV,This table contains information about an individual appeal or grievance.,DECISION_RPT_UTC_DTTM,DATETIME (UTC),False,False,"The date and time that a decision was made for an appeal or grievance. Equal to Decision Instant (UTC) - Override (I TAG 10101) if it is set, otherwise Decision Instant (UTC) (I TAG 10100). Stored in UTC.",Claims / Denials,False,False
APPEAL_GRV,This table contains information about an individual appeal or grievance.,DECISION_DUE_UTC_DTTM,DATETIME (UTC),False,False,The date and time a decision must be made on an appeal or grievance in order to stay compliant with all timeliness standards. Stored in UTC.,Claims / Denials,False,False
APPEAL_GRV,This table contains information about an individual appeal or grievance.,TAT_SYS_TIME_ZONE_C_NAME,VARCHAR,False,False,The system calculated time zone category ID to use for TAT calculations based on the time zone of where the appeal/grievance record was created.,Claims / Denials,False,False
APPEAL_GRV,This table contains information about an individual appeal or grievance.,TAT_OVR_TIME_ZONE_C_NAME,VARCHAR,False,False,"If TAT system time zone (I TAG 10500) is incorrect, this will store the category ID of the override.",Claims / Denials,False,False
APPEAL_GRV,This table contains information about an individual appeal or grievance.,TAT_RPT_TIME_ZONE_C_NAME,VARCHAR,False,False,"The compiled time zone category ID to use for TAT calculations. Equal to TAT Override Time Zone (I TAG 10501) if it is set, otherwise TAT System Time Zone (I TAG 10500).",Claims / Denials,False,False
APPEAL_GRV,This table contains information about an individual appeal or grievance.,TIMEFRAME_START_LOCAL_DTTM,DATETIME (Attached),False,False,The earliest date and time across all relevant timeliness standards that the clock for processing the appeal or grievance begins based on the table APPEAL_GRV_TAT_MILESTONES. Stored in the time zone determined by column TAT_RPT_TIME_ZONE_C.,Claims / Denials,False,False
APPEAL_GRV,This table contains information about an individual appeal or grievance.,SUBMISSION_SYS_LOCAL_DTTM,DATETIME (Attached),False,False,The system calculated date and time that the appeal or grievance was submitted to the organization. Stored in the time zone determined by column TAT_RPT_TIME_ZONE_C.,Claims / Denials,False,False
APPEAL_GRV,This table contains information about an individual appeal or grievance.,SUBMISSION_OVR_LOCAL_DTTM,DATETIME (Attached),False,False,"If Submission System Instant (I TAG 10910) is incorrect, this stores the override. Stored in the time zone determined by column TAT_RPT_TIME_ZONE_C.",Claims / Denials,False,False
APPEAL_GRV,This table contains information about an individual appeal or grievance.,SUBMISSION_RPT_LOCAL_DTTM,DATETIME (Attached),False,False,"The compiled date and time an appeal or grievance was submitted to the organization. Equal to the Organization Submission instant - Override (I TAG 10911) if it is set, otherwise Organization Submission instant (I TAG 10910). Stored in the time zone determined by column TAT_RPT_TIME_ZONE_C.",Claims / Denials,False,False
APPEAL_GRV,This table contains information about an individual appeal or grievance.,EXP_REQ_REC_LOCAL_DTTM,DATETIME (Attached),False,False,The date and time the request to expedite was received. Stored in the time zone determined by column TAT_RPT_TIME_ZONE_C.,Claims / Denials,False,False
APPEAL_GRV,This table contains information about an individual appeal or grievance.,EXP_DEC_LOCAL_DTTM,DATETIME (Attached),False,False,The date and time that a decision was made on whether to upgrade the appeal or grievance to an expedited priority. Stored in the time zone determined by column TAT_RPT_TIME_ZONE_C.,Claims / Denials,False,False
APPEAL_GRV,This table contains information about an individual appeal or grievance.,EXT_REQ_LOCAL_DTTM,DATETIME (Attached),False,False,The date and time the request to extend the timeframe was received. Stored in the time zone determined by column TAT_RPT_TIME_ZONE_C.,Claims / Denials,False,False
APPEAL_GRV,This table contains information about an individual appeal or grievance.,EXT_DEC_LOCAL_DTTM,DATETIME (Attached),False,False,The date and time the decision was made on whether to extend the timeframe. Stored in the time zone determined by column TAT_RPT_TIME_ZONE_C.,Claims / Denials,False,False
APPEAL_GRV,This table contains information about an individual appeal or grievance.,EFFECT_SYS_LOCAL_DTTM,DATETIME (Attached),False,False,The system calculated date and time for when the appeal was effectuated. Stored in the time zone determined by column TAT_RPT_TIME_ZONE_C.,Claims / Denials,False,False
APPEAL_GRV,This table contains information about an individual appeal or grievance.,EFFECT_OVR_LOCAL_DTTM,DATETIME (Attached),False,False,"If Effectuation System Instant (I TAG 10950) is incorrect, this will store the override. Stored in the time zone determined by column TAT_RPT_TIME_ZONE_C.",Claims / Denials,False,False
APPEAL_GRV,This table contains information about an individual appeal or grievance.,EFFECT_RPT_LOCAL_DTTM,DATETIME (Local),False,False,"The compiled date and time an appeal was effectuated. Equal to the Effectuation override instant (I TAG 10951) if it is set, otherwise Effectuation system instant (I TAG 10950). Stored in the time zone determined by column TAT_RPT_TIME_ZONE_C.",Claims / Denials,False,False
APPEAL_GRV,This table contains information about an individual appeal or grievance.,EFFECT_DUE_LOCAL_DTTM,DATETIME (Attached),False,False,The date and time an appeal must be effectuated in order to stay compliant with all timeliness standards. Stored in the time zone determined by column TAT_RPT_TIME_ZONE_C.,Claims / Denials,False,False
APPEAL_GRV,This table contains information about an individual appeal or grievance.,OVERALL_DUE_LOCAL_DTTM,DATETIME (Attached),False,False,The date and time that the appeal or grievance must be fully completed in order to stay compliant with all timeliness standards. Stored in the time zone determined by column TAT_RPT_TIME_ZONE_C.,Claims / Denials,False,False
APPEAL_GRV,This table contains information about an individual appeal or grievance.,DECISION_LOCAL_DTTM,DATETIME (Attached),False,False,The system calculated date and time that a decision was made for the appeal or grievance. Stored in the time zone determined by column TAT_RPT_TIME_ZONE_C.,Claims / Denials,False,False
APPEAL_GRV,This table contains information about an individual appeal or grievance.,DECISION_OVR_LOCAL_DTTM,DATETIME (Attached),False,False,"If the System Calculated Decision Instant (I TAG 10990) is incorrect, this will store the override. Stored in the time zone determined by column TAT_RPT_TIME_ZONE_C.",Claims / Denials,False,False
APPEAL_GRV,This table contains information about an individual appeal or grievance.,DECISION_RPT_LOCAL_DTTM,DATETIME (Attached),False,False,"The date and time that a decision was made for an appeal or grievance. Equal to Decision Instant - Override (I TAG 10991) if it is set, otherwise Decision Instant (I TAG 10990). Stored in the time zone determined by column TAT_RPT_TIME_ZONE_C.",Claims / Denials,False,False
APPEAL_GRV,This table contains information about an individual appeal or grievance.,DECISION_DUE_LOCAL_DTTM,DATETIME (Attached),False,False,The date and time a decision must be made on an appeal or grievance in order to stay compliant with all timeliness standards. Stored in the time zone determined by column TAT_RPT_TIME_ZONE_C.,Claims / Denials,False,False
APPEAL_GRV,This table contains information about an individual appeal or grievance.,GRIEVANCE_SUBJECT_TYPE_C_NAME,VARCHAR,True,False,The subject type category ID for the grievance. This specifies what the grievance is about.,Claims / Denials,False,False
APPEAL_GRV,This table contains information about an individual appeal or grievance.,REASON_FOR_GRIEVANCE_C_NAME,VARCHAR,True,False,The reason category ID for the grievance.,Claims / Denials,False,False
APPEAL_GRV,This table contains information about an individual appeal or grievance.,SUBJECT_APPEAL_APPEAL_GRV_ID,NUMERIC,False,False,The unique ID of the appeal that is the subject of this grievance.,Claims / Denials,False,False
APPEAL_GRV,This table contains information about an individual appeal or grievance.,SUBJECT_GRIEVANC_APPEAL_GRV_ID,NUMERIC,False,False,The unique ID of the grievance that is the subject of this grievance.,Claims / Denials,False,False
APPEAL_GRV,This table contains information about an individual appeal or grievance.,SUBJECT_PROV_ID_PROV_NAME,VARCHAR,False,False,The name of the service provider. This item may be hidden in a public view of the CLARITY_SER table.,Claims / Denials,False,False
APPEAL_GRV,This table contains information about an individual appeal or grievance.,SUBJECT_FACILITY_ID_LOC_NAME,VARCHAR,False,False,The name of the revenue location.,Claims / Denials,False,False
APPEAL_GRV,This table contains information about an individual appeal or grievance.,SUBJECT_EMPLOYEE_USER_ID,VARCHAR,False,False,The unique ID of the employee that is the subject of this grievance.,Claims / Denials,False,False
APPEAL_GRV,This table contains information about an individual appeal or grievance.,SUBJECT_EMPLOYEE_USER_ID_NAME,VARCHAR,False,False,The name of the user record. This name may be hidden.,Claims / Denials,False,False
APPEAL_GRV,This table contains information about an individual appeal or grievance.,SUBJECT_RESOURCE_PROV_ID_PROV_NAME,VARCHAR,False,False,The name of the service provider. This item may be hidden in a public view of the CLARITY_SER table.,Claims / Denials,False,False
APPEAL_GRV,This table contains information about an individual appeal or grievance.,SUBJECT_LOC_ID_LOC_NAME,VARCHAR,False,False,The name of the revenue location.,Claims / Denials,False,False
APPEAL_GRV,This table contains information about an individual appeal or grievance.,SUBJECT_POS_ID_LOC_NAME,VARCHAR,False,False,The name of the revenue location.,Claims / Denials,False,False
APPEAL_GRV,This table contains information about an individual appeal or grievance.,SUBJECT_BUS_SEG_POS_ID_LOC_NAME,VARCHAR,False,False,The name of the revenue location.,Claims / Denials,False,False
APPEAL_GRV,This table contains information about an individual appeal or grievance.,SUBJECT_REGION_ID_LOC_NAME,VARCHAR,False,False,The name of the revenue location.,Claims / Denials,False,False
APPEAL_GRV,This table contains information about an individual appeal or grievance.,SUBJECT_GROUP_ID_LOC_NAME,VARCHAR,False,False,The name of the revenue location.,Claims / Denials,False,False
APPEAL_GRV,This table contains information about an individual appeal or grievance.,SUBJECT_COVERAGE_ID,NUMERIC,False,False,The unique ID of the coverage related to this grievance.,Claims / Denials,False,False
APPEAL_GRV,This table contains information about an individual appeal or grievance.,GRIEVANCE_INCIDENT_UTC_DTTM,DATETIME (UTC),False,False,The UTC date and time that the incident occurred for this grievance.,Claims / Denials,False,False
APPEAL_GRV,This table contains information about an individual appeal or grievance.,GRIEVANCE_INCIDENT_LOCAL_DTTM,DATETIME (Attached),False,False,The local date and time that the incident occurred for this grievance. Stored in the time zone determined by column TAT_RPT_TIME_ZONE_C.,Claims / Denials,False,False
APPEAL_GRV,This table contains information about an individual appeal or grievance.,EXTENSION_INITIATED_BY_TYPE_C_NAME,VARCHAR,False,False,"Whether the extension was initiated by the health plan, or the appeal or grievance submitter.",Claims / Denials,False,False
APPEAL_GRV,This table contains information about an individual appeal or grievance.,DECISION_OVR_USER_ID,VARCHAR,False,False,"If the Decision User ID System (I TAG 10103) is incorrect, this will store the override value.",Claims / Denials,False,False
APPEAL_GRV,This table contains information about an individual appeal or grievance.,DECISION_OVR_USER_ID_NAME,VARCHAR,False,False,The name of the user record. This name may be hidden.,Claims / Denials,False,False
APPEAL_GRV,This table contains information about an individual appeal or grievance.,DECISION_RPT_USER_ID,VARCHAR,False,False,Stores the Decision User ID Override (I TAG 10104) if it is set. Otherwise stores the Decision User ID System (I TAG 10103).,Claims / Denials,False,False
APPEAL_GRV,This table contains information about an individual appeal or grievance.,DECISION_RPT_USER_ID_NAME,VARCHAR,False,False,The name of the user record. This name may be hidden.,Claims / Denials,False,False
APPEAL_GRV,This table contains information about an individual appeal or grievance.,LATE_FILING_RCV_UTC_DTTM,DATETIME (UTC),False,False,"The instant, in UTC, when the reasons for late filing were received.",Claims / Denials,False,False
APPEAL_GRV,This table contains information about an individual appeal or grievance.,FILED_ON_TIME_C_NAME,VARCHAR,True,False,The on time status category ID for the appeal/grievance.,Claims / Denials,False,False
APPEAL_GRV,This table contains information about an individual appeal or grievance.,AG_REVIEW_TYPE_C_NAME,VARCHAR,False,False,If the appeal/grievance is being reviewed internally or externally.,Claims / Denials,False,False
APPEAL_GRV,This table contains information about an individual appeal or grievance.,REVIEW_AGENCY_ID,VARCHAR,False,False,The unique ID of the agency responsible for processing the appeal/grievance.,Claims / Denials,False,False
APPEAL_GRV,This table contains information about an individual appeal or grievance.,REVIEW_AGENCY_ID_AGENCY_NAME,VARCHAR,False,False,The name of the agency.,Claims / Denials,False,False
APPEAL_GRV,This table contains information about an individual appeal or grievance.,CASE_SENT_REVW_ENTITY_UTC_DTTM,DATETIME (UTC),False,False,The UTC date and time that the appeal/grievance case file information was sent to the review entity.,Claims / Denials,False,False
APPEAL_GRV,This table contains information about an individual appeal or grievance.,CASE_SENT_REVW_ENTY_LOCAL_DTTM,DATETIME (Attached),False,False,The local date and time that the appeal/grievance case file information was sent to the review entity. Stored in the time zone determined by column TAT_RPT_TIME_ZONE_C.,Claims / Denials,False,False
APPEAL_GRV,This table contains information about an individual appeal or grievance.,COVERAGE_ID,NUMERIC,False,False,The unique ID of the coverage associated with the appeal or grievance.,Claims / Denials,False,False
APPEAL_GRV,This table contains information about an individual appeal or grievance.,PAYER_ID_PAYOR_NAME,VARCHAR,False,False,The name of the payor.,Claims / Denials,False,False
APPEAL_GRV,This table contains information about an individual appeal or grievance.,BENEFIT_PLAN_ID_BENEFIT_PLAN_NAME,VARCHAR,False,False,The name of the benefit plan record.,Claims / Denials,False,False
APPEAL_GRV,This table contains information about an individual appeal or grievance.,LOB_ID,VARCHAR,False,False,The unique ID of the line of business associated with the appeal or grievance.,Claims / Denials,False,False
APPEAL_GRV,This table contains information about an individual appeal or grievance.,LOB_ID_LOB_NAME,VARCHAR,False,False,The name of the line of business record.,Claims / Denials,False,False
APPEAL_GRV,This table contains information about an individual appeal or grievance.,MC_PEER_GROUP_C_NAME,VARCHAR,False,False,The category ID of the managed care peer group of the coverage associated with the appeal or grievance.,Claims / Denials,False,False
APPEAL_GRV,This table contains information about an individual appeal or grievance.,REGION_ID_LOC_NAME,VARCHAR,False,False,The name of the revenue location.,Claims / Denials,False,False
APPEAL_GRV,This table contains information about an individual appeal or grievance.,MEDICAL_GROUP_ID_LOC_NAME,VARCHAR,False,False,The name of the revenue location.,Claims / Denials,False,False
APPEAL_GRV,This table contains information about an individual appeal or grievance.,SUBJECT_FREE_TEXT,VARCHAR,False,False,Stores the name and/or the ID of the subject of the appeal/grievance if the subject is not a record in Epic.,Claims / Denials,False,False
APPEAL_GRV_2,This table contains information about an individual appeal or grievance as an extension of APPEAL_GRV.,APPEAL_GRV_ID,NUMERIC,False,False,The unique identifier (.1 item) for the appeal/grievance record.,Claims / Denials,False,True
APPEAL_GRV_2,This table contains information about an individual appeal or grievance as an extension of APPEAL_GRV.,NEXT_OUTST_DECISION_UTC_DTTM,DATETIME (UTC),False,False,"The date and time of the earliest outstanding decision due requirement, in UTC. If there are no outstanding decision due requirements, this item will be null.",Claims / Denials,False,False
APPEAL_GRV_2,This table contains information about an individual appeal or grievance as an extension of APPEAL_GRV.,NEXT_OUTST_DECISION_LOCAL_DTTM,DATETIME (Attached),False,False,"The date and time of the earliest outstanding decision due requirement. If there are no outstanding decision due requirements, this item will be null. Stored in the time zone determined by column APPEAL_GRV.TAT_RPT_TIME_ZONE_C.",Claims / Denials,False,False
APPEAL_GRV_2,This table contains information about an individual appeal or grievance as an extension of APPEAL_GRV.,NEXT_OUTST_EFFECT_UTC_DTTM,DATETIME (UTC),False,False,"The date and time of the earliest outstanding effectuation due requirement, in UTC. If there are no outstanding effectuation due requirements, this item will be null.",Claims / Denials,False,False
APPEAL_GRV_2,This table contains information about an individual appeal or grievance as an extension of APPEAL_GRV.,NEXT_OUTST_EFFECT_LOCAL_DTTM,DATETIME (Attached),False,False,"The date and time of the earliest outstanding effectuation due requirement. If there are no outstanding effectuation due requirements, this item will be null. Stored in the time zone determined by column APPEAL_GRV.TAT_RPT_TIME_ZONE_C.",Claims / Denials,False,False
APPEAL_GRV_2,This table contains information about an individual appeal or grievance as an extension of APPEAL_GRV.,NEXT_OUTST_NOTIF_UTC_DTTM,DATETIME (UTC),False,False,"The date and time of the earliest outstanding notification due requirement, in UTC. If there are no outstanding notification due requirements, this item will be null.",Claims / Denials,False,False
APPEAL_GRV_2,This table contains information about an individual appeal or grievance as an extension of APPEAL_GRV.,NEXT_OUTST_NOTIF_LOCAL_DTTM,DATETIME (Attached),False,False,"The date and time of the earliest outstanding notification due requirement. If there are no outstanding notification due requirements, this item will be null. Stored in the time zone determined by column APPEAL_GRV.TAT_RPT_TIME_ZONE_C.",Claims / Denials,False,False
APPEAL_GRV_2,This table contains information about an individual appeal or grievance as an extension of APPEAL_GRV.,REQUIREMENTS_COMP_UTC_DTTM,DATETIME (UTC),False,False,"The instant when all required decision, effectuation, and notification requirements were met, in UTC.",Claims / Denials,False,False
APPEAL_GRV_2,This table contains information about an individual appeal or grievance as an extension of APPEAL_GRV.,REQUIREMENTS_COMP_LOCAL_DTTM,DATETIME (Attached),False,False,"The instant when all required decision, effectuation, and notification requirements were met. Stored in the time zone determined by column APPEAL_GRV.TAT_RPT_TIME_ZONE_C.",Claims / Denials,False,False
APPEAL_GRV_2,This table contains information about an individual appeal or grievance as an extension of APPEAL_GRV.,DECISION_ON_TIME_C_NAME,VARCHAR,False,False,The on time status category ID of decision timeliness requirements.,Claims / Denials,False,False
APPEAL_GRV_2,This table contains information about an individual appeal or grievance as an extension of APPEAL_GRV.,EFFECTUATION_ON_TIME_C_NAME,VARCHAR,False,False,The on time status category ID of effectuation timeliness requirements.,Claims / Denials,False,False
APPEAL_GRV_2,This table contains information about an individual appeal or grievance as an extension of APPEAL_GRV.,NOTIFICATIONS_ON_TIME_C_NAME,VARCHAR,False,False,The on time status category ID of notification timeliness requirements.,Claims / Denials,False,False
APPEAL_GRV_2,This table contains information about an individual appeal or grievance as an extension of APPEAL_GRV.,OVERALL_ON_TIME_C_NAME,VARCHAR,False,False,"The overall on time status category ID of the appeal or grievance, including decision, effectuation, and notification requirements.",Claims / Denials,False,False
APPEAL_GRV_2,This table contains information about an individual appeal or grievance as an extension of APPEAL_GRV.,APPEAL_GRV_WKFL_STEP_C_NAME,VARCHAR,False,False,The current workflow step category ID for the Appeal or Grievance,Claims / Denials,False,False
APPEAL_GRV_2,This table contains information about an individual appeal or grievance as an extension of APPEAL_GRV.,PAT_ENC_CSN_ID,NUMERIC,False,False,"The unique contact serial number for the patient contact associated with this appeal or grievance used to associate notes. This number is unique across all patient encounters in your system. If you use IntraConnect, this is the Unique Contact Identifier (UCI).",Claims / Denials,False,False
APPEAL_GRV_2,This table contains information about an individual appeal or grievance as an extension of APPEAL_GRV.,FILED_LATE_EXCPTNS_ALLOWED_YN,VARCHAR,False,False,Whether exceptions to the timely filing timeframe can be made for any applicable timeliness standard.,Claims / Denials,False,False
APPEAL_GRV_2,This table contains information about an individual appeal or grievance as an extension of APPEAL_GRV.,FILED_LATE_OVERRIDE_YN,VARCHAR,False,False,"Used if the appeal/grievance was filed late, but the system is not automatically marking it as late. Yes means the appeal/grievance was filed outside of the filing timeframe, no or blank means it was not, or the system was able to automatically determine the status in FILED_ON_TIME_C.",Claims / Denials,False,False
APPEAL_GRV_2,This table contains information about an individual appeal or grievance as an extension of APPEAL_GRV.,DISMISSED_YN,VARCHAR,False,False,Stores whether the appeal/grievance was dismissed.,Claims / Denials,False,False
APPEAL_GRV_2,This table contains information about an individual appeal or grievance as an extension of APPEAL_GRV.,NEXT_OUTST_ACTION_UTC_DTTM,DATETIME (UTC),False,False,"The date and time of the earliest outstanding required action, in UTC. If there are no outstanding required actions, this item will be null.",Claims / Denials,False,False
APPEAL_GRV_2,This table contains information about an individual appeal or grievance as an extension of APPEAL_GRV.,NEXT_OUTST_ACTION_LOCAL_DTTM,DATETIME (Attached),False,False,"The date and time of the earliest outstanding required action. If there are no outstanding required actions, this item will be null. Stored in the time zone determined by column APPEAL_GRV.TAT_RPT_TIME_ZONE_C.",Claims / Denials,False,False
APPEAL_GRV_2,This table contains information about an individual appeal or grievance as an extension of APPEAL_GRV.,CURRENT_REQUESTED_URGENCY_C_NAME,VARCHAR,False,False,The current requested urgency category ID for the appeal or grievance.,Claims / Denials,False,False
APPEAL_GRV_2,This table contains information about an individual appeal or grievance as an extension of APPEAL_GRV.,REQUESTED_EXP_PROCESSED_STD_YN,VARCHAR,False,False,"Indicates whether an expedited urgency was requested, but not granted. 'Y' indicates that there was an expedite request, but the appeal or grievance was still processed on standard timelines. 'N' or NULL indicates that the appeal or grievance was processed as expedited, or there were no requests to expedite.",Claims / Denials,False,False
APPEAL_GRV_2,This table contains information about an individual appeal or grievance as an extension of APPEAL_GRV.,MEM_OUT_ORAL_NOTIF_UTC_DTTM,DATETIME (UTC),False,False,The UTC date/time that the member was verbally notified of the outcome of the appeal/grievance.,Claims / Denials,False,False
APPEAL_GRV_2,This table contains information about an individual appeal or grievance as an extension of APPEAL_GRV.,MEM_OUT_ORAL_NOTIF_LOCAL_DTTM,DATETIME (Attached),False,False,The local date/time that the member was verbally notified of the outcome of the appeal/grievance. Stored in the time zone determined by column APPEAL_GRV.TAT_RPT_TIME_ZONE_C.,Claims / Denials,False,False
APPEAL_GRV_2,This table contains information about an individual appeal or grievance as an extension of APPEAL_GRV.,MEM_OUT_WRIT_NOTIF_UTC_DTTM,DATETIME (UTC),False,False,The UTC date/time that the member was notified of the outcome of the appeal/grievance in writing. This includes mail lag if it is configured in the Mail Department activity.,Claims / Denials,False,False
APPEAL_GRV_2,This table contains information about an individual appeal or grievance as an extension of APPEAL_GRV.,MEM_OUT_WRIT_NOTIF_LOCAL_DTTM,DATETIME (Attached),False,False,The local date/time that the member was notified of the outcome of the appeal/grievance in writing. This includes mail lag if it is configured in the Mail Department activity. Stored in the time zone determined by column APPEAL_GRV.TAT_RPT_TIME_ZONE_C.,Claims / Denials,False,False
APPEAL_GRV_2,This table contains information about an individual appeal or grievance as an extension of APPEAL_GRV.,QUEUED_COMPLETE_USER_ID,VARCHAR,False,False,The unique ID of the user that attempted to advance from the Finalize workflow step to the Completed workflow step and queued this appeal/grievance for auto-completion.,Claims / Denials,False,False
APPEAL_GRV_2,This table contains information about an individual appeal or grievance as an extension of APPEAL_GRV.,QUEUED_COMPLETE_USER_ID_NAME,VARCHAR,False,False,The name of the user record. This name may be hidden.,Claims / Denials,False,False
APPEAL_GRV_2,This table contains information about an individual appeal or grievance as an extension of APPEAL_GRV.,COMPLETED_UTC_DTTM,DATETIME (UTC),False,False,"The UTC datetime that the workflow step (APPEAL_GRV_2.APPEAL_GRV_WKFL_STEP_C) of this appeal or grievance was advanced from the Finalize workflow step to the Completed workflow step (in UTC). Even if this appeal or grievance was previously queued for auto-completion, this is when the workflow step was actually changed.",Claims / Denials,False,False
APPEAL_GRV_2,This table contains information about an individual appeal or grievance as an extension of APPEAL_GRV.,COMPLETED_LOCAL_DTTM,DATETIME (Attached),False,False,"The local datetime that the workflow step (APPEAL_GRV_2.APPEAL_GRV_WKFL_STEP_C) of this appeal or grievance was advanced from the Finalize workflow step to the Completed workflow step. Even if this appeal or grievance was previously queued for auto-completion, this is when the workflow step was actually changed. Stored in the time zone determined by column APPEAL_GRV.TAT_RPT_TIME_ZONE_C.",Claims / Denials,False,False
APPEAL_GRV_2,This table contains information about an individual appeal or grievance as an extension of APPEAL_GRV.,PROCESSING_TYPE_C_NAME,VARCHAR,False,False,The processing type category ID for the appeal or grievance,Claims / Denials,False,False
APPEAL_GRV_2,This table contains information about an individual appeal or grievance as an extension of APPEAL_GRV.,AG_CREATION_METHOD_C_NAME,VARCHAR,False,False,The creation method category ID for the appeal/grievance.,Claims / Denials,False,False
APPEAL_GRV_2,This table contains information about an individual appeal or grievance as an extension of APPEAL_GRV.,REQ_ADDL_REVIEW_C_NAME,VARCHAR,False,False,Enter the type of additional review required for the appeal.,Claims / Denials,False,False
APPEAL_GRV_2,This table contains information about an individual appeal or grievance as an extension of APPEAL_GRV.,SUGGESTED_APPEAL_DECISION_C_NAME,VARCHAR,False,False,The suggested decision category ID for the appeal.,Claims / Denials,False,False
APPEAL_GRV_2,This table contains information about an individual appeal or grievance as an extension of APPEAL_GRV.,SUGGESTED_DECISION_USER_ID,VARCHAR,False,False,The unique ID associated with the user record that made the suggested decision for the appeal. This column is frequently used to link to the CLARITY_EMP table.,Claims / Denials,False,False
APPEAL_GRV_2,This table contains information about an individual appeal or grievance as an extension of APPEAL_GRV.,SUGGESTED_DECISION_USER_ID_NAME,VARCHAR,False,False,The name of the user record. This name may be hidden.,Claims / Denials,False,False
APPEAL_GRV_2,This table contains information about an individual appeal or grievance as an extension of APPEAL_GRV.,SUGGESTED_DECISION_UTC_DTTM,DATETIME (UTC),False,False,The date and time (UTC) when the appeal suggested decision was made.,Claims / Denials,False,False
APPEAL_GRV_2,This table contains information about an individual appeal or grievance as an extension of APPEAL_GRV.,SUGGESTED_DECISION_LOCAL_DTTM,DATETIME (Attached),False,False,The date/time that the appeal suggested decision was made. Stored in the time zone determined by column APPEAL_GRV.TAT_RPT_TIME_ZONE_C.,Claims / Denials,False,False
APPEAL_GRV_2,This table contains information about an individual appeal or grievance as an extension of APPEAL_GRV.,EDITED_AFTER_COMPLETION_YN,VARCHAR,False,False,Indicates whether the appeal or grievance was edited after completion. 'Y' indicates that it was edited after completion. 'N' or NULL indicate that it was not edited after completion.,Claims / Denials,False,False
APPEAL_GRV_2,This table contains information about an individual appeal or grievance as an extension of APPEAL_GRV.,DECISION_LOGIN_DEPARTMENT_ID_EXTERNAL_NAME,VARCHAR,False,False,The external name of the department record. This is often used in patient correspondence such as reminder letters.,Claims / Denials,False,False
APPEAL_GRV_2,This table contains information about an individual appeal or grievance as an extension of APPEAL_GRV.,SUGGESTED_DECISION_DEPT_ID_EXTERNAL_NAME,VARCHAR,False,False,The external name of the department record. This is often used in patient correspondence such as reminder letters.,Claims / Denials,False,False
APPEAL_GRV_2,This table contains information about an individual appeal or grievance as an extension of APPEAL_GRV.,MEDICARE_CVG_TYP_C_NAME,VARCHAR,False,False,The Medicare part that this appeal/grievance involves.,Claims / Denials,False,False
APPEAL_GRV_2,This table contains information about an individual appeal or grievance as an extension of APPEAL_GRV.,IS_PART_B_DRUG_YN,VARCHAR,False,False,If this appeal/grievance involves a Part B drug.,Claims / Denials,False,False
APPEAL_GRV_2,This table contains information about an individual appeal or grievance as an extension of APPEAL_GRV.,LATE_FILING_RCV_LOCAL_DTTM,DATETIME (Attached),False,False,The local datetime that the reasons for late filing were received. Stored in the time zone determined by column APPEAL_GRV.TAT_RPT_TIME_ZONE_C.,Claims / Denials,False,False
APPEAL_GRV_2,This table contains information about an individual appeal or grievance as an extension of APPEAL_GRV.,REQUESTING_REP_DOCUMENT_REQ_YN,VARCHAR,False,False,Whether a document is required for the requesting representative. 'Y' indicates that a document is required. 'N' indicates that a document is not required. 'NULL' indicates that the appeal or grievance was not requested by a representative.,Claims / Denials,False,False
APPEAL_GRV_2,This table contains information about an individual appeal or grievance as an extension of APPEAL_GRV.,CASE_FILE_DUE_UTC_DTTM,DATETIME (UTC),False,False,The date and time that the case file must be forwarded for the higher level appeal in order to stay compliant for all timeliness standards. Stored in UTC.,Claims / Denials,False,False
APPEAL_GRV_2,This table contains information about an individual appeal or grievance as an extension of APPEAL_GRV.,CASE_FILE_DUE_LOCAL_DTTM,DATETIME (Attached),False,False,The date and time that the case file must be forwarded for the higher level appeal in order to stay compliant for all timeliness standards. Stored in the time zone determined by column APPEAL_GRV.TAT_RPT_TIME_ZONE_C.,Claims / Denials,False,False
APPEAL_GRV_2,This table contains information about an individual appeal or grievance as an extension of APPEAL_GRV.,APPEAL_ORIG_DENIAL_RSN_C_NAME,VARCHAR,True,False,The original denial reason category ID for the appeal.,Claims / Denials,False,False
APPEAL_GRV_2,This table contains information about an individual appeal or grievance as an extension of APPEAL_GRV.,NEXT_OUTST_CASE_FWD_UTC_DTTM,DATETIME (UTC),False,False,"The date and time of the earliest outstanding case file due requirement, in UTC. If there are no outstanding case file due requirements, this item will be null.",Claims / Denials,False,False
APPEAL_GRV_2,This table contains information about an individual appeal or grievance as an extension of APPEAL_GRV.,NEXT_OUTST_CASE_FWD_LOCAL_DTTM,DATETIME (Attached),False,False,"The date and time of the earliest outstanding case file due requirement. If there are no outstanding case file due requirements, this item will be null. Stored in the time zone determined by column APPEAL_GRV.TAT_RPT_TIME_ZONE_C.",Claims / Denials,False,False
APPEAL_GRV_2,This table contains information about an individual appeal or grievance as an extension of APPEAL_GRV.,CASE_FILE_ON_TIME_C_NAME,VARCHAR,False,False,The on time status category ID of case file timeliness requirements.,Claims / Denials,False,False
APPEAL_GRV_2,This table contains information about an individual appeal or grievance as an extension of APPEAL_GRV.,FILED_LATE_REPORTABLE_YN,VARCHAR,False,False,"Yes means that the appeal or grievance was filed outside of the filing timeframe, either as calculated by the system in FILED_ON_TIME_C or specified in the override FILED_LATE_OVERRIDE_YN. No or blank means it was not filed outside of the timeframe.",Claims / Denials,False,False
APPEAL_GRV_2,This table contains information about an individual appeal or grievance as an extension of APPEAL_GRV.,RECORD_CREATE_LOCAL_DTTM,DATETIME (Attached),False,False,Record Create Instant (UTC) (I TAG 9000) converted to local time based on TAT Reportable Time Zone (I TAG 10502).,Claims / Denials,False,False
APPEAL_GRV_2,This table contains information about an individual appeal or grievance as an extension of APPEAL_GRV.,PROCESS_AS_FORMAL_GRIEVANCE_YN,VARCHAR,False,False,Indicates whether this grievance should always go through the formal grievance process. 'Y' indicates that it should. 'N' or NULL indicate that the grievance can go through the informal grievance process.,Claims / Denials,False,False
APPEAL_GRV_2,This table contains information about an individual appeal or grievance as an extension of APPEAL_GRV.,UPGRADE_TO_FORMAL_UTC_DTTM,DATETIME (UTC),False,False,"The date and time of the deadline for when an informal grievance must be upgraded to a formal grievance, in UTC.",Claims / Denials,False,False
APPEAL_GRV_2,This table contains information about an individual appeal or grievance as an extension of APPEAL_GRV.,UPGRADE_TO_FORMAL_LOCAL_DTTM,DATETIME (Attached),False,False,"The date and time of the deadline for when an informal grievance must be upgraded to a formal grievance, in local time based on TAT Reportable Time Zone (I TAG 10502).",Claims / Denials,False,False
APPEAL_GRV_2,This table contains information about an individual appeal or grievance as an extension of APPEAL_GRV.,AG_FORMALITY_C_NAME,VARCHAR,False,False,The formality category ID of the appeal/grievance (formal or informal).,Claims / Denials,False,False
APPEAL_GRV_2,This table contains information about an individual appeal or grievance as an extension of APPEAL_GRV.,UPGRD_FRML_OCCR_UTC_DTTM,DATETIME (UTC),False,False,The date and time when an informal grievance was upgraded to a formal grievance in UTC.,Claims / Denials,False,False
APPEAL_GRV_2,This table contains information about an individual appeal or grievance as an extension of APPEAL_GRV.,UPGRD_FRML_OCCR_LOC_DTTM,DATETIME (Attached),False,False,The date and time when an informal grievance was upgraded to a formal grievance in local time based on TAT Reportable Time Zone (I TAG 10502).,Claims / Denials,False,False
APPEAL_GRV_2,This table contains information about an individual appeal or grievance as an extension of APPEAL_GRV.,TAG_SOURCE_TYPE_C_NAME,NUMERIC,True,False,How this appeal or grievance was submitted to the health plan.,Claims / Denials,False,False
APPEAL_GRV_2,This table contains information about an individual appeal or grievance as an extension of APPEAL_GRV.,APPEAL_EXCEPTION_TYPE_C_NAME,NUMERIC,False,False,The exception type category ID of the appeal/grievance.,Claims / Denials,False,False
APPEAL_GRV_2,This table contains information about an individual appeal or grievance as an extension of APPEAL_GRV.,INITIATING_POS_ID_LOC_NAME,VARCHAR,False,False,The name of the revenue location.,Claims / Denials,False,False
APPEAL_GRV_2,This table contains information about an individual appeal or grievance as an extension of APPEAL_GRV.,REQUESTING_PROV_ADDRESSID,VARCHAR,False,False,"This stores the address ID of the requesting provider. The format is as follows: ProvID-AddressID. AddressID is the line number of the multiple response address items in the SER masterfile. To use this column, join to CLARITY_SER_ADDR on APPEAL_GRV_2.REQUESTING_PROV_ADDRESSID= CLARITY_SER_ADDR.ADDR_UNIQUE_ID. If you use IntraConnect, also join on APPEAL_GRV.INITIATING_PROV_ID = CLARITY_SER_ADDR.PROV_ID.",Claims / Denials,False,False
APPEAL_GRV_2,This table contains information about an individual appeal or grievance as an extension of APPEAL_GRV.,SUBJECT_PROV_ADDRESSID,VARCHAR,False,False,"This stores the address ID of the subject provider. The format is as follows: ProvID-AddressID. AddressID is the line number of the multiple response address items in the SER masterfile. To use this column, join to CLARITY_SER_ADDR on APPEAL_GRV_2.SUBJECT_PROV_ADDRESSID= CLARITY_SER_ADDR.ADDR_UNIQUE_ID. If you use IntraConnect, also join on APPEAL_GRV.SUBJECT_PROV_ID = CLARITY_SER_ADDR.PROV_ID.",Claims / Denials,False,False
APPEAL_GRV_APPEAL_REASONS,The reasons for which an appeal was initiated.,APPEAL_GRV_ID,NUMERIC,False,False,The unique identifier (.1 item) for the appeal/grievance record.,Claims / Denials,False,True
APPEAL_GRV_APPEAL_REASONS,The reasons for which an appeal was initiated.,LINE,INTEGER,False,False,The line number for the information associated with this record. Multiple pieces of information can be associated with this record.,Claims / Denials,False,True
APPEAL_GRV_APPEAL_REASONS,The reasons for which an appeal was initiated.,APPEAL_CREATE_REASONS_C_NAME,VARCHAR,True,False,The unique key of a reason the appeal was requested.,Claims / Denials,False,False
APPEAL_GRV_AUDIT_TRAIL,This table contains the audit trail of item value changes for an appeal/grievance record.,APPEAL_GRV_ID,NUMERIC,False,False,The unique identifier (.1 item) for the appeal/grievance record.,Claims / Denials,False,True
APPEAL_GRV_AUDIT_TRAIL,This table contains the audit trail of item value changes for an appeal/grievance record.,LINE,INTEGER,False,False,The line number for the information associated with this record. Multiple pieces of information can be associated with this record.,Claims / Denials,False,True
APPEAL_GRV_AUDIT_TRAIL,This table contains the audit trail of item value changes for an appeal/grievance record.,AUDIT_TRAIL_TYPE_C_NAME,VARCHAR,False,False,The type of change category ID this line in the audit trail is for.,Claims / Denials,False,False
APPEAL_GRV_AUDIT_TRAIL,This table contains the audit trail of item value changes for an appeal/grievance record.,DOCUMENT_ID,VARCHAR,False,False,The unique ID of the document attachment that was modified.,Claims / Denials,False,False
APPEAL_GRV_CHANGE_URGENCY,Stores the change urgency requests for an appeal/grievance. Each row represents a change urgency request.,APPEAL_GRV_ID,NUMERIC,False,False,The unique identifier (.1 item) for the appeal/grievance record.,Claims / Denials,False,True
APPEAL_GRV_CHANGE_URGENCY,Stores the change urgency requests for an appeal/grievance. Each row represents a change urgency request.,LINE,INTEGER,False,False,The line number for the information associated with this record. Multiple pieces of information can be associated with this record.,Claims / Denials,False,True
APPEAL_GRV_CHANGE_URGENCY,Stores the change urgency requests for an appeal/grievance. Each row represents a change urgency request.,REQUESTED_URGENCY_C_NAME,VARCHAR,False,False,The requested urgency category ID of the change urgency request.,Claims / Denials,False,False
APPEAL_GRV_CHANGE_URGENCY,Stores the change urgency requests for an appeal/grievance. Each row represents a change urgency request.,REQUEST_UTC_DTTM,DATETIME (UTC),False,False,The date and time in UTC that the change in urgency was requested.,Claims / Denials,False,False
APPEAL_GRV_CHANGE_URGENCY,Stores the change urgency requests for an appeal/grievance. Each row represents a change urgency request.,REQUEST_LOCAL_DTTM,DATETIME (Local),False,False,The date and time that the change in urgency was requested.,Claims / Denials,False,False
APPEAL_GRV_CHANGE_URGENCY,Stores the change urgency requests for an appeal/grievance. Each row represents a change urgency request.,INITIATED_BY_TYPE_C_NAME,VARCHAR,False,False,The change urgency requested by type category ID for the change urgency request.,Claims / Denials,False,False
APPEAL_GRV_CHANGE_URGENCY,Stores the change urgency requests for an appeal/grievance. Each row represents a change urgency request.,URGENCY_COMMENTS,VARCHAR,False,False,The comments entered on the change urgency request.,Claims / Denials,False,False
APPEAL_GRV_CHANGE_URGENCY,Stores the change urgency requests for an appeal/grievance. Each row represents a change urgency request.,URGENCY_DECISION_C_NAME,VARCHAR,False,False,The change urgency decison category ID made on the urgency change request.,Claims / Denials,False,False
APPEAL_GRV_DSMISS_REASONS,Stores the reasons an appeal or grievance was dismissed.,APPEAL_GRV_ID,NUMERIC,False,False,The unique identifier (.1 item) for the appeal/grievance record.,Claims / Denials,False,True
APPEAL_GRV_DSMISS_REASONS,Stores the reasons an appeal or grievance was dismissed.,LINE,INTEGER,False,False,The line number for the information associated with this record. Multiple pieces of information can be associated with this record.,Claims / Denials,False,True
APPEAL_GRV_DSMISS_REASONS,Stores the reasons an appeal or grievance was dismissed.,DISMISS_REASON_C_NAME,VARCHAR,True,False,The dismiss reason category ID for the appeal or grievance.,Claims / Denials,False,False
APPEAL_GRV_LATE_FILE_RSNS,Stores the reasons for late filing for an appeal/grievance.,APPEAL_GRV_ID,NUMERIC,False,False,The unique identifier (.1 item) for the appeal/grievance record.,Claims / Denials,False,True
APPEAL_GRV_LATE_FILE_RSNS,Stores the reasons for late filing for an appeal/grievance.,LINE,INTEGER,False,False,The line number for the information associated with this record. Multiple pieces of information can be associated with this record.,Claims / Denials,False,True
APPEAL_GRV_LATE_FILE_RSNS,Stores the reasons for late filing for an appeal/grievance.,LATE_FILING_RSN_C_NAME,VARCHAR,True,False,The reason category ID for the appeal/grievance. This describes why the appeal/grievance was filed late.,Claims / Denials,False,False
APPEAL_GRV_LETTER,Letters that were sent or were attempted to have been sent from an appeal or grievance record.,APPEAL_GRV_ID,NUMERIC,False,False,The unique identifier (.1 item) for the appeal/grievance record.,Claims / Denials,False,True
APPEAL_GRV_LETTER,Letters that were sent or were attempted to have been sent from an appeal or grievance record.,LINE,INTEGER,False,False,The line number for the information associated with this record. Multiple pieces of information can be associated with this record.,Claims / Denials,False,True
APPEAL_GRV_LETTER,Letters that were sent or were attempted to have been sent from an appeal or grievance record.,CM_PHY_OWNER_ID,VARCHAR,False,False,The Community ID (CID) of the instance that owns this record or line. This is only populated if you use IntraConnect.,Claims / Denials,False,False
APPEAL_GRV_LETTER,Letters that were sent or were attempted to have been sent from an appeal or grievance record.,LETTER_SENT_DOCUMENT_ID,VARCHAR,False,False,The contents of the letter that were delivered or are waiting to be delivered.,Claims / Denials,False,False
APPEAL_GRV_LETTER,Letters that were sent or were attempted to have been sent from an appeal or grievance record.,APPEAL_GRV_LETTER_STS_C_NAME,VARCHAR,False,False,Where this letter is in the generation process.,Claims / Denials,False,False
APPEAL_GRV_LETTER,Letters that were sent or were attempted to have been sent from an appeal or grievance record.,LETTER_GUID,VARCHAR,False,False,Unique identifier for this letter. This column can be used to join to APPEAL_GRV_LETTER_GEN_HX.LETTER_HX_GUID.,Claims / Denials,False,False
APPEAL_GRV_LETTER,Letters that were sent or were attempted to have been sent from an appeal or grievance record.,APPEAL_GRV_LETTER_TYPE_C_NAME,VARCHAR,True,False,Which letter type this line counts as. Released letters correspond to common letter types for timeliness requirements and will be automatically triggered during the workflow with no additional build.,Claims / Denials,False,False
APPEAL_GRV_LETTER,Letters that were sent or were attempted to have been sent from an appeal or grievance record.,RECIPIENT_CLASS_EVENT_ID,VARCHAR,False,False,The recipient class used to determine the specific recipient to send to.,Claims / Denials,False,False
APPEAL_GRV_LETTER,Letters that were sent or were attempted to have been sent from an appeal or grievance record.,RECIPIENT_CLASS_EVENT_ID_EVENT_NAME,VARCHAR,False,False,The name of the event.,Claims / Denials,False,False
APPEAL_GRV_LETTER,Letters that were sent or were attempted to have been sent from an appeal or grievance record.,RESOLVED_FEV_SEND_TO_C_NAME,VARCHAR,False,False,The specific type of the recipient found with the recipient class.,Claims / Denials,False,False
APPEAL_GRV_LETTER,Letters that were sent or were attempted to have been sent from an appeal or grievance record.,RESOLVED_RECIPIENT_INI,VARCHAR,False,False,The INItials of the master file containing the record of this letter's recipient.,Claims / Denials,False,False
APPEAL_GRV_LETTER,Letters that were sent or were attempted to have been sent from an appeal or grievance record.,RESOLVED_RECIPIENT_ID,VARCHAR,False,False,The ID of the record of this letter's recipient. The corresponding value in RESOLVED_RECIPIENT_INI indicates what table this can be used to join to.,Claims / Denials,False,False
APPEAL_GRV_LETTER,Letters that were sent or were attempted to have been sent from an appeal or grievance record.,RESOLVED_RECIPIENT_GUID,VARCHAR,False,False,The GUID of this letter's recipient. This column can be used to join to MEMBER_RESP_PERSON.MEM_RESP_GUID and will be populated when column RESOLVED_FEV_SEND_TO_C is set to 58 (Authorized Representative).,Claims / Denials,False,False
APPEAL_GRV_LETTER,Letters that were sent or were attempted to have been sent from an appeal or grievance record.,DELIVERY_LOGIC_C_NAME,VARCHAR,False,False,"When resolving a delivery method for a particular recipient, this is how we chose that delivery method.",Claims / Denials,False,False
APPEAL_GRV_LETTER,Letters that were sent or were attempted to have been sent from an appeal or grievance record.,RESOLVED_FEV_DLVR_MTHD_C_NAME,VARCHAR,False,False,The ideal delivery method chosen for the recipient of this letter.,Claims / Denials,False,False
APPEAL_GRV_LETTER,Letters that were sent or were attempted to have been sent from an appeal or grievance record.,BATCH_PRINT_LTR_HX_JOB_TYPE_C_NAME,VARCHAR,True,False,"If a letter was submitted to batch print to be mailed out, this is the job type that the letter was queued to.",Claims / Denials,False,False
APPEAL_GRV_LETTER,Letters that were sent or were attempted to have been sent from an appeal or grievance record.,BODY_SMARTTEXT_ID,VARCHAR,False,False,"When the letter was created, this is the SmartText template that we used to generate the contents of the body.",Claims / Denials,False,False
APPEAL_GRV_LETTER,Letters that were sent or were attempted to have been sent from an appeal or grievance record.,BODY_SMARTTEXT_ID_SMARTTEXT_NAME,VARCHAR,False,False,The name of the SmartText record.,Claims / Denials,False,False
APPEAL_GRV_LETTER,Letters that were sent or were attempted to have been sent from an appeal or grievance record.,COVER_SMARTTEXT_ID,VARCHAR,False,False,"When the letter was created, this is the SmartText template that we used to generate the cover sheet which was rendered before the body.",Claims / Denials,False,False
APPEAL_GRV_LETTER,Letters that were sent or were attempted to have been sent from an appeal or grievance record.,COVER_SMARTTEXT_ID_SMARTTEXT_NAME,VARCHAR,False,False,The name of the SmartText record.,Claims / Denials,False,False
APPEAL_GRV_LETTER,Letters that were sent or were attempted to have been sent from an appeal or grievance record.,BACK_SMARTTEXT_ID,VARCHAR,False,False,"When the letter was created, this is the SmartText template that we used to generate the back sheet which was rendered after the body.",Claims / Denials,False,False
APPEAL_GRV_LETTER,Letters that were sent or were attempted to have been sent from an appeal or grievance record.,BACK_SMARTTEXT_ID_SMARTTEXT_NAME,VARCHAR,False,False,The name of the SmartText record.,Claims / Denials,False,False
APPEAL_GRV_LETTER,Letters that were sent or were attempted to have been sent from an appeal or grievance record.,RESOLVED_IB_POOL_ID,NUMERIC,False,False,"If this letter was sent as an In Basket message, this will store the pool that we delivered to.",Claims / Denials,False,False
APPEAL_GRV_LETTER,Letters that were sent or were attempted to have been sent from an appeal or grievance record.,RESOLVED_IB_POOL_ID_REGISTRY_NAME,VARCHAR,False,False,The name of the In Basket registry in the HIP master file.,Claims / Denials,False,False
APPEAL_GRV_LETTER,Letters that were sent or were attempted to have been sent from an appeal or grievance record.,RESOLVED_PROV_ADDR_UNIQUE_ID,VARCHAR,False,False,The unique ID of the provider's address when the resolved recipient is a provider. This can be used to join to CLARITY_SER_ADDR in combination with column RESOLVED_RECIPIENT_ID when RESOLVED_RECIPIENT_INI = 'SER'.,Claims / Denials,False,False
APPEAL_GRV_LETTER,Letters that were sent or were attempted to have been sent from an appeal or grievance record.,CITY,VARCHAR,False,False,"The city of this letter's recipient. A city may be recorded, even if the letter was not mailed.",Claims / Denials,False,False
APPEAL_GRV_LETTER,Letters that were sent or were attempted to have been sent from an appeal or grievance record.,STATE_C_NAME,VARCHAR,True,False,"A category value for the state of this letter's recipient. A state may be recorded, even if the letter was not mailed. This is usually the same as the internal ID. If you use IntraConnect, this is the Community ID (CID).",Claims / Denials,False,False
APPEAL_GRV_LETTER,Letters that were sent or were attempted to have been sent from an appeal or grievance record.,ZIP,VARCHAR,False,False,"The ZIP code of this letter's recipient. A ZIP code may be recorded, even if the letter was not mailed.",Claims / Denials,False,False
APPEAL_GRV_LETTER,Letters that were sent or were attempted to have been sent from an appeal or grievance record.,DISTRICT_C_NAME,VARCHAR,True,False,"A category value for the district of this letter's recipient. A district may be recorded, even if the letter was not mailed. This is usually the same as the internal ID. If you use IntraConnect, this is the Community ID (CID).",Claims / Denials,False,False
APPEAL_GRV_LETTER,Letters that were sent or were attempted to have been sent from an appeal or grievance record.,COUNTY_C_NAME,VARCHAR,True,False,"A category value for the county of this letter's recipient. A county may be recorded, even if the letter was not mailed. This is usually the same as the internal ID. If you use IntraConnect, this is the Community ID (CID).",Claims / Denials,False,False
APPEAL_GRV_LETTER,Letters that were sent or were attempted to have been sent from an appeal or grievance record.,COUNTRY_C_NAME,VARCHAR,True,False,"A category value for the country of this letter's recipient. A country may be recorded, even if the letter was not mailed. This is usually the same as the internal ID. If you use IntraConnect, this is the Community ID (CID).",Claims / Denials,False,False
APPEAL_GRV_LETTER,Letters that were sent or were attempted to have been sent from an appeal or grievance record.,BUILDING_NUMBER,VARCHAR,False,False,"The building/house number of this letter's recipient. A building/house number may be recorded, even if the letter was not mailed.",Claims / Denials,False,False
APPEAL_GRV_LETTER,Letters that were sent or were attempted to have been sent from an appeal or grievance record.,RECIPIENT_NAME,VARCHAR,False,False,The name of this letter's recipient.,Claims / Denials,False,False
APPEAL_GRV_LETTER,Letters that were sent or were attempted to have been sent from an appeal or grievance record.,SENT_SYS_UTC_DTTM,DATETIME (UTC),False,False,"The UTC instant that this letter was printed or electronically sent, as determined by the system. This does not take into account the manual override (SENT_OVD_UTC_DTTM).",Claims / Denials,False,False
APPEAL_GRV_LETTER,Letters that were sent or were attempted to have been sent from an appeal or grievance record.,SENT_SYS_LOCAL_DTTM,DATETIME (Attached),False,False,"The local instant that this letter was printed or electronically sent, as determined by the system. This does not take into account the manual override (SENT_OVD_LOCAL_DTTM). This item represents the same data as the UTC sent instant (SENT_SYS_UTC_DTTM) but is converted to the appeal's/grievance's local time zone (APPEAL_GRV.TAT_RPT_TIME_ZONE_C).",Claims / Denials,False,False
APPEAL_GRV_LETTER,Letters that were sent or were attempted to have been sent from an appeal or grievance record.,SENT_OVD_UTC_DTTM,DATETIME (UTC),False,False,"A user-entered override UTC instant for when this letter was printed or electronically sent. If the system calcuated instant (SENT_SYS_UTC_DTTM) was incorrect, this item can be used to manully specify the correct date/time.",Claims / Denials,False,False
APPEAL_GRV_LETTER,Letters that were sent or were attempted to have been sent from an appeal or grievance record.,SENT_OVD_LOCAL_DTTM,DATETIME (Attached),False,False,"A user-entered override local instant for when this letter was printed or electronically sent. If the system calcuated instant (SENT_SYS_UTC_DTTM) was incorrect, this item can be used to manully specify the correct date/time. This item represents the same data as the UTC sent instant override (SENT_OVD_UTC_DTTM) but is converted to the appeal's/grievance's local time zone (APPEAL_GRV.TAT_RPT_TIME_ZONE_C).",Claims / Denials,False,False
APPEAL_GRV_LETTER,Letters that were sent or were attempted to have been sent from an appeal or grievance record.,SENT_RPT_UTC_DTTM,DATETIME (UTC),False,False,"The UTC instant when this letter was printed or electronically sent. This item uses the user-entered override (SENT_OVD_UTC_DTTM) if one was specified. Otherwise, the system calculated value (SENT_SYS_UTC_DTTM) is used.",Claims / Denials,False,False
APPEAL_GRV_LETTER,Letters that were sent or were attempted to have been sent from an appeal or grievance record.,SENT_RPT_LOCAL_DTTM,DATETIME (Attached),False,False,"The local instant when this letter was printed or electronically sent. This item uses the user-entered override (SENT_OVD_LOCAL_DTTM) if one was specified. Otherwise, the system calculated value (SENT_SYS_LOCAL_DTTM) is used. This item represents the same data as the UTC sent reportable instant (SENT_RPT_UTC_DTTM) but is converted to the appeal's/grievance's local time zone (APPEAL_GRV.TAT_RPT_TIME_ZONE_C).",Claims / Denials,False,False
APPEAL_GRV_LETTER,Letters that were sent or were attempted to have been sent from an appeal or grievance record.,MAILED_SYS_UTC_DTTM,DATETIME (UTC),False,False,"The UTC instant that this letter was mailed or electronically sent, as calcuated by the system. This item uses the reportable sent instant (SENT_RPT_UTC_DTTM) and adds mail lag if the letter used a delivery method (RESOLVED_FEV_DLVR_MTHD_C) of 1-Letter to indicate a mailed letter. The value will match the reportable sent instant for all other delivery methods. This item doesn't take into account the user-entered mailed override (MAILED_OVR_UTC_DTTM).",Claims / Denials,False,False
APPEAL_GRV_LETTER,Letters that were sent or were attempted to have been sent from an appeal or grievance record.,MAILED_SYS_LOCAL_DTTM,DATETIME (Attached),False,False,"The local instant that this letter was mailed or electronically sent, as calcuated by the system. This item uses the reportable sent instant (SENT_RPT_LOCAL_DTTM) and adds mail lag if the letter used a delivery method (RESOLVED_FEV_DLVR_MTHD_C) of 1-Letter to indicate a mailed letter. The value will match the reportable sent instant for all other delivery methods. This item doesn't take into account the user-entered mailed override (MAILED_OVR_LOCAL_DTTM). This item represents the same data as the system-calculated UTC mailed instant (MAILED_SYS_UTC_DTTM) but is converted to the appeal's/grievance's local time zone (APPEAL_GRV.TAT_RPT_TIME_ZONE_C).",Claims / Denials,False,False
APPEAL_GRV_LETTER,Letters that were sent or were attempted to have been sent from an appeal or grievance record.,MAILED_OVR_UTC_DTTM,DATETIME (UTC),False,False,"A user-entered UTC instant that represents when the letter was mailed or electronically sent in case the system calculated mailed instant (MAILED_SYS_UTC_DTTM) is wrong,",Claims / Denials,False,False
APPEAL_GRV_LETTER,Letters that were sent or were attempted to have been sent from an appeal or grievance record.,MAILED_OVR_LOCAL_DTTM,DATETIME (Attached),False,False,"A user-entered local instant that represents when the letter was mailed or electronically sent in case the system calculated mailed instant (MAILED_SYS_LOCAL_DTTM) is wrong, This item represents the same data as the UTC mailed instant override (MAILED_SYS_LOCAL_DTTM) but is converted to the appeal's/grievance's local time zone (APPEAL_GRV.TAT_RPT_TIME_ZONE_C).",Claims / Denials,False,False
APPEAL_GRV_LETTER,Letters that were sent or were attempted to have been sent from an appeal or grievance record.,MAILED_RPT_UTC_DTTM,DATETIME (UTC),False,False,"The UTC instant when this letter was printed or electronically sent. This item uses the user-entered override (MAILED_SYS_UTC_DTTM) if one was specified. Otherwise, the system calculated value (MAILED_OVR_UTC_DTTM) is used.",Claims / Denials,False,False
APPEAL_GRV_LETTER,Letters that were sent or were attempted to have been sent from an appeal or grievance record.,MAILED_RPT_LOCAL_DTTM,DATETIME (Attached),False,False,"The local instant when this letter was printed or electronically sent. This item uses the user-entered override (MAILED_SYS_LOCAL_DTTM) if one was specified. Otherwise, the system calculated value (MAILED_OVR_LOCAL_DTTM) is used. This item represents the same data as the UTC mailed instant (MAILED_RPT_UTC_DTTM) but is converted to the appeal's/grievance's local time zone (APPEAL_GRV.TAT_RPT_TIME_ZONE_C).",Claims / Denials,False,False
APPEAL_GRV_LETTER,Letters that were sent or were attempted to have been sent from an appeal or grievance record.,BODY_NOTE_ID,VARCHAR,False,False,The unique ID of the note containing the letter's main contents.,Claims / Denials,False,False
APPEAL_GRV_LETTER,Letters that were sent or were attempted to have been sent from an appeal or grievance record.,COVER_SHEET_NOTE_ID,VARCHAR,False,False,The unique ID of the note containing the letter's cover sheet.,Claims / Denials,False,False
APPEAL_GRV_LETTER,Letters that were sent or were attempted to have been sent from an appeal or grievance record.,BACK_NOTE_ID,VARCHAR,False,False,The unique ID of the note containing the letter's back sheet.,Claims / Denials,False,False
APPEAL_GRV_LETTER,Letters that were sent or were attempted to have been sent from an appeal or grievance record.,FAX_FACE_SHEET_NOTE_ID,VARCHAR,False,False,The unique ID of the note containing the letter's face sheet if it was faxed.,Claims / Denials,False,False
APPEAL_GRV_LETTER_ADDRESS,"The address of this letter's recipient. An address may be recorded, even if the letter was not mailed.",APPEAL_GRV_ID,NUMERIC,False,False,The unique identifier (.1 item) for the appeal/grievance record.,Claims / Denials,False,True
APPEAL_GRV_LETTER_ADDRESS,"The address of this letter's recipient. An address may be recorded, even if the letter was not mailed.",GROUP_LINE,INTEGER,False,False,The line number for the information associated with this record.,Claims / Denials,False,True
APPEAL_GRV_LETTER_ADDRESS,"The address of this letter's recipient. An address may be recorded, even if the letter was not mailed.",VALUE_LINE,INTEGER,False,False,The line number of one of the multiple values associated with a specific group of data within this record.,Claims / Denials,False,True
APPEAL_GRV_LETTER_ADDRESS,"The address of this letter's recipient. An address may be recorded, even if the letter was not mailed.",STREET_ADDRESS,VARCHAR,False,False,"The address of this letter's recipient. An address may be recorded, even if the letter was not mailed.",Claims / Denials,False,False
APPEAL_GRV_LETTER_GEN_HX,"All successes, failures, and intermediate actions that occurred while generating letters.",APPEAL_GRV_ID,NUMERIC,False,False,The unique identifier (.1 item) for the appeal/grievance record.,Claims / Denials,False,True
APPEAL_GRV_LETTER_GEN_HX,"All successes, failures, and intermediate actions that occurred while generating letters.",LINE,INTEGER,False,False,The line number for the information associated with this record. Multiple pieces of information can be associated with this record.,Claims / Denials,False,True
APPEAL_GRV_LETTER_GEN_HX,"All successes, failures, and intermediate actions that occurred while generating letters.",CM_PHY_OWNER_ID,VARCHAR,False,False,The Community ID (CID) of the instance that owns this record or line. This is only populated if you use IntraConnect.,Claims / Denials,False,False
APPEAL_GRV_LETTER_GEN_HX,"All successes, failures, and intermediate actions that occurred while generating letters.",HISTORY_KEY,INTEGER,False,False,"GRP 5100 is sorted by occur instant, but if the TAG record is locked by a different process when we try to log an action, we will have to wait and try again later. This means that the occur instant may not exactly correlate the order in which certain lines were logged. This item keeps track of the technical order that actions were logged.",Claims / Denials,False,False
APPEAL_GRV_LETTER_GEN_HX,"All successes, failures, and intermediate actions that occurred while generating letters.",LETTER_HX_GUID,VARCHAR,False,False,The letter that caused this history action will have a matching GUID in I TAG 5020.,Claims / Denials,False,False
APPEAL_GRV_LETTER_GEN_HX,"All successes, failures, and intermediate actions that occurred while generating letters.",APPEAL_GRV_LETTER_ACT_C_NAME,VARCHAR,False,False,The action that occurred to cause this line to be logged.,Claims / Denials,False,False
APPEAL_GRV_LETTER_GEN_HX,"All successes, failures, and intermediate actions that occurred while generating letters.",OCCUR_UTC_DTTM,DATETIME (UTC),False,False,The instant that the action logged in I TAG 5103 occurred.,Claims / Denials,False,False
APPEAL_GRV_LETTER_GEN_HX,"All successes, failures, and intermediate actions that occurred while generating letters.",COMMITTING_USER_ID,VARCHAR,False,False,The logged in user of the process that caused this action to occur.,Claims / Denials,False,False
APPEAL_GRV_LETTER_GEN_HX,"All successes, failures, and intermediate actions that occurred while generating letters.",COMMITTING_USER_ID_NAME,VARCHAR,False,False,The name of the user record. This name may be hidden.,Claims / Denials,False,False
APPEAL_GRV_LETTER_GEN_HX,"All successes, failures, and intermediate actions that occurred while generating letters.",LETTER_HX_COMMENT,VARCHAR,False,False,"Any details that are too specific to be recorded with the history action (I TAG 5103), like specific error messages, can be recorded here.",Claims / Denials,False,False
APPEAL_GRV_MAX_EXTENSION,This table contains information about the maximum extensions that can be taken for an appeal or grievance.,APPEAL_GRV_ID,NUMERIC,False,False,The unique identifier (.1 item) for the appeal/grievance record.,Claims / Denials,False,True
APPEAL_GRV_MAX_EXTENSION,This table contains information about the maximum extensions that can be taken for an appeal or grievance.,LINE,INTEGER,False,False,The line number for the information associated with this record. Multiple pieces of information can be associated with this record.,Claims / Denials,False,True
APPEAL_GRV_MAX_EXTENSION,This table contains information about the maximum extensions that can be taken for an appeal or grievance.,EXTENSION_TAT_TIME_STANDARD_C_NAME,VARCHAR,True,False,Which timeliness standard this line in the related group corresponds to.,Claims / Denials,False,False
APPEAL_GRV_MAX_EXTENSION,This table contains information about the maximum extensions that can be taken for an appeal or grievance.,MAX_EXTENSION_DAYS,NUMERIC,False,False,The maximum number of days the timeframe can be extended.,Claims / Denials,False,False
APPEAL_GRV_NOTIF_TAT,This table holds information about notifications that complete required turnaround time events for appeals and grievances. Each row corresponds to an individual turnaround time requirement and the communication that satisfied that requirement.,APPEAL_GRV_ID,NUMERIC,False,False,The unique identifier (.1 item) for the appeal/grievance record.,Claims / Denials,False,True
APPEAL_GRV_NOTIF_TAT,This table holds information about notifications that complete required turnaround time events for appeals and grievances. Each row corresponds to an individual turnaround time requirement and the communication that satisfied that requirement.,LINE,INTEGER,False,False,The line number for the information associated with this record. Multiple pieces of information can be associated with this record.,Claims / Denials,False,True
APPEAL_GRV_NOTIF_TAT,This table holds information about notifications that complete required turnaround time events for appeals and grievances. Each row corresponds to an individual turnaround time requirement and the communication that satisfied that requirement.,NOTIF_TAT_TIME_STANDARD_C_NAME,VARCHAR,True,False,The timeliness standard category ID that corresponds to this notification requirement.,Claims / Denials,False,False
APPEAL_GRV_NOTIF_TAT,This table holds information about notifications that complete required turnaround time events for appeals and grievances. Each row corresponds to an individual turnaround time requirement and the communication that satisfied that requirement.,APPEAL_GRV_LETTER_TYPE_C_NAME,VARCHAR,True,False,The notification type category ID for this notification requirement.,Claims / Denials,False,False
APPEAL_GRV_NOTIF_TAT,This table holds information about notifications that complete required turnaround time events for appeals and grievances. Each row corresponds to an individual turnaround time requirement and the communication that satisfied that requirement.,NOTIF_TAT_RECIP_CLASS_ID,VARCHAR,False,False,The unique ID of the recipient class that this notification is required to be sent to.,Claims / Denials,False,False
APPEAL_GRV_NOTIF_TAT,This table holds information about notifications that complete required turnaround time events for appeals and grievances. Each row corresponds to an individual turnaround time requirement and the communication that satisfied that requirement.,NOTIF_TAT_RECIP_CLASS_ID_EVENT_NAME,VARCHAR,False,False,The name of the event.,Claims / Denials,False,False
APPEAL_GRV_NOTIF_TAT,This table holds information about notifications that complete required turnaround time events for appeals and grievances. Each row corresponds to an individual turnaround time requirement and the communication that satisfied that requirement.,NOTIF_TAT_METHOD_C_NAME,VARCHAR,False,False,The category ID for how this notification is required to be sent. (Oral vs Written),Claims / Denials,False,False
APPEAL_GRV_NOTIF_TAT,This table holds information about notifications that complete required turnaround time events for appeals and grievances. Each row corresponds to an individual turnaround time requirement and the communication that satisfied that requirement.,NOTIF_TAT_DUE_UTC_DTTM,DATETIME (UTC),False,False,The date and time that this notification requirement is due. Stored in UTC.,Claims / Denials,False,False
APPEAL_GRV_NOTIF_TAT,This table holds information about notifications that complete required turnaround time events for appeals and grievances. Each row corresponds to an individual turnaround time requirement and the communication that satisfied that requirement.,NOTIF_TAT_OCCUR_UTC_DTTM,DATETIME (UTC),False,False,The date and time that this notification was submitted. NULL indicates that the notification is still outstanding. Stored in UTC.,Claims / Denials,False,False
APPEAL_GRV_NOTIF_TAT,This table holds information about notifications that complete required turnaround time events for appeals and grievances. Each row corresponds to an individual turnaround time requirement and the communication that satisfied that requirement.,NOTIF_LETTER,VARCHAR,False,False,The letter GUID (I TAG 5020) that satisfies this notification requirement.,Claims / Denials,False,False
APPEAL_GRV_NOTIF_TAT,This table holds information about notifications that complete required turnaround time events for appeals and grievances. Each row corresponds to an individual turnaround time requirement and the communication that satisfied that requirement.,NOTIF_CALL_COMM_ID,VARCHAR,False,False,The unique ID of the communication that satisfies this notification requirement.,Claims / Denials,False,False
APPEAL_GRV_NOTIF_TAT,This table holds information about notifications that complete required turnaround time events for appeals and grievances. Each row corresponds to an individual turnaround time requirement and the communication that satisfied that requirement.,NOTIF_TAT_DUE_LOCAL_DTTM,DATETIME (Attached),False,False,The date and time that this notification requirement is due. Stored in the time zone determined by column APPEAL_GRV.TAT_RPT_TIME_ZONE_C.,Claims / Denials,False,False
APPEAL_GRV_NOTIF_TAT,This table holds information about notifications that complete required turnaround time events for appeals and grievances. Each row corresponds to an individual turnaround time requirement and the communication that satisfied that requirement.,NOTIF_TAT_OCCUR_LOCAL_DTTM,DATETIME (Attached),False,False,The date and time that this notification was submitted. NULL indicates that the notification is still outstanding. Stored in the time zone determined by column APPEAL_GRV.TAT_RPT_TIME_ZONE_C.,Claims / Denials,False,False
APPEAL_GRV_OUTCOMES,This table stores the outcomes of a grievance.,APPEAL_GRV_ID,NUMERIC,False,False,The unique identifier (.1 item) for the appeal/grievance record.,Claims / Denials,False,True
APPEAL_GRV_OUTCOMES,This table stores the outcomes of a grievance.,LINE,INTEGER,False,False,The line number for the information associated with this record. Multiple pieces of information can be associated with this record.,Claims / Denials,False,True
APPEAL_GRV_OUTCOMES,This table stores the outcomes of a grievance.,GRIEVANCE_OUTCOME_C_NAME,VARCHAR,True,False,One of the outcomes of the grievance.,Claims / Denials,False,False
APPEAL_GRV_OVRTRN_REASONS,Stores the reasons why the original decision was overturned for an appeal.,APPEAL_GRV_ID,NUMERIC,False,False,The unique identifier (.1 item) for the appeal/grievance record.,Claims / Denials,False,True
APPEAL_GRV_OVRTRN_REASONS,Stores the reasons why the original decision was overturned for an appeal.,LINE,INTEGER,False,False,The line number for the information associated with this record. Multiple pieces of information can be associated with this record.,Claims / Denials,False,True
APPEAL_GRV_OVRTRN_REASONS,Stores the reasons why the original decision was overturned for an appeal.,OVERTURN_REASON_C_NAME,VARCHAR,True,False,The overturn reason category ID for the appeal.,Claims / Denials,False,False
APPEAL_GRV_POST_APL_UPD,This table stores the table of updates to authorizations that are the subject of an appeal that has not yet finalized its decision.,APPEAL_GRV_ID,NUMERIC,False,False,The unique identifier (.1 item) for the appeal/grievance record.,Claims / Denials,False,True
APPEAL_GRV_POST_APL_UPD,This table stores the table of updates to authorizations that are the subject of an appeal that has not yet finalized its decision.,LINE,INTEGER,False,False,The line number for the information associated with this record. Multiple pieces of information can be associated with this record.,Claims / Denials,False,True
APPEAL_GRV_POST_APL_UPD,This table stores the table of updates to authorizations that are the subject of an appeal that has not yet finalized its decision.,UPDATE_INST_UTC_DTTM,DATETIME (UTC),False,False,The date and time when the appeal's subject was updated.,Claims / Denials,False,False
APPEAL_GRV_POST_APL_UPD,This table stores the table of updates to authorizations that are the subject of an appeal that has not yet finalized its decision.,UPDATE_REALTIME_TX_CSN_ID,NUMERIC,False,False,"The unique contact serial number (CSN) of the transaction. If you use IntraConnect, this is the Unique Contact Identifier (UCI).",Claims / Denials,False,False
APPEAL_GRV_POST_APL_UPD,This table stores the table of updates to authorizations that are the subject of an appeal that has not yet finalized its decision.,UPDATE_ACK_YN,VARCHAR,False,False,Indicates whether the update to the appeal subject has been acknowledged by an appeal user. 'Y' means the update has been acknowledged. 'N' or NULL means the update has not been acknowledged.,Claims / Denials,False,False
APPEAL_GRV_REC_STAT_HX,This table contains information about changes to the Chronicles record status/soft-delete flag (SDFL item) of the appeal/grievance record. Only records that have had their record status changed will be included in this table.,APPEAL_GRV_ID,NUMERIC,False,False,The unique identifier (.1 item) for the appeal/grievance record.,Claims / Denials,False,True
APPEAL_GRV_REC_STAT_HX,This table contains information about changes to the Chronicles record status/soft-delete flag (SDFL item) of the appeal/grievance record. Only records that have had their record status changed will be included in this table.,LINE,INTEGER,False,False,The line number for the information associated with this record. Multiple pieces of information can be associated with this record.,Claims / Denials,False,True
APPEAL_GRV_REC_STAT_HX,This table contains information about changes to the Chronicles record status/soft-delete flag (SDFL item) of the appeal/grievance record. Only records that have had their record status changed will be included in this table.,CM_PHY_OWNER_ID,VARCHAR,False,False,The Community ID (CID) of the instance that owns this record or line. This is only populated if you use IntraConnect.,Claims / Denials,False,False
APPEAL_GRV_REC_STAT_HX,This table contains information about changes to the Chronicles record status/soft-delete flag (SDFL item) of the appeal/grievance record. Only records that have had their record status changed will be included in this table.,SDFL_EDIT_INSTANT_DTTM,DATETIME (Attached),False,False,Stores the instant that the record status was changed,Claims / Denials,False,False
APPEAL_GRV_REC_STAT_HX,This table contains information about changes to the Chronicles record status/soft-delete flag (SDFL item) of the appeal/grievance record. Only records that have had their record status changed will be included in this table.,SDFL_EDIT_USER_ID,VARCHAR,False,False,Stores the user who changed the record status,Claims / Denials,False,False
APPEAL_GRV_REC_STAT_HX,This table contains information about changes to the Chronicles record status/soft-delete flag (SDFL item) of the appeal/grievance record. Only records that have had their record status changed will be included in this table.,SDFL_EDIT_USER_ID_NAME,VARCHAR,False,False,The name of the user record. This name may be hidden.,Claims / Denials,False,False
APPEAL_GRV_REC_STAT_HX,This table contains information about changes to the Chronicles record status/soft-delete flag (SDFL item) of the appeal/grievance record. Only records that have had their record status changed will be included in this table.,SDFL_EDIT_ACTI_C_NAME,VARCHAR,False,False,Stores the action that was applied to the record status,Claims / Denials,False,False
APPEAL_GRV_REOPEN_REASONS,Stores the reasons for reopening an appeal.,APPEAL_GRV_ID,NUMERIC,False,False,The unique identifier (.1 item) for the appeal/grievance record.,Claims / Denials,False,True
APPEAL_GRV_REOPEN_REASONS,Stores the reasons for reopening an appeal.,LINE,INTEGER,False,False,The line number for the information associated with this record. Multiple pieces of information can be associated with this record.,Claims / Denials,False,True
APPEAL_GRV_REOPEN_REASONS,Stores the reasons for reopening an appeal.,REOPEN_REASON_C_NAME,VARCHAR,True,False,The reason for reopening category ID for the appeal.,Claims / Denials,False,False
APPEAL_GRV_REQ_ATTACHMENT,This table holds information about documents that are required to be attached to appeals and grievances. Each row corresponds to an individual document requirement and the document that satisfied the requirement.,APPEAL_GRV_ID,NUMERIC,False,False,The unique identifier (.1 item) for the appeal/grievance record.,Claims / Denials,False,True
APPEAL_GRV_REQ_ATTACHMENT,This table holds information about documents that are required to be attached to appeals and grievances. Each row corresponds to an individual document requirement and the document that satisfied the requirement.,LINE,INTEGER,False,False,The line number for the information associated with this record. Multiple pieces of information can be associated with this record.,Claims / Denials,False,True
APPEAL_GRV_REQ_ATTACHMENT,This table holds information about documents that are required to be attached to appeals and grievances. Each row corresponds to an individual document requirement and the document that satisfied the requirement.,TAT_TIME_STANDARD_C_NAME,VARCHAR,True,False,The timeliness standard category ID that corresponds to this attachment requirement.,Claims / Denials,False,False
APPEAL_GRV_REQ_ATTACHMENT,This table holds information about documents that are required to be attached to appeals and grievances. Each row corresponds to an individual document requirement and the document that satisfied the requirement.,DOC_INFO_TYPE_C_NAME,VARCHAR,True,False,The attachment type category ID for this attachment requirement.,Claims / Denials,False,False
APPEAL_GRV_REQ_ATTACHMENT,This table holds information about documents that are required to be attached to appeals and grievances. Each row corresponds to an individual document requirement and the document that satisfied the requirement.,ATTACHMENT_SUBMIT_UTC_DTTM,DATETIME (UTC),False,False,The date and time the required attachment was submitted. NULL indicates that the attachment is still outstanding. Stored in UTC.,Claims / Denials,False,False
APPEAL_GRV_REQ_ATTACHMENT,This table holds information about documents that are required to be attached to appeals and grievances. Each row corresponds to an individual document requirement and the document that satisfied the requirement.,APPEAL_GRV_WKFL_STEP_C_NAME,VARCHAR,False,False,The workflow step category ID that this attachment is required for.,Claims / Denials,False,False
APPEAL_GRV_REQ_ATTACHMENT,This table holds information about documents that are required to be attached to appeals and grievances. Each row corresponds to an individual document requirement and the document that satisfied the requirement.,REQUIRED_FOR_TAT_YN,VARCHAR,False,False,Indicates whether the attachment being attached resets the turnaround time clock. 'Y' indicates that attaching this attachment will reset the clock. 'N' or NULL indicates that attaching this attachment will not reset the clock.,Claims / Denials,False,False
APPEAL_GRV_REQ_ATTACHMENT,This table holds information about documents that are required to be attached to appeals and grievances. Each row corresponds to an individual document requirement and the document that satisfied the requirement.,ATTACHMENT_SUBMIT_LOCAL_DTTM,DATETIME (Local),False,False,The date and time the required attachment was submitted. NULL indicates that the attachment is still outstanding.,Claims / Denials,False,False
APPEAL_GRV_ROOT_CAUSES,This table stores the root causes of a grievance.,APPEAL_GRV_ID,NUMERIC,False,False,The unique identifier (.1 item) for the appeal/grievance record.,Claims / Denials,False,True
APPEAL_GRV_ROOT_CAUSES,This table stores the root causes of a grievance.,LINE,INTEGER,False,False,The line number for the information associated with this record. Multiple pieces of information can be associated with this record.,Claims / Denials,False,True
APPEAL_GRV_ROOT_CAUSES,This table stores the root causes of a grievance.,GRIEVANCE_ROOT_CAUSE_C_NAME,VARCHAR,True,False,One of the root causes of a grievances.,Claims / Denials,False,False
APPEAL_GRV_STEP_COMPLETE,This table contains information about when workflow steps were completed for a given appeal or grievance.,APPEAL_GRV_ID,NUMERIC,False,False,The unique identifier (.1 item) for the appeal/grievance record.,Claims / Denials,False,True
APPEAL_GRV_STEP_COMPLETE,This table contains information about when workflow steps were completed for a given appeal or grievance.,LINE,INTEGER,False,False,The line number for the information associated with this record. Multiple pieces of information can be associated with this record.,Claims / Denials,False,True
APPEAL_GRV_STEP_COMPLETE,This table contains information about when workflow steps were completed for a given appeal or grievance.,APPEAL_GRV_WKFL_STEP_C_NAME,VARCHAR,False,False,The category ID of the workflow step that was completed.,Claims / Denials,False,False
APPEAL_GRV_STEP_COMPLETE,This table contains information about when workflow steps were completed for a given appeal or grievance.,COMPLETED_USER_ID,VARCHAR,False,False,"The unique ID of the user that completed the workflow step. If this workflow step was queued for completion and later auto-completed, this is the user that queued the completion.",Claims / Denials,False,False
APPEAL_GRV_STEP_COMPLETE,This table contains information about when workflow steps were completed for a given appeal or grievance.,COMPLETED_USER_ID_NAME,VARCHAR,False,False,The name of the user record. This name may be hidden.,Claims / Denials,False,False
APPEAL_GRV_STEP_COMPLETE,This table contains information about when workflow steps were completed for a given appeal or grievance.,COMPLETED_UTC_DTTM,DATETIME (UTC),False,False,"When the workflow step was completed (in UTC). If this workflow step was queued for completion and later auto-completed, this is when the user queued the completion.",Claims / Denials,False,False
APPEAL_GRV_STEP_COMPLETE,This table contains information about when workflow steps were completed for a given appeal or grievance.,COMPLETED_LOCAL_DTTM,DATETIME (Attached),False,False,"When the workflow step was completed (in local time). If this workflow step was queued for completion and later auto-completed, this is when the user queued the completion. Stored in the time zone determined by column APPEAL_GRV.TAT_RPT_TIME_ZONE_C.",Claims / Denials,False,False
APPEAL_GRV_SUBJECT_RESULT,This table contains information about the subject and result of an appeal.,APPEAL_GRV_ID,NUMERIC,False,False,The unique identifier (.1 item) for the appeal/grievance record.,Claims / Denials,False,True
APPEAL_GRV_SUBJECT_RESULT,This table contains information about the subject and result of an appeal.,LINE,INTEGER,False,False,The line number for the information associated with this record. Multiple pieces of information can be associated with this record.,Claims / Denials,False,True
APPEAL_GRV_SUBJECT_RESULT,This table contains information about the subject and result of an appeal.,SUBJECT_CLAIM_ID,NUMERIC,False,False,The unique ID of the claim that is under appeal.,Claims / Denials,False,False
APPEAL_GRV_SUBJECT_RESULT,This table contains information about the subject and result of an appeal.,RESULT_CLAIM_ID,NUMERIC,False,False,The unique ID of the claim created as a result of the appeal to effectuate the appeal decision.,Claims / Denials,False,False
APPEAL_GRV_SUBJECT_RESULT,This table contains information about the subject and result of an appeal.,APPEAL_DECISION_C_NAME,VARCHAR,False,False,The appeal decision category ID for the appeal/grievance subject.,Claims / Denials,False,False
APPEAL_GRV_SUBJECT_RESULT,This table contains information about the subject and result of an appeal.,RESULT_FREE_TEXT,VARCHAR,False,False,Stores a free text result ID for an appeal or grievance.,Claims / Denials,False,False
APPEAL_GRV_SUBJECT_RESULT,This table contains information about the subject and result of an appeal.,SUBJECT_FREE_TEXT,VARCHAR,False,False,The name or ID of an appeal or grievance subject that does not correspond to a record that is in the system.,Claims / Denials,False,False
APPEAL_GRV_SUBJECT_RESULT,This table contains information about the subject and result of an appeal.,IND_EFFEC_INST_UTC_DTTM,DATETIME (UTC),False,False,"The instant that the appeal decision was effectuated. For claim appeals, this is the date/time the result claim was paid in UTC. This is only populated if the subject claim required effectuation based on the decision. If the subject claim is external, then this will be filled out manually during the appeal workflow. Otherwise the system will calculate it automatically.",Claims / Denials,False,False
APPEAL_GRV_SUBJECT_RESULT,This table contains information about the subject and result of an appeal.,IND_EFFEC_INST_LOCAL_DTTM,DATETIME (Attached),False,False,"The instant that the appeal decision was effectuated. For claim appeals, this is the date/time the result claim was paid, in local time based on time zone of the appeal/grievance. This is only populated if the subject claim required effectuation based on the decision. If the subject claim is external, then this will be filled out manually during the appeal workflow. Otherwise the system will calculate it automatically.",Claims / Denials,False,False
APPEAL_GRV_SUBJECT_RESULT,This table contains information about the subject and result of an appeal.,PAYMENT_AUTH_UTC_DTTM,DATETIME (UTC),False,False,"The date and time that the payment was authorized in UTC. This is only populated if the Subject Claim (SUBJECT_CLAIM_ID) is external, and then this will be filled out manually during the appeal workflow.",Claims / Denials,False,False
APPEAL_GRV_SUBJECT_RESULT,This table contains information about the subject and result of an appeal.,PAYMENT_AUTH_LOC_DTTM,DATETIME (Attached),False,False,"The date and time that the payment was authorized. This is only populated if the Subject Claim (SUBJECT_CLAIM_ID) is external, and then this will be filled out manually during the appeal workflow. This stores the local date/time based on the TAT Reportable Time Zone (APPEAL_GRV_TAT_RPT_TIME_ZONE_C).",Claims / Denials,False,False
APPEAL_GRV_SUBJECT_RESULT,This table contains information about the subject and result of an appeal.,PAYMENT_RECIPIENT_C_NAME,VARCHAR,False,False,Currently unused.,Claims / Denials,False,False
APPEAL_GRV_SUBJECT_RESULT,This table contains information about the subject and result of an appeal.,NO_PAYMENT_REQ_YN,VARCHAR,False,False,Indicates whether payment is required for the result claim ('Y') or not ('N' or NULL). If there is no result claim this will always be NULL.,Claims / Denials,False,False
APPEAL_GRV_TAT_MILESTONES,This table holds information about turnaround time milestones for appeals and grievances. Each row corresponds to an individual milestone and the date and time associated with the milestone.,APPEAL_GRV_ID,NUMERIC,False,False,The unique identifier (.1 item) for the appeal/grievance record.,Claims / Denials,False,True
APPEAL_GRV_TAT_MILESTONES,This table holds information about turnaround time milestones for appeals and grievances. Each row corresponds to an individual milestone and the date and time associated with the milestone.,LINE,INTEGER,False,False,The line number for the information associated with this record. Multiple pieces of information can be associated with this record.,Claims / Denials,False,True
APPEAL_GRV_TAT_MILESTONES,This table holds information about turnaround time milestones for appeals and grievances. Each row corresponds to an individual milestone and the date and time associated with the milestone.,TAT_TIME_STANDARD_C_NAME,VARCHAR,True,False,The timeliness standard category ID that corresponds to this milestone.,Claims / Denials,False,False
APPEAL_GRV_TAT_MILESTONES,This table holds information about turnaround time milestones for appeals and grievances. Each row corresponds to an individual milestone and the date and time associated with the milestone.,TAT_MILESTONE_C_NAME,VARCHAR,False,False,The milestone type category ID for this milestone.,Claims / Denials,False,False
APPEAL_GRV_TAT_MILESTONES,This table holds information about turnaround time milestones for appeals and grievances. Each row corresponds to an individual milestone and the date and time associated with the milestone.,TAT_MILE_INST_UTC_DTTM,DATETIME (UTC),False,False,The date and time associated with this milestone. Stored in UTC.,Claims / Denials,False,False
APPEAL_GRV_TAT_MILESTONES,This table holds information about turnaround time milestones for appeals and grievances. Each row corresponds to an individual milestone and the date and time associated with the milestone.,TAT_MILE_DUE_LOCAL_DTTM,DATETIME (Attached),False,False,The date and time associated with this milestone. Stored in the time zone determined by column APPEAL_GRV.TAT_RPT_TIME_ZONE_C.,Claims / Denials,False,False
APPEAL_GRV_UPHOLD_REASONS,Stores the reasons why the original decision was upheld for an appeal.,APPEAL_GRV_ID,NUMERIC,False,False,The unique identifier (.1 item) for the appeal/grievance record.,Claims / Denials,False,True
APPEAL_GRV_UPHOLD_REASONS,Stores the reasons why the original decision was upheld for an appeal.,LINE,INTEGER,False,False,The line number for the information associated with this record. Multiple pieces of information can be associated with this record.,Claims / Denials,False,True
APPEAL_GRV_UPHOLD_REASONS,Stores the reasons why the original decision was upheld for an appeal.,UPHOLD_REASON_C_NAME,VARCHAR,True,False,The uphold reason category ID for the appeal.,Claims / Denials,False,False
APPEAL_GRV_VACATE_REASONS,Stores the reasons for reviewing the dismissal of an appeal or grievance.,APPEAL_GRV_ID,NUMERIC,False,False,The unique identifier (.1 item) for the appeal/grievance record.,Claims / Denials,False,True
APPEAL_GRV_VACATE_REASONS,Stores the reasons for reviewing the dismissal of an appeal or grievance.,LINE,INTEGER,False,False,The line number for the information associated with this record. Multiple pieces of information can be associated with this record.,Claims / Denials,False,True
APPEAL_GRV_VACATE_REASONS,Stores the reasons for reviewing the dismissal of an appeal or grievance.,VACATE_REASON_C_NAME,VARCHAR,True,False,The reason for reviewing dismissal category ID for the appeal or grievance.,Claims / Denials,False,False
AP_CLAIM,The AP_CLAIM table contains one record for each claim in the managed care system's AP Claims module.,CLAIM_ID,NUMERIC,False,False,The unique identifier of the accounts payable claim record.,Claims / Denials,False,True
AP_CLAIM,The AP_CLAIM table contains one record for each claim in the managed care system's AP Claims module.,ORIG_CLAIM_NUM,VARCHAR,False,False,Stores the original claim number after it is changed.,Claims / Denials,False,False
AP_CLAIM,The AP_CLAIM table contains one record for each claim in the managed care system's AP Claims module.,STATUS_C_NAME,VARCHAR,False,False,"Stores the unique category identifier of the claims processing status, such as whether it is pending, clean, denied, or void.",Claims / Denials,False,False
AP_CLAIM,The AP_CLAIM table contains one record for each claim in the managed care system's AP Claims module.,AP_STS_C_NAME,VARCHAR,False,False,Stores the unique category identifier of the claim's AP status or NULL if the claim has not been sent to AP.,Claims / Denials,False,False
AP_CLAIM,The AP_CLAIM table contains one record for each claim in the managed care system's AP Claims module.,DATE_RECEIVED,DATETIME,False,False,The date the accounts payable claim was received.,Claims / Denials,True,False
AP_CLAIM,The AP_CLAIM table contains one record for each claim in the managed care system's AP Claims module.,ADMISSION_DATE,DATETIME,False,False,The date on which the member was admitted to the place of service.,Claims / Denials,True,False
AP_CLAIM,The AP_CLAIM table contains one record for each claim in the managed care system's AP Claims module.,ADMISSION_HOUR,NUMERIC,False,False,The hour at which the member was admitted to the place of service.,Claims / Denials,False,False
AP_CLAIM,The AP_CLAIM table contains one record for each claim in the managed care system's AP Claims module.,ENTRY_DATE,DATETIME,False,False,The date the accounts payable claim was entered into Epic.,Claims / Denials,True,False
AP_CLAIM,The AP_CLAIM table contains one record for each claim in the managed care system's AP Claims module.,SERV_AREA_ID_LOC_NAME,VARCHAR,False,False,The name of the revenue location.,Claims / Denials,False,False
AP_CLAIM,The AP_CLAIM table contains one record for each claim in the managed care system's AP Claims module.,NUM_PROC,INTEGER,False,False,The number of procedures on the accounts payable claim record.,Claims / Denials,False,False
AP_CLAIM,The AP_CLAIM table contains one record for each claim in the managed care system's AP Claims module.,TOT_BILLED_AMT,NUMERIC,False,False,The total billed amount on the claim.,Claims / Denials,False,False
AP_CLAIM,The AP_CLAIM table contains one record for each claim in the managed care system's AP Claims module.,TOT_PAT_PORTION,NUMERIC,False,False,The total patient portion on the claim.,Claims / Denials,False,False
AP_CLAIM,The AP_CLAIM table contains one record for each claim in the managed care system's AP Claims module.,TOT_NET_PAYABLE,NUMERIC,False,False,The total net payable amount on the claim.,Claims / Denials,False,False
AP_CLAIM,The AP_CLAIM table contains one record for each claim in the managed care system's AP Claims module.,COVERAGE_ID,NUMERIC,False,False,Stores the identifier of the coverage used to process the claim.,Claims / Denials,False,False
AP_CLAIM,The AP_CLAIM table contains one record for each claim in the managed care system's AP Claims module.,SERV_DATE,DATETIME,False,False,Stores the service start date for the first service line on the claim.,Claims / Denials,True,False
AP_CLAIM,The AP_CLAIM table contains one record for each claim in the managed care system's AP Claims module.,ASSOC_SPEC_C_NAME,VARCHAR,True,False,The category value corresponding to the specialty associated with the accounts payable claim record.,Claims / Denials,False,False
AP_CLAIM,The AP_CLAIM table contains one record for each claim in the managed care system's AP Claims module.,PAT_STATUS_C_NAME,VARCHAR,True,False,The category value representing the member's discharge disposition/status as of the service end date.,Claims / Denials,False,False
AP_CLAIM,The AP_CLAIM table contains one record for each claim in the managed care system's AP Claims module.,PROV_ID_PROV_NAME,VARCHAR,False,False,The name of the service provider. This item may be hidden in a public view of the CLARITY_SER table.,Claims / Denials,False,False
AP_CLAIM,The AP_CLAIM table contains one record for each claim in the managed care system's AP Claims module.,ADMISSION_SOURCE_C_NAME,VARCHAR,True,False,The category value representing the origin or source of admission.,Claims / Denials,False,False
AP_CLAIM,The AP_CLAIM table contains one record for each claim in the managed care system's AP Claims module.,EXTERNAL_CLAIM_ID,VARCHAR,False,False,The external claim identification number. Note: This is not used for linking purposes.,Claims / Denials,False,False
AP_CLAIM,The AP_CLAIM table contains one record for each claim in the managed care system's AP Claims module.,PAY_BY_DATE,DATETIME,False,False,The date by which the accounts payable claim should be paid.,Claims / Denials,True,False
AP_CLAIM,The AP_CLAIM table contains one record for each claim in the managed care system's AP Claims module.,NETWORK_ID,VARCHAR,False,False,The unique ID of the network associated with this accounts payable claim record.,Claims / Denials,False,False
AP_CLAIM,The AP_CLAIM table contains one record for each claim in the managed care system's AP Claims module.,NETWORK_ID_NETWORK_NAME,VARCHAR,False,False,The name of the network.,Claims / Denials,False,False
AP_CLAIM,The AP_CLAIM table contains one record for each claim in the managed care system's AP Claims module.,METH_TO_PAY_CLM_C_NAME,VARCHAR,True,False,"Stores the category identifier of the method used to pay the claim, such as whether it was paid as primary or secondary.",Claims / Denials,False,False
AP_CLAIM,The AP_CLAIM table contains one record for each claim in the managed care system's AP Claims module.,TOT_PRIM_INS_AMT,NUMERIC,False,False,The amount already paid towards the billed amount on the claim by primary payors. This is applicable only if the claim has been submitted to your facility as the secondary payor.,Claims / Denials,False,False
AP_CLAIM,The AP_CLAIM table contains one record for each claim in the managed care system's AP Claims module.,TOT_PRIM_PAT_PORT,NUMERIC,False,False,Displays the amount the primary payors adjudicated as the patient portion. This is applicable only if the claim has been submitted to your facility as the secondary payor.,Claims / Denials,False,False
AP_CLAIM,The AP_CLAIM table contains one record for each claim in the managed care system's AP Claims module.,TOT_ADJUSTMENT,NUMERIC,False,False,The total adjustment amount associated with the accounts payable claims record.,Claims / Denials,False,False
AP_CLAIM,The AP_CLAIM table contains one record for each claim in the managed care system's AP Claims module.,ADMISSION_TYPE_C_NAME,VARCHAR,True,False,The category value representing the type of admission.,Claims / Denials,False,False
AP_CLAIM,The AP_CLAIM table contains one record for each claim in the managed care system's AP Claims module.,TOT_INSURANCE_AMT,NUMERIC,False,False,The total insurance amount associated with the accounts payable claim record.,Claims / Denials,False,False
AP_CLAIM,The AP_CLAIM table contains one record for each claim in the managed care system's AP Claims module.,ADMISSION_DX_ID_DX_NAME,VARCHAR,False,False,The name of the diagnosis.,Claims / Denials,False,False
AP_CLAIM,The AP_CLAIM table contains one record for each claim in the managed care system's AP Claims module.,TOT_NET_INSURANCE,NUMERIC,False,False,The total net insurance amount remaining after deducting all applicable adjustments and other payments from the total insurance amount.,Claims / Denials,False,False
AP_CLAIM,The AP_CLAIM table contains one record for each claim in the managed care system's AP Claims module.,E_CODE_ID_DX_NAME,VARCHAR,False,False,The name of the diagnosis.,Claims / Denials,False,False
AP_CLAIM,The AP_CLAIM table contains one record for each claim in the managed care system's AP Claims module.,TYPE_OF_BILL,VARCHAR,False,False,The type of bill associated with the accounts payable claim record.,Claims / Denials,False,False
AP_CLAIM,The AP_CLAIM table contains one record for each claim in the managed care system's AP Claims module.,RCVD_BY_CARRIER_DT,DATETIME,False,False,The date the accounts payable claim was received by the carrier.,Claims / Denials,True,False
AP_CLAIM,The AP_CLAIM table contains one record for each claim in the managed care system's AP Claims module.,HCFA_UNCLEAN_YN,VARCHAR,False,False,An indication of whether the CMS claim contained errors.,Claims / Denials,False,False
AP_CLAIM,The AP_CLAIM table contains one record for each claim in the managed care system's AP Claims module.,ORIG_REV_CLM_ID,NUMERIC,False,False,The ID number of the original claim related to a reversed claim.,Claims / Denials,False,False
AP_CLAIM,The AP_CLAIM table contains one record for each claim in the managed care system's AP Claims module.,ADJST_CLM_ID,NUMERIC,False,False,The ID number of an adjustment claim.,Claims / Denials,False,False
AP_CLAIM,The AP_CLAIM table contains one record for each claim in the managed care system's AP Claims module.,ORIG_ADJST_CLM_ID,NUMERIC,False,False,"If a claim is an adjustment claim, this represents the ID number of the original claim being adjusted.",Claims / Denials,False,False
AP_CLAIM,The AP_CLAIM table contains one record for each claim in the managed care system's AP Claims module.,REF_PROV_ID_PROV_NAME,VARCHAR,False,False,The name of the service provider. This item may be hidden in a public view of the CLARITY_SER table.,Claims / Denials,False,False
AP_CLAIM,The AP_CLAIM table contains one record for each claim in the managed care system's AP Claims module.,TOT_U_AND_C_AMT,NUMERIC,False,False,The total usual and customary amount for the claim.,Claims / Denials,False,False
AP_CLAIM,The AP_CLAIM table contains one record for each claim in the managed care system's AP Claims module.,TOT_DISALLOW_AMT,NUMERIC,False,False,The total disallowed amount for the claim.,Claims / Denials,False,False
AP_CLAIM,The AP_CLAIM table contains one record for each claim in the managed care system's AP Claims module.,TOT_NOT_COVD_AMT,NUMERIC,False,False,The total not covered amount for the claim.,Claims / Denials,False,False
AP_CLAIM,The AP_CLAIM table contains one record for each claim in the managed care system's AP Claims module.,TOT_DEDUCTIBLE,NUMERIC,False,False,The total deductible for the claim.,Claims / Denials,False,False
AP_CLAIM,The AP_CLAIM table contains one record for each claim in the managed care system's AP Claims module.,TOT_COPAY,NUMERIC,False,False,The total copay for the claim.,Claims / Denials,False,False
AP_CLAIM,The AP_CLAIM table contains one record for each claim in the managed care system's AP Claims module.,TOT_COINS,NUMERIC,False,False,The total coinsurance amount for the claim.,Claims / Denials,False,False
AP_CLAIM,The AP_CLAIM table contains one record for each claim in the managed care system's AP Claims module.,TOT_PAT_TOTAL,NUMERIC,False,False,The total patient portion for the claim.,Claims / Denials,False,False
AP_CLAIM,The AP_CLAIM table contains one record for each claim in the managed care system's AP Claims module.,TOT_BBEN_PNLTY,NUMERIC,False,False,The total before benefit penalty amount for the claim.,Claims / Denials,False,False
AP_CLAIM,The AP_CLAIM table contains one record for each claim in the managed care system's AP Claims module.,TOT_EXD_BEN_AMT,NUMERIC,False,False,The total exceeded benefit amount for the claim.,Claims / Denials,False,False
AP_CLAIM,The AP_CLAIM table contains one record for each claim in the managed care system's AP Claims module.,IN_OUT_NET_C_NAME,VARCHAR,True,False,"Indicates the network level of the claim, as computed during adjudication.",Claims / Denials,False,False
AP_CLAIM,The AP_CLAIM table contains one record for each claim in the managed care system's AP Claims module.,RKP_ID,VARCHAR,False,False,The unique ID of the risk panel associated with the claim.,Claims / Denials,False,False
AP_CLAIM,The AP_CLAIM table contains one record for each claim in the managed care system's AP Claims module.,RKP_ID_RISK_PANEL_NAME,VARCHAR,False,False,The name of the risk panel.,Claims / Denials,False,False
AP_CLAIM,The AP_CLAIM table contains one record for each claim in the managed care system's AP Claims module.,CLM_LOB_ID,VARCHAR,False,False,Stores the unique identifier of the line of business associated with the claim. This is the LOB determined at adjudication.,Claims / Denials,False,False
AP_CLAIM,The AP_CLAIM table contains one record for each claim in the managed care system's AP Claims module.,CLM_LOB_ID_LOB_NAME,VARCHAR,False,False,The name of the line of business record.,Claims / Denials,False,False
AP_CLAIM,The AP_CLAIM table contains one record for each claim in the managed care system's AP Claims module.,WORKFLOW_C_NAME,VARCHAR,True,False,Stores the unique category identifier of the workflow this claim was created as part of. Standard AP Claims processed through Tapestry will store 0 or NULL in this column.,Claims / Denials,False,False
AP_CLAIM,The AP_CLAIM table contains one record for each claim in the managed care system's AP Claims module.,SENSITIVITY_C_NAME,VARCHAR,True,False,"Stores the unique category identifier of the sensitivity applied to the claim, if any. This value is used to restrict access within Hyperspace. The values in AP_CLAIM_ANALYTICS_SENS are distinct and intended for use with reporting.",Claims / Denials,False,False
AP_CLAIM,The AP_CLAIM table contains one record for each claim in the managed care system's AP Claims module.,SERVICE_START_DATE,DATETIME,False,False,The earliest service start date among all services on the claim.,Claims / Denials,True,False
AP_CLAIM,The AP_CLAIM table contains one record for each claim in the managed care system's AP Claims module.,SERVICE_END_DATE,DATETIME,False,False,The service end date for the claim.,Claims / Denials,True,False
AP_CLAIM,The AP_CLAIM table contains one record for each claim in the managed care system's AP Claims module.,TOT_COB_SAVING,NUMERIC,False,False,The total Coordination of Benefits (COB) savings amount for the claim.,Claims / Denials,False,False
AP_CLAIM,The AP_CLAIM table contains one record for each claim in the managed care system's AP Claims module.,TOT_PAT_OUT_PCKT,NUMERIC,False,False,The total patient out-of-pocket amount for the claim.,Claims / Denials,False,False
AP_CLAIM,The AP_CLAIM table contains one record for each claim in the managed care system's AP Claims module.,SHADOW_RECON_AMT,NUMERIC,False,False,The shadow reconciliation threshold amount for the claim.,Claims / Denials,False,False
AP_CLAIM,The AP_CLAIM table contains one record for each claim in the managed care system's AP Claims module.,DRG_ID,VARCHAR,False,False,The unique ID of the Diagnosis Related Group (DRG) associated with the claim.,Claims / Denials,False,False
AP_CLAIM,The AP_CLAIM table contains one record for each claim in the managed care system's AP Claims module.,DRG_ID_DRG_NAME,VARCHAR,False,False,The name of the Diagnoses Related Group name.,Claims / Denials,False,False
AP_CLAIM,The AP_CLAIM table contains one record for each claim in the managed care system's AP Claims module.,TIF_NUM,VARCHAR,False,False,The tax increment financing (TIF) number for the claim.,Claims / Denials,False,False
AP_CLAIM,The AP_CLAIM table contains one record for each claim in the managed care system's AP Claims module.,LIFEMAX_AMT_IN,NUMERIC,False,False,The amount applied to the patient's in-network lifetime maximum buckets for this claim.,Claims / Denials,False,False
AP_CLAIM,The AP_CLAIM table contains one record for each claim in the managed care system's AP Claims module.,LIFEMAX_AMT_OUT,NUMERIC,False,False,The amount applied to the patient's out-of-network lifetime maximum buckets for this claim.,Claims / Denials,False,False
AP_CLAIM,The AP_CLAIM table contains one record for each claim in the managed care system's AP Claims module.,CLAIM_FORMAT_C_NAME,VARCHAR,False,False,"Indicates the format of the claim (CMS, UB, Rx).",Claims / Denials,False,False
AP_CLAIM,The AP_CLAIM table contains one record for each claim in the managed care system's AP Claims module.,OTHER_PROV_ID_PROV_NAME,VARCHAR,False,False,The name of the service provider. This item may be hidden in a public view of the CLARITY_SER table.,Claims / Denials,False,False
AP_CLAIM,The AP_CLAIM table contains one record for each claim in the managed care system's AP Claims module.,OPERATING_PROV_ID_PROV_NAME,VARCHAR,False,False,The name of the service provider. This item may be hidden in a public view of the CLARITY_SER table.,Claims / Denials,False,False
AP_CLAIM,The AP_CLAIM table contains one record for each claim in the managed care system's AP Claims module.,ADJ_TIME,DATETIME (Local),False,False,The adjudication date and time of the claim.,Claims / Denials,False,False
AP_CLAIM,The AP_CLAIM table contains one record for each claim in the managed care system's AP Claims module.,ATTEND_PROV_ID_PROV_NAME,VARCHAR,False,False,The name of the service provider. This item may be hidden in a public view of the CLARITY_SER table.,Claims / Denials,False,False
AP_CLAIM,The AP_CLAIM table contains one record for each claim in the managed care system's AP Claims module.,TOT_COB_SV_PAYOUT,NUMERIC,False,False,The total amount of Coordination of Benefits (COB) savings member payout.,Claims / Denials,False,False
AP_CLAIM,The AP_CLAIM table contains one record for each claim in the managed care system's AP Claims module.,LOC_ID_LOC_NAME,VARCHAR,False,False,The name of the revenue location.,Claims / Denials,False,False
AP_CLAIM,The AP_CLAIM table contains one record for each claim in the managed care system's AP Claims module.,TOT_SEC_DIS,NUMERIC,False,False,The total amount of secondary discount from all the services added up.,Claims / Denials,False,False
AP_CLAIM,The AP_CLAIM table contains one record for each claim in the managed care system's AP Claims module.,TOT_PRIM_FAC,NUMERIC,False,False,The total primary factor amounts from all the services added up.,Claims / Denials,False,False
AP_CLAIM,The AP_CLAIM table contains one record for each claim in the managed care system's AP Claims module.,TOT_CODE_EDIT_SAV,NUMERIC,False,False,The total amount of code edit savings for this claim.,Claims / Denials,False,False
AP_CLAIM,The AP_CLAIM table contains one record for each claim in the managed care system's AP Claims module.,INTEREST_AMT_OVRD,NUMERIC,False,False,This stores the override interest amount for the claim.,Claims / Denials,False,False
AP_CLAIM,The AP_CLAIM table contains one record for each claim in the managed care system's AP Claims module.,RTF_EOB_NOTE_ID,VARCHAR,False,False,Contains the most recently generated rich text explanation of benefits report.,Claims / Denials,False,False
AP_CLAIM,The AP_CLAIM table contains one record for each claim in the managed care system's AP Claims module.,INFO_CVG_ID,NUMERIC,False,False,The ID of the additional coverage record associated with the accounts payable claim record for informational and reporting purposes.,Claims / Denials,False,False
AP_CLAIM,The AP_CLAIM table contains one record for each claim in the managed care system's AP Claims module.,CLM_PRIM_INS_AMT,NUMERIC,False,False,Claim-level primary insurance amount to allocate between procedures,Claims / Denials,False,False
AP_CLAIM,The AP_CLAIM table contains one record for each claim in the managed care system's AP Claims module.,CLM_PRIM_PAT_AMT,NUMERIC,False,False,Claim-level primary patient amount to allocate between procedures,Claims / Denials,False,False
AP_CLAIM,The AP_CLAIM table contains one record for each claim in the managed care system's AP Claims module.,STATUS_DATE,DATETIME,False,False,The status date of the claim.,Claims / Denials,True,False
AP_CLAIM,The AP_CLAIM table contains one record for each claim in the managed care system's AP Claims module.,PEND_TYPE_C_NAME,VARCHAR,False,False,The category value of the pend type for this claim,Claims / Denials,False,False
AP_CLAIM,The AP_CLAIM table contains one record for each claim in the managed care system's AP Claims module.,CL_DEN_PEND_EXAM_ID,VARCHAR,False,False,"The unique ID of the claims examiner who applied a status of clean, deny, or pend to this claim.",Claims / Denials,False,False
AP_CLAIM,The AP_CLAIM table contains one record for each claim in the managed care system's AP Claims module.,CL_DEN_PEND_EXAM_ID_NAME,VARCHAR,False,False,The name of the user record. This name may be hidden.,Claims / Denials,False,False
AP_CLAIM,The AP_CLAIM table contains one record for each claim in the managed care system's AP Claims module.,CL_DEN_PEND_DTTM,DATETIME (Local),False,False,"The date that a status of clean, deny, or pend was applied to this claim.",Claims / Denials,False,False
AP_CLAIM,The AP_CLAIM table contains one record for each claim in the managed care system's AP Claims module.,VOID_EXAMINER_ID,VARCHAR,False,False,The ID of the user who voided this claim.,Claims / Denials,False,False
AP_CLAIM,The AP_CLAIM table contains one record for each claim in the managed care system's AP Claims module.,VOID_EXAMINER_ID_NAME,VARCHAR,False,False,The name of the user record. This name may be hidden.,Claims / Denials,False,False
AP_CLAIM,The AP_CLAIM table contains one record for each claim in the managed care system's AP Claims module.,VOID_CHNG_DATETIME,DATETIME (Local),False,False,The date the claim was voided.,Claims / Denials,False,False
AP_CLAIM,The AP_CLAIM table contains one record for each claim in the managed care system's AP Claims module.,ACCIDENT_DT,DATETIME,False,False,The date of accident associated with the claim.,Claims / Denials,True,False
AP_CLAIM,The AP_CLAIM table contains one record for each claim in the managed care system's AP Claims module.,ER_ENTRY_DATETIME,DATETIME (Local),False,False,The date and time of entry to emergency room.,Claims / Denials,False,False
AP_CLAIM,The AP_CLAIM table contains one record for each claim in the managed care system's AP Claims module.,IN_NET_ADJUD_OVRD_C_NAME,VARCHAR,True,False,Category value corresponding to the in network adjudication override reason.,Claims / Denials,False,False
AP_CLAIM,The AP_CLAIM table contains one record for each claim in the managed care system's AP Claims module.,DRG_PRICING_YN,VARCHAR,False,False,"Indicates whether Diagnosis Related Groups (DRG) were used to price this claim. 'Y' indicates that DRG pricing was used, 'N' indicates that it was not.",Claims / Denials,False,False
AP_CLAIM,The AP_CLAIM table contains one record for each claim in the managed care system's AP Claims module.,WORKFLOW_PAYOR_ID_PAYOR_NAME,VARCHAR,False,False,The name of the payor.,Claims / Denials,False,False
AP_CLAIM,The AP_CLAIM table contains one record for each claim in the managed care system's AP Claims module.,TOT_BILLED_ENT,NUMERIC,False,False,The total billed entered for this claim.,Claims / Denials,False,False
AP_CLAIM,The AP_CLAIM table contains one record for each claim in the managed care system's AP Claims module.,TOT_ALLOWED_AMT,NUMERIC,False,False,The total allowed amount for this claim.,Claims / Denials,False,False
AP_CLAIM,The AP_CLAIM table contains one record for each claim in the managed care system's AP Claims module.,TOT_WITHHOLDING,NUMERIC,False,False,The total withholding for this claim.,Claims / Denials,False,False
AP_CLAIM,The AP_CLAIM table contains one record for each claim in the managed care system's AP Claims module.,TOT_DISCOUNT,NUMERIC,False,False,Total discount amount for this claim.,Claims / Denials,False,False
AP_CLAIM,The AP_CLAIM table contains one record for each claim in the managed care system's AP Claims module.,ADJ_NET_PAID,NUMERIC,False,False,Adjusted net paid for this claim.,Claims / Denials,False,False
AP_CLAIM,The AP_CLAIM table contains one record for each claim in the managed care system's AP Claims module.,ADJ_PAT_PORTION,NUMERIC,False,False,Adjusted patient portion for this claim.,Claims / Denials,False,False
AP_CLAIM,The AP_CLAIM table contains one record for each claim in the managed care system's AP Claims module.,MEM_PRIMARY_NET_ID,VARCHAR,False,False,The ID of the member's primary network.,Claims / Denials,False,False
AP_CLAIM,The AP_CLAIM table contains one record for each claim in the managed care system's AP Claims module.,MEM_PRIMARY_NET_ID_NETWORK_NAME,VARCHAR,False,False,The name of the network.,Claims / Denials,False,False
AP_CLAIM,The AP_CLAIM table contains one record for each claim in the managed care system's AP Claims module.,LIFEMAX_ETR_DATA,VARCHAR,False,False,The lifetime max transactions data for this claim.,Claims / Denials,False,False
AP_CLAIM,The AP_CLAIM table contains one record for each claim in the managed care system's AP Claims module.,INBASKET_MESSAGE_ID,VARCHAR,False,False,The ID of the in basket message associated with this claim.,Claims / Denials,False,False
AP_CLAIM,The AP_CLAIM table contains one record for each claim in the managed care system's AP Claims module.,STMT_COV_FROM_DATE,DATETIME,False,False,Start date for statement covers.,Claims / Denials,True,False
AP_CLAIM,The AP_CLAIM table contains one record for each claim in the managed care system's AP Claims module.,STMT_COV_TO_DATE,DATETIME,False,False,"End date for statement covers. For claims processed through Epic for adjudication, this column is only populated for UB claims.",Claims / Denials,True,False
AP_CLAIM,The AP_CLAIM table contains one record for each claim in the managed care system's AP Claims module.,MSP_YN,VARCHAR,False,False,"Indicates whether Medicare is listed as a secondary payor on the claim record. 'Y' indicates that Medicare is a secondary payor, 'N' indicates that it is not.",Claims / Denials,False,False
AP_CLAIM,The AP_CLAIM table contains one record for each claim in the managed care system's AP Claims module.,CLM_REPRICER_ID,NUMERIC,False,False,The ID of the 3rd party claim pricer,Claims / Denials,False,False
AP_CLAIM,The AP_CLAIM table contains one record for each claim in the managed care system's AP Claims module.,CLM_REPRICER_ID_RUL_NAME,VARCHAR,False,False,"The name of the third-party pricing entity, grouper, or rule.",Claims / Denials,False,False
AP_CLAIM,The AP_CLAIM table contains one record for each claim in the managed care system's AP Claims module.,COVERED_DAYS,NUMERIC,False,False,The number of covered days on the claim.,Claims / Denials,False,False
AP_CLAIM,The AP_CLAIM table contains one record for each claim in the managed care system's AP Claims module.,NONCOVERED_DAYS,NUMERIC,False,False,The number of noncovered days on the claim.,Claims / Denials,False,False
AP_CLAIM,The AP_CLAIM table contains one record for each claim in the managed care system's AP Claims module.,COINS_DAYS,NUMERIC,False,False,The number of coinsurance days on the claim.,Claims / Denials,False,False
AP_CLAIM,The AP_CLAIM table contains one record for each claim in the managed care system's AP Claims module.,LIFETIME_RESRV_DAYS,NUMERIC,False,False,The number of lifetime reserve days for inpatient claims.,Claims / Denials,False,False
AP_CLAIM,The AP_CLAIM table contains one record for each claim in the managed care system's AP Claims module.,ILL_INJ_LMP_DATE,DATETIME,False,False,Date of injury/illness.,Claims / Denials,True,False
AP_CLAIM,The AP_CLAIM table contains one record for each claim in the managed care system's AP Claims module.,INTEREST_TO_DT,DATETIME,False,False,The to date for interest calculation for the claim. Used when the associated check which was returned is voided.,Claims / Denials,True,False
AP_CLAIM,The AP_CLAIM table contains one record for each claim in the managed care system's AP Claims module.,DISCHRG_HR_UB92_FMT,VARCHAR,False,False,The discharge hour listed on UB claims.,Claims / Denials,False,False
AP_CLAIM,The AP_CLAIM table contains one record for each claim in the managed care system's AP Claims module.,ADJUSTMENT_USER_ID,VARCHAR,False,False,The ID of the user who created the adjustment for this claim.,Claims / Denials,False,False
AP_CLAIM,The AP_CLAIM table contains one record for each claim in the managed care system's AP Claims module.,ADJUSTMENT_USER_ID_NAME,VARCHAR,False,False,The name of the user record. This name may be hidden.,Claims / Denials,False,False
AP_CLAIM,The AP_CLAIM table contains one record for each claim in the managed care system's AP Claims module.,ADJST_CREATE_DATE,DATETIME,False,False,The date the adjustment claim was created.,Claims / Denials,True,False
AP_CLAIM,The AP_CLAIM table contains one record for each claim in the managed care system's AP Claims module.,REFUNDED_FLAG_YN,VARCHAR,False,False,Flag indicating if the claim has been refunded.,Claims / Denials,False,False
AP_CLAIM,The AP_CLAIM table contains one record for each claim in the managed care system's AP Claims module.,EMPY_RELATED_YN,VARCHAR,False,False,Indicates whether patient's condition is related to employment.,Claims / Denials,False,False
AP_CLAIM,The AP_CLAIM table contains one record for each claim in the managed care system's AP Claims module.,AUTO_ACDNT_STATE_C_NAME,VARCHAR,True,False,Specifies the state where the auto accident occurred.,Claims / Denials,False,False
AP_CLAIM,The AP_CLAIM table contains one record for each claim in the managed care system's AP Claims module.,DISABILITY_FROM_DT,DATETIME,False,False,The date the disability started.,Claims / Denials,True,False
AP_CLAIM,The AP_CLAIM table contains one record for each claim in the managed care system's AP Claims module.,DISABILITY_TO_DT,DATETIME,False,False,The date the disability ended.,Claims / Denials,True,False
AP_CLAIM,The AP_CLAIM table contains one record for each claim in the managed care system's AP Claims module.,DISCHARGE_DATE,DATETIME,False,False,"The date patient was discharged. For claims processed through Epic for adjudication, this column is only populated for CMS claims.",Claims / Denials,True,False
AP_CLAIM,The AP_CLAIM table contains one record for each claim in the managed care system's AP Claims module.,OUTSIDE_LAB_YN,VARCHAR,False,False,Indicate if lab services outside the provider's office are involved.,Claims / Denials,False,False
AP_CLAIM,The AP_CLAIM table contains one record for each claim in the managed care system's AP Claims module.,OUTSIDE_LAB_CHARGE,NUMERIC,False,False,The cost of services performed at the outside lab.,Claims / Denials,False,False
AP_CLAIM,The AP_CLAIM table contains one record for each claim in the managed care system's AP Claims module.,RELATED_CONDITION_C_NAME,VARCHAR,True,False,Information regarding related condition.,Claims / Denials,False,False
AP_CLAIM,The AP_CLAIM table contains one record for each claim in the managed care system's AP Claims module.,WGT_BED_DAYS,NUMERIC,False,False,Total weight of bed days.,Claims / Denials,False,False
AP_CLAIM,The AP_CLAIM table contains one record for each claim in the managed care system's AP Claims module.,TOT_CONV_DAYS_RFL,NUMERIC,False,False,To store the total converted bed days on the only attached referral with bed days information in it.,Claims / Denials,False,False
AP_CLAIM,The AP_CLAIM table contains one record for each claim in the managed care system's AP Claims module.,BENEFIT_PLAN_ID_BENEFIT_PLAN_NAME,VARCHAR,False,False,The name of the benefit plan record.,Claims / Denials,False,False
AP_CLAIM,The AP_CLAIM table contains one record for each claim in the managed care system's AP Claims module.,PLAN_GROUP_ID,VARCHAR,False,False,"Stores the unique identifier of the plan group for the coverage used to pay the claim, as of adjudication.",Claims / Denials,False,False
AP_CLAIM,The AP_CLAIM table contains one record for each claim in the managed care system's AP Claims module.,PLAN_GROUP_ID_PLAN_GRP_NAME,VARCHAR,False,False,The name of the employer group record,Claims / Denials,False,False
AP_CLAIM,The AP_CLAIM table contains one record for each claim in the managed care system's AP Claims module.,ENTRY_INSTANT_DTTM,DATETIME (Local),False,False,The instant when the accounts payable claim record was created.,Claims / Denials,False,False
AP_CLAIM_2,The AP_CLAIM_2 table contains one record for each claim in Tapestry's Accounts Payable module.,CLAIM_ID,NUMERIC,False,False,The unique identifier for the claim record.,Claims / Denials,False,True
AP_CLAIM_2,The AP_CLAIM_2 table contains one record for each claim in Tapestry's Accounts Payable module.,E_CODE_POA_C_NAME,VARCHAR,False,False,Present on Admission (POA) indicator for the external cause of injury diagnosis code.,Claims / Denials,False,False
AP_CLAIM_2,The AP_CLAIM_2 table contains one record for each claim in Tapestry's Accounts Payable module.,READY_FOR_AP_MGR_ID_MEM_GRP_NAME,VARCHAR,False,False,The name of the member group,Claims / Denials,False,False
AP_CLAIM_2,The AP_CLAIM_2 table contains one record for each claim in Tapestry's Accounts Payable module.,TOT_REFD_RECVD,NUMERIC,False,False,The total refund received for the claim.,Claims / Denials,False,False
AP_CLAIM_2,The AP_CLAIM_2 table contains one record for each claim in Tapestry's Accounts Payable module.,TOTAL_COB_AMOUNT,NUMERIC,False,False,Contains the calculated Coordination of Benefits (COB) amount for all services on the claim.,Claims / Denials,False,False
AP_CLAIM_2,The AP_CLAIM_2 table contains one record for each claim in Tapestry's Accounts Payable module.,EPSDT_YN,VARCHAR,False,False,"Stores if an Early and Periodic Screening, Diagnosis, and Treatment (EPSDT) referral was given to the patient on the claim.",Claims / Denials,False,False
AP_CLAIM_2,The AP_CLAIM_2 table contains one record for each claim in Tapestry's Accounts Payable module.,RENDERING_PROV_ID_PROV_NAME,VARCHAR,False,False,The name of the service provider. This item may be hidden in a public view of the CLARITY_SER table.,Claims / Denials,False,False
AP_CLAIM_2,The AP_CLAIM_2 table contains one record for each claim in Tapestry's Accounts Payable module.,TOTAL_MOB_AMOUNT,NUMERIC,False,False,Stores the total Maintenance of Benefits (MOB) amount for all services on the claim.,Claims / Denials,False,False
AP_CLAIM_2,The AP_CLAIM_2 table contains one record for each claim in Tapestry's Accounts Payable module.,PMT_INFO_MAP_LN,INTEGER,False,False,Stores the line that the Tapestry Profile responsibility map matched on.,Claims / Denials,False,False
AP_CLAIM_2,The AP_CLAIM_2 table contains one record for each claim in Tapestry's Accounts Payable module.,PMT_INFO_GRPR_ID,VARCHAR,False,False,Stores the grouper rule that the Tapestry Profile responsibility map matched on.,Claims / Denials,False,False
AP_CLAIM_2,The AP_CLAIM_2 table contains one record for each claim in Tapestry's Accounts Payable module.,PMT_INFO_GRPR_ID_RULE_NAME,VARCHAR,False,False,The name of the rule.,Claims / Denials,False,False
AP_CLAIM_2,The AP_CLAIM_2 table contains one record for each claim in Tapestry's Accounts Payable module.,PMT_INFO_RULE_ID,VARCHAR,False,False,Stores the rule that the Tapestry Profile responsibility map matched on.,Claims / Denials,False,False
AP_CLAIM_2,The AP_CLAIM_2 table contains one record for each claim in Tapestry's Accounts Payable module.,PMT_INFO_RULE_ID_RULE_NAME,VARCHAR,False,False,The name of the rule.,Claims / Denials,False,False
AP_CLAIM_2,The AP_CLAIM_2 table contains one record for each claim in Tapestry's Accounts Payable module.,PMT_INFO_SPLIT_ID,NUMERIC,False,False,Stores the split definition record that was determined by the Tapestry Profile responsibility map.,Claims / Denials,False,False
AP_CLAIM_2,The AP_CLAIM_2 table contains one record for each claim in Tapestry's Accounts Payable module.,PMT_INFO_SPLIT_ID_SPLIT_DEF_NAME,VARCHAR,False,False,The name of the split definition record.,Claims / Denials,False,False
AP_CLAIM_2,The AP_CLAIM_2 table contains one record for each claim in Tapestry's Accounts Payable module.,SPECIALTY_SOURCE_C_NAME,VARCHAR,False,False,Source of associated specialty.,Claims / Denials,False,False
AP_CLAIM_2,The AP_CLAIM_2 table contains one record for each claim in Tapestry's Accounts Payable module.,CASE_MGMT_CREAT_ID,VARCHAR,False,False,ID of the case trigger message associated with the claim.,Claims / Denials,False,False
AP_CLAIM_2,The AP_CLAIM_2 table contains one record for each claim in Tapestry's Accounts Payable module.,CVG_FILTER_EPP_ID_BENEFIT_PLAN_NAME,VARCHAR,False,False,The name of the benefit plan record.,Claims / Denials,False,False
AP_CLAIM_2,The AP_CLAIM_2 table contains one record for each claim in Tapestry's Accounts Payable module.,PMT_INFO_STOP_COND,INTEGER,False,False,Stores the procedure line that triggered a stopping condition during pricing.,Claims / Denials,False,False
AP_CLAIM_2,The AP_CLAIM_2 table contains one record for each claim in Tapestry's Accounts Payable module.,NO_MEM_GRP_YN,VARCHAR,False,False,Identifies that the claim does not have a member group.,Claims / Denials,False,False
AP_CLAIM_2,The AP_CLAIM_2 table contains one record for each claim in Tapestry's Accounts Payable module.,INTEREST_TOTAL,NUMERIC,False,False,"Stores the total interest for the claim, from the constituent service lines.",Claims / Denials,False,False
AP_CLAIM_2,The AP_CLAIM_2 table contains one record for each claim in Tapestry's Accounts Payable module.,PROV_ACPT_ASGN_C_NAME,VARCHAR,False,False,Stores the provider accept assignment code.,Claims / Denials,False,False
AP_CLAIM_2,The AP_CLAIM_2 table contains one record for each claim in Tapestry's Accounts Payable module.,BEN_ASGN_IND_C_NAME,VARCHAR,False,False,Stores the benefits assignment indicator.,Claims / Denials,False,False
AP_CLAIM_2,The AP_CLAIM_2 table contains one record for each claim in Tapestry's Accounts Payable module.,OVRD_SUB_POLICY_YN,VARCHAR,False,False,"If this item is set, the submission policy tables at the profile and on the vendor contract are ignored. The Claim filing window (days) setting on the vendor contract is also ignored.",Claims / Denials,False,False
AP_CLAIM_2,The AP_CLAIM_2 table contains one record for each claim in Tapestry's Accounts Payable module.,OVRD_SUB_POL_RSN_C_NAME,VARCHAR,True,False,This item provides an explanation as to why the override submission policy item is set.,Claims / Denials,False,False
AP_CLAIM_2,The AP_CLAIM_2 table contains one record for each claim in Tapestry's Accounts Payable module.,CLM_TRAIT_1_C_NAME,VARCHAR,True,False,"The first custom claim trait, used to classify and group claims.",Claims / Denials,False,False
AP_CLAIM_2,The AP_CLAIM_2 table contains one record for each claim in Tapestry's Accounts Payable module.,CLM_TRAIT_2_C_NAME,VARCHAR,True,False,"The second custom claim trait, used to classify and group claims.",Claims / Denials,False,False
AP_CLAIM_2,The AP_CLAIM_2 table contains one record for each claim in Tapestry's Accounts Payable module.,CLM_TRAIT_3_C_NAME,VARCHAR,True,False,"The third custom claim trait, used to classify and group claims.",Claims / Denials,False,False
AP_CLAIM_2,The AP_CLAIM_2 table contains one record for each claim in Tapestry's Accounts Payable module.,CLM_TRAIT_4_C_NAME,VARCHAR,True,False,"The fourth custom claim trait, used to classify and group claims.",Claims / Denials,False,False
AP_CLAIM_2,The AP_CLAIM_2 table contains one record for each claim in Tapestry's Accounts Payable module.,CLM_TRAIT_5_C_NAME,VARCHAR,True,False,"The fifth custom claim trait, used to classify and group claims.",Claims / Denials,False,False
AP_CLAIM_2,The AP_CLAIM_2 table contains one record for each claim in Tapestry's Accounts Payable module.,TP_INFO_837_SEND_ID,NUMERIC,False,False,The trading partner (NTP record) that sent the ANSI 837 claim file that was used to submit this claim.,Claims / Denials,False,False
AP_CLAIM_2,The AP_CLAIM_2 table contains one record for each claim in Tapestry's Accounts Payable module.,TP_INFO_837_SEND_ID_TRADING_PARTNR_NAME,VARCHAR,False,False,The name of the trading partner record.,Claims / Denials,False,False
AP_CLAIM_2,The AP_CLAIM_2 table contains one record for each claim in Tapestry's Accounts Payable module.,TP_INFO_837_RCVR_ID,NUMERIC,False,False,The trading partner (NTP record) that received the ANSI 837 claim file that was used to submit this claim.,Claims / Denials,False,False
AP_CLAIM_2,The AP_CLAIM_2 table contains one record for each claim in Tapestry's Accounts Payable module.,TP_INFO_837_RCVR_ID_TRADING_PARTNR_NAME,VARCHAR,False,False,The name of the trading partner record.,Claims / Denials,False,False
AP_CLAIM_2,The AP_CLAIM_2 table contains one record for each claim in Tapestry's Accounts Payable module.,APPLIANCE_PLACE_DT,DATETIME,False,False,This is the date orthodontic appliances were placed.,Claims / Denials,True,False
AP_CLAIM_2,The AP_CLAIM_2 table contains one record for each claim in Tapestry's Accounts Payable module.,DNTL_SVC_FROM_DT,DATETIME,False,False,This is the dental service span from date.,Claims / Denials,True,False
AP_CLAIM_2,The AP_CLAIM_2 table contains one record for each claim in Tapestry's Accounts Payable module.,DNTL_SVC_TO_DT,DATETIME,False,False,This is the dental service span to date.,Claims / Denials,True,False
AP_CLAIM_2,The AP_CLAIM_2 table contains one record for each claim in Tapestry's Accounts Payable module.,ORTHO_SVCS_YN,VARCHAR,False,False,This is to determine if orthodontic services were performed.,Claims / Denials,False,False
AP_CLAIM_2,The AP_CLAIM_2 table contains one record for each claim in Tapestry's Accounts Payable module.,ORTHO_TOT_MONTHS,INTEGER,False,False,This is the total months of orthodontic treatment.,Claims / Denials,False,False
AP_CLAIM_2,The AP_CLAIM_2 table contains one record for each claim in Tapestry's Accounts Payable module.,ORTHO_MNTHS_REMAIN,INTEGER,False,False,This is the months of orthodontic treatment remaining,Claims / Denials,False,False
AP_CLAIM_2,The AP_CLAIM_2 table contains one record for each claim in Tapestry's Accounts Payable module.,ASSIST_SURGEON_ID_PROV_NAME,VARCHAR,False,False,The name of the service provider. This item may be hidden in a public view of the CLARITY_SER table.,Claims / Denials,False,False
AP_CLAIM_2,The AP_CLAIM_2 table contains one record for each claim in Tapestry's Accounts Payable module.,DENTAL_INFO_YN,VARCHAR,False,False,This is to determine if the claim has dental information.,Claims / Denials,False,False
AP_CLAIM_2,The AP_CLAIM_2 table contains one record for each claim in Tapestry's Accounts Payable module.,LMP_DATE,DATETIME,False,False,The date of the patient's last menstrual period.,Claims / Denials,True,False
AP_CLAIM_2,The AP_CLAIM_2 table contains one record for each claim in Tapestry's Accounts Payable module.,CHIR_FRST_TRT_DT,DATETIME,False,False,First treatment date listed on the patient's claim.,Claims / Denials,True,False
AP_CLAIM_2,The AP_CLAIM_2 table contains one record for each claim in Tapestry's Accounts Payable module.,FROM_OCR_YN,VARCHAR,False,False,Flags whether the claim was originally paper or scanned into the system through an EDI batch load.,Claims / Denials,False,False
AP_CLAIM_2,The AP_CLAIM_2 table contains one record for each claim in Tapestry's Accounts Payable module.,CLM_PRICER_IDENT_C_NAME,VARCHAR,True,False,"When a matching repricer organization is found, the identification is stored on the claim.",Claims / Denials,False,False
AP_CLAIM_2,The AP_CLAIM_2 table contains one record for each claim in Tapestry's Accounts Payable module.,TOTAL_HRA_AMOUNT,NUMERIC,False,False,Stores the total reimbursement amount for all services on the claim.,Claims / Denials,False,False
AP_CLAIM_2,The AP_CLAIM_2 table contains one record for each claim in Tapestry's Accounts Payable module.,ORIG_ACT_ADJ_CLM_ID,NUMERIC,False,False,The original claim ID of the actual adjustment claim.,Claims / Denials,False,False
AP_CLAIM_2,The AP_CLAIM_2 table contains one record for each claim in Tapestry's Accounts Payable module.,REF_CLM,VARCHAR,False,False,"Contains the reference claim ID in the ANSI 837 file from Loop 2300, Segment REF02 with identifier F8. This is often used in combination with the claim frequency code. When the claim frequency code indicates the claim needs to be adjusted or voided, the reference claim ID is used to help identify the claim.",Claims / Denials,False,False
AP_CLAIM_2,The AP_CLAIM_2 table contains one record for each claim in Tapestry's Accounts Payable module.,MGR_ASSOC_EXT_VAL_C_NAME,VARCHAR,True,False,Stores the association extension value returned by the association extension on the member group.,Claims / Denials,False,False
AP_CLAIM_2,The AP_CLAIM_2 table contains one record for each claim in Tapestry's Accounts Payable module.,AMBU_TRAN_REASON_C_NAME,VARCHAR,True,False,Transport Reason code for ANSI claims.,Claims / Denials,False,False
AP_CLAIM_2,The AP_CLAIM_2 table contains one record for each claim in Tapestry's Accounts Payable module.,AMBU_TRAN_DIST,NUMERIC,False,False,Transport distance for the CRC segment in the 2300 loop on ANSI claims.,Claims / Denials,False,False
AP_CLAIM_2,The AP_CLAIM_2 table contains one record for each claim in Tapestry's Accounts Payable module.,AMBU_TXPORT_WT,NUMERIC,False,False,Weight of the patient at the time of transport in an ambulance.,Claims / Denials,False,False
AP_CLAIM_2,The AP_CLAIM_2 table contains one record for each claim in Tapestry's Accounts Payable module.,AMBU_COND_YN,VARCHAR,False,False,Indicates a yes or a no condition response code in the related item.,Claims / Denials,False,False
AP_CLAIM_2,The AP_CLAIM_2 table contains one record for each claim in Tapestry's Accounts Payable module.,AMBU_PICK_UP_CITY,VARCHAR,False,False,Stores the city of the ambulance pick-up location.,Claims / Denials,False,False
AP_CLAIM_2,The AP_CLAIM_2 table contains one record for each claim in Tapestry's Accounts Payable module.,AMBU_PICK_UP_ST_C_NAME,VARCHAR,True,False,Stores the state of the ambulance pick-up location.,Claims / Denials,False,False
AP_CLAIM_2,The AP_CLAIM_2 table contains one record for each claim in Tapestry's Accounts Payable module.,AMBU_PICK_UP_ZIP,VARCHAR,False,False,Stores the ZIP code of the ambulance pick-up location.,Claims / Denials,False,False
AP_CLAIM_2,The AP_CLAIM_2 table contains one record for each claim in Tapestry's Accounts Payable module.,AMBU_DROP_OFF_CITY,VARCHAR,False,False,Stores the city of the ambulance drop-off location.,Claims / Denials,False,False
AP_CLAIM_2,The AP_CLAIM_2 table contains one record for each claim in Tapestry's Accounts Payable module.,AMBU_DROP_OFF_ST_C_NAME,VARCHAR,False,False,Stores the state of the ambulance drop-off location.,Claims / Denials,False,False
AP_CLAIM_2,The AP_CLAIM_2 table contains one record for each claim in Tapestry's Accounts Payable module.,AMBU_DROP_OFF_ZIP,VARCHAR,False,False,Stores the ZIP code of the ambulance drop-off location.,Claims / Denials,False,False
AP_CLAIM_2,The AP_CLAIM_2 table contains one record for each claim in Tapestry's Accounts Payable module.,AMBU_DROP_OFF_NM,VARCHAR,False,False,Stores the last name or organization name of the ambulance drop-off location.,Claims / Denials,False,False
AP_CLAIM_2,The AP_CLAIM_2 table contains one record for each claim in Tapestry's Accounts Payable module.,PAYEE_C_NAME,VARCHAR,False,False,Payee of the claim.,Claims / Denials,False,False
AP_CLAIM_2,The AP_CLAIM_2 table contains one record for each claim in Tapestry's Accounts Payable module.,ESRD_ONSET_DATE,DATETIME,False,False,This item stores the onset date of End Stage Renal Disease. This date is sent on CMS 2728 form in Field 24.,Claims / Denials,True,False
AP_CLAIM_2,The AP_CLAIM_2 table contains one record for each claim in Tapestry's Accounts Payable module.,PAYOR_SEQ_NUMBER_C_NAME,VARCHAR,False,False,Sequence number of the payor of the claim.,Claims / Denials,False,False
AP_CLAIM_2,The AP_CLAIM_2 table contains one record for each claim in Tapestry's Accounts Payable module.,CLM_FREQ_CODE_C_NAME,VARCHAR,True,False,"Contains the claim frequency type code from the ANSI 837 file. The value comes from Loop 2300, Segment CLM05, Piece 3.",Claims / Denials,False,False
AP_CLAIM_2,The AP_CLAIM_2 table contains one record for each claim in Tapestry's Accounts Payable module.,DENY_CLM_SRC_C_NAME,VARCHAR,False,False,"Tracks the source of an attempt to deny a claim that can't be immediately denied, but has not yet reached a status of fully paid to be able to be reversed and adjusted. When claims with this item set are removed from a batch or become fully paid, they can be denied or reversed, adjusted and denied.",Claims / Denials,False,False
AP_CLAIM_3,The AP_CLAIM_3 table contains one record for each claim in Tapestry's Accounts Payable module.,CLAIM_ID,NUMERIC,False,False,The unique identifier for the claim record.,Claims / Denials,False,True
AP_CLAIM_3,The AP_CLAIM_3 table contains one record for each claim in Tapestry's Accounts Payable module.,TOT_PRIM_PAT_NOTCOV,NUMERIC,False,False,"Displays the amount the primary payors adjudicated as the not covered patient portion. This is applicable only if the claim has been submitted to your facility as the non primary payor (secondary, tertiary, 4th, etc.)",Claims / Denials,False,False
AP_CLAIM_3,The AP_CLAIM_3 table contains one record for each claim in Tapestry's Accounts Payable module.,TOT_PRIM_PAT_DED,NUMERIC,False,False,"Displays the amount the primary payors adjudicated as the deductible patient portion. This is applicable only if the claim has been submitted to your facility as the non primary payor (secondary, tertiary, 4th, etc.)",Claims / Denials,False,False
AP_CLAIM_3,The AP_CLAIM_3 table contains one record for each claim in Tapestry's Accounts Payable module.,TOT_PRIM_PAT_COPAY,NUMERIC,False,False,"Displays the amount the primary payors adjudicated as the copay patient portion. This is applicable only if the claim has been submitted to your facility as the non primary payor (secondary, tertiary, 4th, etc.)",Claims / Denials,False,False
AP_CLAIM_3,The AP_CLAIM_3 table contains one record for each claim in Tapestry's Accounts Payable module.,TOT_PRIM_PAT_COINS,NUMERIC,False,False,"Displays the amount the primary payors adjudicated as the co-insurance patient portion. This is applicable only if the claim has been submitted to your facility as the non primary payor (secondary, tertiary, 4th, etc.)",Claims / Denials,False,False
AP_CLAIM_3,The AP_CLAIM_3 table contains one record for each claim in Tapestry's Accounts Payable module.,SUBMITTER_CREAT_DATE,DATETIME,False,False,Date that the original submitter created the claim file from their business application system. This date is received in the Beginning of Hierarchical Transaction (BHT) segment on an incoming ANSI 837 file.,Claims / Denials,True,False
AP_CLAIM_3,The AP_CLAIM_3 table contains one record for each claim in Tapestry's Accounts Payable module.,INTERCHANGE_DATE,DATETIME,False,False,Date of interchange. This date is received in the Interchange Control Header (ISA) segment on an incoming ANSI 837 file.,Claims / Denials,True,False
AP_CLAIM_3,The AP_CLAIM_3 table contains one record for each claim in Tapestry's Accounts Payable module.,FUNC_GROUP_DATE,DATETIME,False,False,Functional group creation date. This date is received in the Function Group Header (GS) segment on an incoming ANSI 837 file.,Claims / Denials,True,False
AP_CLAIM_3,The AP_CLAIM_3 table contains one record for each claim in Tapestry's Accounts Payable module.,TOTAL_RESP_AMOUNT,NUMERIC,False,False,The total responsible amount on the claim from Coordination of Benefits (COB) calculations.,Claims / Denials,False,False
AP_CLAIM_3,The AP_CLAIM_3 table contains one record for each claim in Tapestry's Accounts Payable module.,TOTAL_ADJ_PAT_OOP,NUMERIC,False,False,Amount that the patient out of pocket would have been on a capitated secondary claim had the claim not been capitated according to the contract.,Claims / Denials,False,False
AP_CLAIM_3,The AP_CLAIM_3 table contains one record for each claim in Tapestry's Accounts Payable module.,TERMED_CVG_YN,VARCHAR,False,False,Flag used to determine if the coverage used to pay the claim was termed at the time.,Claims / Denials,False,False
AP_CLAIM_3,The AP_CLAIM_3 table contains one record for each claim in Tapestry's Accounts Payable module.,IS_INPATIENT_YN,VARCHAR,False,False,Defines if claim is inpatient/outpatient.,Claims / Denials,False,False
AP_CLAIM_3,The AP_CLAIM_3 table contains one record for each claim in Tapestry's Accounts Payable module.,DRG_CODE,VARCHAR,False,False,Contains the Diagnosis Related Group (DRG) code on the claim.,Claims / Denials,False,False
AP_CLAIM_3,The AP_CLAIM_3 table contains one record for each claim in Tapestry's Accounts Payable module.,DRG_ID_TYPE_ID,NUMERIC,False,False,Contains the Diagnosis Related Group (DRG) ID type used for the claims.,Claims / Denials,False,False
AP_CLAIM_3,The AP_CLAIM_3 table contains one record for each claim in Tapestry's Accounts Payable module.,DRG_ID_TYPE_ID_ID_TYPE_NAME,VARCHAR,False,False,The name of the ID Type.,Claims / Denials,False,False
AP_CLAIM_3,The AP_CLAIM_3 table contains one record for each claim in Tapestry's Accounts Payable module.,PERM_ORIG_OF_REV_CLAIM_ID,NUMERIC,False,False,"Stores the unique identifier of the original claim for reversal claims. The value will always persist, even if the claim is voided. If the claim is not a reversal claim, no value will be stored.",Claims / Denials,False,False
AP_CLAIM_3,The AP_CLAIM_3 table contains one record for each claim in Tapestry's Accounts Payable module.,PERM_ORIG_OF_CORR_CLAIM_ID,NUMERIC,False,False,"Stores the unique identifier of the original claim for corrected claims. The value will always persist, even if the claim is voided. If the claim is not a corrected claim, no value will be stored.",Claims / Denials,False,False
AP_CLAIM_3,The AP_CLAIM_3 table contains one record for each claim in Tapestry's Accounts Payable module.,PERM_ORIG_OF_ADJST_CLAIM_ID,NUMERIC,False,False,"Stores the unique identifier of the original claim for adjustment claims. The value will always persist, even if the claim is voided. If the claim is not an adjustment claim, no value will be stored.",Claims / Denials,False,False
AP_CLAIM_3,The AP_CLAIM_3 table contains one record for each claim in Tapestry's Accounts Payable module.,INVOICE_AMT_REM,NUMERIC,False,False,The amount of the claim the system needs to generate invoice for.,Claims / Denials,False,False
AP_CLAIM_3,The AP_CLAIM_3 table contains one record for each claim in Tapestry's Accounts Payable module.,ADJST_ACTION_TYPE_C_NAME,VARCHAR,True,False,Stores the category identifier indicating why the claim was adjusted.,Claims / Denials,False,False
AP_CLAIM_3,The AP_CLAIM_3 table contains one record for each claim in Tapestry's Accounts Payable module.,CLAIM_EFFECTIVE_DATE,DATETIME,False,False,"Stores the effective date of the claim at the time of adjudication. This date is calculated during adjudication based on other days (e.g. service date) and is used to price the claim when a single claim-level date is required, such as to find the correct vendor contract contact.",Claims / Denials,True,False
AP_CLAIM_3,The AP_CLAIM_3 table contains one record for each claim in Tapestry's Accounts Payable module.,VENDOR_TAXONOMY,VARCHAR,False,False,Stores the vendor taxonomy code submitted in a claim.,Claims / Denials,False,False
AP_CLAIM_3,The AP_CLAIM_3 table contains one record for each claim in Tapestry's Accounts Payable module.,PROVIDER_TAXONOMY,VARCHAR,False,False,Stores the provider taxonomy code submitted in a claim. It is the rendering provider taxonomy for CMS claims and attending provider taxonomy for UB claims.,Claims / Denials,False,False
AP_CLAIM_3,The AP_CLAIM_3 table contains one record for each claim in Tapestry's Accounts Payable module.,ADJST_REASON_C_NAME,VARCHAR,True,False,The adjustment reason category ID. Entered by a user when adjusting a claim.,Claims / Denials,False,False
AP_CLAIM_3,The AP_CLAIM_3 table contains one record for each claim in Tapestry's Accounts Payable module.,AMBU_PICK_UP_COUNTY_C_NAME,VARCHAR,True,False,Stores the unique identifier for the county associated with the ambulance pick-up location. Join this column to ZC_COUNTY_2 to translate to the county name.,Claims / Denials,False,False
AP_CLAIM_3,The AP_CLAIM_3 table contains one record for each claim in Tapestry's Accounts Payable module.,AMBU_PICK_UP_DISTRICT_C_NAME,VARCHAR,True,False,Stores the unique identifier for the district associated with the ambulance pick-up location. Join this column to ZC_DISTRICT to translate to the district name.,Claims / Denials,False,False
AP_CLAIM_3,The AP_CLAIM_3 table contains one record for each claim in Tapestry's Accounts Payable module.,AMBU_PICK_UP_HOUSE_NUM,VARCHAR,False,False,Stores the house number associated with the ambulance pick-up location.,Claims / Denials,False,False
AP_CLAIM_3,The AP_CLAIM_3 table contains one record for each claim in Tapestry's Accounts Payable module.,AMBU_DROP_OFF_COUNTY_C_NAME,VARCHAR,False,False,Stores the unique identifier for the county associated with the ambulance drop-off location. Join this column to ZC_COUNTY_2 to translate to the county name.,Claims / Denials,False,False
AP_CLAIM_3,The AP_CLAIM_3 table contains one record for each claim in Tapestry's Accounts Payable module.,AMBU_DROP_OFF_DISTRICT_C_NAME,VARCHAR,False,False,Stores the unique identifier for the district associated with the ambulance drop-off location. Join this column to ZC_DISTRICT to translate to the district name.,Claims / Denials,False,False
AP_CLAIM_3,The AP_CLAIM_3 table contains one record for each claim in Tapestry's Accounts Payable module.,AMBU_DROP_OFF_HOUSE_NUM,VARCHAR,False,False,Stores the unique identifier for the house number associated with the ambulance drop-off location.,Claims / Denials,False,False
AP_CLAIM_3,The AP_CLAIM_3 table contains one record for each claim in Tapestry's Accounts Payable module.,SUPERVISING_PROV_ID_PROV_NAME,VARCHAR,False,False,The name of the service provider. This item may be hidden in a public view of the CLARITY_SER table.,Claims / Denials,False,False
AP_CLAIM_3,The AP_CLAIM_3 table contains one record for each claim in Tapestry's Accounts Payable module.,CLAIM_SVC_CLASS_CTX_C_NAME,VARCHAR,False,False,Represents the high-level clinical classification context for the services billed on this claim.,Claims / Denials,False,False
AP_CLAIM_3,The AP_CLAIM_3 table contains one record for each claim in Tapestry's Accounts Payable module.,CLAIM_SVC_CLASS_C_NAME,VARCHAR,False,False,Represents the clinical classification for the services billed on this claim.,Claims / Denials,False,False
AP_CLAIM_3,The AP_CLAIM_3 table contains one record for each claim in Tapestry's Accounts Payable module.,IS_SUBROGATION_DEMAND_CLAIM_YN,VARCHAR,False,False,Flag whether the claim is a subrogation demand claim from another payer.,Claims / Denials,False,False
AP_CLAIM_3,The AP_CLAIM_3 table contains one record for each claim in Tapestry's Accounts Payable module.,TOT_SUBROGATION_DEMAND_AMT,NUMERIC,False,False,This item stores the total subrogation demand amount from another payer.,Claims / Denials,False,False
AP_CLAIM_3,The AP_CLAIM_3 table contains one record for each claim in Tapestry's Accounts Payable module.,TOT_SUBROGATION_ADJ_AMT,NUMERIC,False,False,This item stores the total amount on the claim that was not paid due to subrogation demand being less than net payable.,Claims / Denials,False,False
AP_CLAIM_3,The AP_CLAIM_3 table contains one record for each claim in Tapestry's Accounts Payable module.,CONTRACT_SEL_MTHD_C_NAME,VARCHAR,False,False,This selection method was used to select the contract used to price the claim from the configured Vendor Contract and Comparison Contracts.,Claims / Denials,False,False
AP_CLAIM_3,The AP_CLAIM_3 table contains one record for each claim in Tapestry's Accounts Payable module.,IS_CLINICALLY_VALID_YN,VARCHAR,False,False,Stores whether a claim is considered valid for the purpose of clinical data derivation,Claims / Denials,False,False
AP_CLAIM_3,The AP_CLAIM_3 table contains one record for each claim in Tapestry's Accounts Payable module.,PRIM_PAYOR_ID_PAYOR_NAME,VARCHAR,False,False,The name of the payor.,Claims / Denials,False,False
AP_CLAIM_3,The AP_CLAIM_3 table contains one record for each claim in Tapestry's Accounts Payable module.,BCDA_GROUP_IDENT,VARCHAR,False,False,Claim group identifier provided by BCDA (Beneficiary Claims Data API),Claims / Denials,False,False
AP_CLAIM_3,The AP_CLAIM_3 table contains one record for each claim in Tapestry's Accounts Payable module.,CLIA_NUMBER,VARCHAR,False,False,Identification of a Clinical Laboratory Improvement Amendment (CLIA) certified facility that performed CLIA covered laboratory services.,Claims / Denials,False,False
AP_CLAIM_3,The AP_CLAIM_3 table contains one record for each claim in Tapestry's Accounts Payable module.,CLIN_FILTER_UTC_DTTM,DATETIME (UTC),False,False,Last UTC instant data derivation clinical filters (I CLM 18625) were updated or calculated without changes for this claim.,Claims / Denials,False,False
AP_CLAIM_3,The AP_CLAIM_3 table contains one record for each claim in Tapestry's Accounts Payable module.,CLIN_FILTER_DTTM,DATETIME (Local),False,False,Last local instant data derivation clinical filters (I CLM 18625) were updated or calculated without changes for this claim. Calculated using EPIC_UTC_TO_LOCAL on I CLM 18626.,Claims / Denials,False,False
AP_CLAIM_3,The AP_CLAIM_3 table contains one record for each claim in Tapestry's Accounts Payable module.,TOT_PI_REDUCT_AMT,NUMERIC,False,False,Total Payer Initiated Billed Amount Reduction from EDC Analyzer.,Claims / Denials,False,False
AP_CLAIM_3,The AP_CLAIM_3 table contains one record for each claim in Tapestry's Accounts Payable module.,MOST_RECENT_INCOMING_CEV_ID,NUMERIC,False,False,The most recent incoming Claim External Value (CEV) record ID.,Claims / Denials,False,False
AP_CLAIM_3,The AP_CLAIM_3 table contains one record for each claim in Tapestry's Accounts Payable module.,PAT_REL_TO_COVERED_MEM_C_NAME,VARCHAR,False,False,"The patient's relation to the covered (insured) member that the claim is paid under. If the patient is the member, this is not set. If it is set, this value defines the relation to the covered member for the patient who received the services.",Claims / Denials,False,False
AP_CLAIM_3,The AP_CLAIM_3 table contains one record for each claim in Tapestry's Accounts Payable module.,CLIN_FILTER_TXP_YN,VARCHAR,False,False,Tracks whether this claim is considered as having transplant services for the purposes of clinical derivation from claims.,Claims / Denials,False,False
AP_CLAIM_3,The AP_CLAIM_3 table contains one record for each claim in Tapestry's Accounts Payable module.,KLCTCEV_RECORD_ID,NUMERIC,False,False,Holds the CEV ID containing the KLCT metadata for a reversal claim.,Claims / Denials,False,False
AP_CLAIM_3,The AP_CLAIM_3 table contains one record for each claim in Tapestry's Accounts Payable module.,SOURCE_ORG_ID,NUMERIC,False,False,The source organization of the external record.,Claims / Denials,False,False
AP_CLAIM_3,The AP_CLAIM_3 table contains one record for each claim in Tapestry's Accounts Payable module.,SOURCE_ORG_ID_EXTERNAL_NAME,VARCHAR,False,False,Organization's external name used as the display name on forms and user interfaces.,Claims / Denials,False,False
AP_CLAIM_3,The AP_CLAIM_3 table contains one record for each claim in Tapestry's Accounts Payable module.,LOOP_OR_SPLIT_YN,VARCHAR,False,False,"Indicates whether a claim is part of an adjustment sequence that contains a split claim or an adjustment sequence loop. This CLM does not have to be in the split or loop istelf, just a part of the adjustment sequence.",Claims / Denials,False,False
AP_CLAIM_3,The AP_CLAIM_3 table contains one record for each claim in Tapestry's Accounts Payable module.,IS_INVLD_ADJ_SEQ_YN,VARCHAR,False,False,"Indicates whether a claim is part of an adjustment sequence that is not valid. An adjustment sequence can be invalid for a number of reasons, such as the sequence ending in a cancellation or the sequence having gaps.",Claims / Denials,False,False
AP_CLAIM_3,The AP_CLAIM_3 table contains one record for each claim in Tapestry's Accounts Payable module.,CLAIM_PAID_DATE,DATETIME,False,False,"The date that the claim was paid, which is determined by the date the claim reaches the AP Status EOB Generated",Claims / Denials,True,False
AP_CLAIM_3,The AP_CLAIM_3 table contains one record for each claim in Tapestry's Accounts Payable module.,CLAIM_NAT_KEY_HASH,VARCHAR,False,False,The hashed value of the mapped claim natural key.,Claims / Denials,False,False
AP_CLAIM_3,The AP_CLAIM_3 table contains one record for each claim in Tapestry's Accounts Payable module.,CLAIM_NAT_KEY_ORDER,VARCHAR,False,False,The ordering value for the claim natural key.,Claims / Denials,False,False
AP_CLAIM_3,The AP_CLAIM_3 table contains one record for each claim in Tapestry's Accounts Payable module.,CLM_ADJ_TYPE_C_NAME,VARCHAR,False,False,The Claim Adjustment Type Code,Claims / Denials,False,False
AP_CLAIM_3,The AP_CLAIM_3 table contains one record for each claim in Tapestry's Accounts Payable module.,NAT_KEY_FINAL_YN,VARCHAR,False,False,"Indicates whether a claim is the final action of an adjustment sequence that is tracking adjustments via natural keys. Natural key adjustments are tracked using superitem CLM 18690. A claim is the final action of its natural key if it has the maximum order value (item 18692) for a given natural key (item 18691). If there is a tie, the claim with the largest claim header id (item 18681) is deemed the final action.",Claims / Denials,False,False
AP_CLAIM_3,The AP_CLAIM_3 table contains one record for each claim in Tapestry's Accounts Payable module.,TTL_APL_U_AND_C_AMT,NUMERIC,False,False,The total of the usual and customary amounts from all lines on the claim.,Claims / Denials,False,False
AP_CLAIM_3,The AP_CLAIM_3 table contains one record for each claim in Tapestry's Accounts Payable module.,TTL_APL_CNTRCT_AMT,NUMERIC,False,False,The total of the contractual amounts from all lines on the claim.,Claims / Denials,False,False
AP_CLAIM_3,The AP_CLAIM_3 table contains one record for each claim in Tapestry's Accounts Payable module.,SUBMITTER_C_NAME,VARCHAR,False,False,The person or entity that submitted the claim.,Claims / Denials,False,False
AP_CLAIM_3,The AP_CLAIM_3 table contains one record for each claim in Tapestry's Accounts Payable module.,SUBMITTER_AUTHORIZED_REP_GUID,VARCHAR,False,False,The GUID of the authorized representative who submitted the claim.,Claims / Denials,False,False
AP_CLAIM_3,The AP_CLAIM_3 table contains one record for each claim in Tapestry's Accounts Payable module.,TOTAL_DENIED_AMOUNT,NUMERIC,False,False,This tracks the total denied amount across all claim services. It is currently only used for display purposes in the claim workspace.,Claims / Denials,False,False
AP_CLAIM_3,The AP_CLAIM_3 table contains one record for each claim in Tapestry's Accounts Payable module.,TOTAL_DENIED_TO_PAT,NUMERIC,False,False,This tracks the total amount denied to the patient across all claim services. It is currently only used for display purposes in the claim workspace.,Claims / Denials,False,False
AP_CLAIM_3,The AP_CLAIM_3 table contains one record for each claim in Tapestry's Accounts Payable module.,REC_OWN_BUS_SEGMENT_POS_ID_LOC_NAME,VARCHAR,False,False,The name of the revenue location.,Claims / Denials,False,False
AP_CLAIM_3,The AP_CLAIM_3 table contains one record for each claim in Tapestry's Accounts Payable module.,REGION_ID_LOC_NAME,VARCHAR,False,False,The name of the revenue location.,Claims / Denials,False,False
AP_CLAIM_3,The AP_CLAIM_3 table contains one record for each claim in Tapestry's Accounts Payable module.,MEDICAL_GROUP_ID_LOC_NAME,VARCHAR,False,False,The name of the revenue location.,Claims / Denials,False,False
AP_CLAIM_3,The AP_CLAIM_3 table contains one record for each claim in Tapestry's Accounts Payable module.,PRICER_MSG_ID,NUMERIC,False,False,The most recent Epic Pricer message record that was used to price the claim.,Claims / Denials,False,False
AP_CLAIM_3,The AP_CLAIM_3 table contains one record for each claim in Tapestry's Accounts Payable module.,OUT_NET_ADJUD_OV_C_NAME,VARCHAR,True,False,The reason for overriding a claim's adjudication network level to Out of Network.,Claims / Denials,False,False
AP_CLAIM_3,The AP_CLAIM_3 table contains one record for each claim in Tapestry's Accounts Payable module.,RECV_CLAIM_RECON_ID,VARCHAR,False,False,This claim reconciliation record (CRD) for the claim.,Claims / Denials,False,False
AP_CLAIM_3,The AP_CLAIM_3 table contains one record for each claim in Tapestry's Accounts Payable module.,CMS_NATURAL_KEY,VARCHAR,False,False,The claim natural key for a CMS claim.,Claims / Denials,False,False
AP_CLAIM_4,The AP_CLAIM_4 table contains one record for each claim in the managed care system's AP Claims module.,CLAIM_ID,NUMERIC,False,False,The unique identifier for the claim record.,Claims / Denials,False,True
AP_CLAIM_4,The AP_CLAIM_4 table contains one record for each claim in the managed care system's AP Claims module.,TOT_ADDL_ADJ,NUMERIC,False,False,Stores the total additional adjustments for the claim.,Claims / Denials,False,False
AP_CLAIM_4,The AP_CLAIM_4 table contains one record for each claim in the managed care system's AP Claims module.,AP_CLAIM_IMPORT_SOURCE_C_NAME,VARCHAR,False,False,Used to define the type of source a claim is imported from to drive reporting on the different use cases a single workflow type may have.,Claims / Denials,False,False
AP_CLAIM_4,The AP_CLAIM_4 table contains one record for each claim in the managed care system's AP Claims module.,SOURCE_GROUP_ID_LOC_NAME,VARCHAR,False,False,The name of the revenue location.,Claims / Denials,False,False
AP_CLAIM_4,The AP_CLAIM_4 table contains one record for each claim in the managed care system's AP Claims module.,SERVICE_DATE_FROM_LINE_YN,VARCHAR,False,False,"Indicates whether the service date was received at the header level, or was determined based on service lines.",Claims / Denials,False,False
AP_CLAIM_4,The AP_CLAIM_4 table contains one record for each claim in the managed care system's AP Claims module.,NCH_CLAIM_TYPE_C_NAME,VARCHAR,False,False,The National Claims History (NCH) code indicating the type of claim submitted.,Claims / Denials,False,False
AP_CLAIM_4,The AP_CLAIM_4 table contains one record for each claim in the managed care system's AP Claims module.,PAID_CLM_FILE_INTEREST_AMT,NUMERIC,False,False,The total interest amount from the file for an externally paid claim.,Claims / Denials,False,False
AP_CLAIM_4,The AP_CLAIM_4 table contains one record for each claim in the managed care system's AP Claims module.,PAID_CLM_FILE_PENALTY_AMT,NUMERIC,False,False,The total penalty amount from the file for an externally paid claim.,Claims / Denials,False,False
AP_CLAIM_4,The AP_CLAIM_4 table contains one record for each claim in the managed care system's AP Claims module.,BLK_DTA_MESSAGE_ID,NUMERIC,False,False,Contains the indexed AMS pointer to the last bulk data message record to impact this CLM.,Claims / Denials,False,False
AP_CLAIM_4,The AP_CLAIM_4 table contains one record for each claim in the managed care system's AP Claims module.,REFUND_REASON,VARCHAR,False,False,The refund reason for the claim. Will be used on any refund letters generated for the claim.,Claims / Denials,False,False
AP_CLAIM_4,The AP_CLAIM_4 table contains one record for each claim in the managed care system's AP Claims module.,PAYER_CLM_IDENT,VARCHAR,False,False,Stores the ID assigned to the claim from the payer. Currently in use for claims loaded through DINE.,Claims / Denials,False,False
AP_CLAIM_4,The AP_CLAIM_4 table contains one record for each claim in the managed care system's AP Claims module.,AP_CLM_AR_STATUS_C_NAME,VARCHAR,False,False,The accounts receivable status of the AP claim.,Claims / Denials,False,False
AP_CLAIM_4,The AP_CLAIM_4 table contains one record for each claim in the managed care system's AP Claims module.,CLAIM_CHECK_MAIL_SENT_DATE,DATETIME,False,False,The date that the last check was mailed/sent or disbursed.,Claims / Denials,True,False
AP_CLAIM_4,The AP_CLAIM_4 table contains one record for each claim in the managed care system's AP Claims module.,CAPITAL_IME_AMOUNT,NUMERIC,False,False,The portion of a hospital's Medicare capital payment that is increased to account for indirect medical education costs associated with teaching hospitals.,Claims / Denials,False,False
AP_CLAIM_4,The AP_CLAIM_4 table contains one record for each claim in the managed care system's AP Claims module.,OPERATING_IME_AMOUNT,NUMERIC,False,False,The portion of a hospital's Medicare operating payment that is increased to account for higher indirect medical education costs associated with teaching hospitals.,Claims / Denials,False,False
AP_CLAIM_4,The AP_CLAIM_4 table contains one record for each claim in the managed care system's AP Claims module.,CAPITAL_DSH_AMOUNT,NUMERIC,False,False,The portion of a hospital's Medicare capital payment that is increased to compensate teaching hospitals for higher capital costs associated with serving a disproportionate share of low-income patients.,Claims / Denials,False,False
AP_CLAIM_4,The AP_CLAIM_4 table contains one record for each claim in the managed care system's AP Claims module.,UNCOMPENSATED_CARE_AMOUNT,NUMERIC,False,False,The portion that reimburses a hospital for care provided to uninsured or underinsured patients for which no payment was received.,Claims / Denials,False,False
AP_CLAIM_4,The AP_CLAIM_4 table contains one record for each claim in the managed care system's AP Claims module.,OPERATING_DSH_AMOUNT,NUMERIC,False,False,The portion of a hospital's Medicare operating payment that is increased to compensate teaching hospitals for higher capital costs associated with serving a disproportionate share of low-income patients.,Claims / Denials,False,False
AP_CLAIM_CHANGE_HX,The AP_CLAIM_CHANGE_HX table contains the change history of an accounts payable claim.,CLAIM_ID,NUMERIC,False,False,The unique identifier of the accounts payable claim record.,Claims / Denials,False,True
AP_CLAIM_CHANGE_HX,The AP_CLAIM_CHANGE_HX table contains the change history of an accounts payable claim.,LINE,INTEGER,False,False,The line number for the information associated with this record. Multiple pieces of information can be associated with this record.,Claims / Denials,False,True
AP_CLAIM_CHANGE_HX,The AP_CLAIM_CHANGE_HX table contains the change history of an accounts payable claim.,CHANGE_TIME,DATETIME (Local),False,False,The date and time of change to the claim.,Claims / Denials,False,False
AP_CLAIM_CHANGE_HX,The AP_CLAIM_CHANGE_HX table contains the change history of an accounts payable claim.,ACTION_C_NAME,VARCHAR,False,False,"The Change History Action category ID for the claim record. Indicates the item changed on the claim (i.e. workflow, workflow other status, etc.).",Claims / Denials,False,False
AP_CLAIM_CHANGE_HX,The AP_CLAIM_CHANGE_HX table contains the change history of an accounts payable claim.,CHANGE_HX_CMT,VARCHAR,False,False,The comment associated with the change.,Claims / Denials,False,False
AP_CLAIM_CHANGE_HX,The AP_CLAIM_CHANGE_HX table contains the change history of an accounts payable claim.,CHANGE_HX_USER_ID,VARCHAR,False,False,The unique ID of user making the change.,Claims / Denials,False,False
AP_CLAIM_CHANGE_HX,The AP_CLAIM_CHANGE_HX table contains the change history of an accounts payable claim.,CHANGE_HX_USER_ID_NAME,VARCHAR,False,False,The name of the user record. This name may be hidden.,Claims / Denials,False,False
AP_CLAIM_CHANGE_HX,The AP_CLAIM_CHANGE_HX table contains the change history of an accounts payable claim.,CHANGE_HX_CODEEDIT,VARCHAR,False,False,The code edit reason associated with the change.,Claims / Denials,False,False
AP_CLAIM_CHANGE_HX,The AP_CLAIM_CHANGE_HX table contains the change history of an accounts payable claim.,CHANGE_HX_TX_ID,NUMERIC,False,False,The transaction ID associated with change.,Claims / Denials,False,False
AP_CLAIM_CHANGE_HX,The AP_CLAIM_CHANGE_HX table contains the change history of an accounts payable claim.,CHANGE_HX_PREV_REC_OR_CAT,VARCHAR,False,False,The record or category ID stored in the item before changes were made. This column will contain the translated record or category CID if CID translation is enabled.,Claims / Denials,False,False
AP_CLAIM_CHANGE_HX,The AP_CLAIM_CHANGE_HX table contains the change history of an accounts payable claim.,CHANGE_HX_NEW_REC_OR_CAT,VARCHAR,False,False,The record or category ID stored in the item after changes were made. This column will contain the translated record or category CID if CID translation is enabled.,Claims / Denials,False,False
AP_CLAIM_DX,The AP_CLAIM_DX table contains one record for each diagnosis on an accounts payable claim.,CLAIM_ID,NUMERIC,False,False,The unique identifier of the accounts payable claim record for this diagnosis.,ICD-10 / Diagnosis coding,False,True
AP_CLAIM_DX,The AP_CLAIM_DX table contains one record for each diagnosis on an accounts payable claim.,LINE,INTEGER,False,False,"The line number of the diagnosis for this claim record. For example, if a claim has two associated diagnoses, two AP_CLAIM_DX records will be generated: one with a line number of 1, the other with a line number of 2.",ICD-10 / Diagnosis coding,False,True
AP_CLAIM_DX,The AP_CLAIM_DX table contains one record for each diagnosis on an accounts payable claim.,DX_ID_DX_NAME,VARCHAR,False,False,The name of the diagnosis.,ICD-10 / Diagnosis coding,False,False
AP_CLAIM_DX,The AP_CLAIM_DX table contains one record for each diagnosis on an accounts payable claim.,AP_DX_NUM,INTEGER,False,False,The number of the diagnosis associated with this record.,ICD-10 / Diagnosis coding,False,False
AP_CLAIM_DX,The AP_CLAIM_DX table contains one record for each diagnosis on an accounts payable claim.,AP_DX_QUALIFIER_C_NAME,VARCHAR,True,False,The qualifier related to the diagnosis associated with this record.,ICD-10 / Diagnosis coding,False,False
AP_CLAIM_DX,The AP_CLAIM_DX table contains one record for each diagnosis on an accounts payable claim.,AP_DX_POA_C_NAME,VARCHAR,False,False,Present on Admission (POA) for the diagnosis code.,ICD-10 / Diagnosis coding,False,False
AP_CLAIM_DX,The AP_CLAIM_DX table contains one record for each diagnosis on an accounts payable claim.,AP_DX_RANK,INTEGER,False,False,The rank of this diagnosis compared to the other diagnoses on the claim.,ICD-10 / Diagnosis coding,False,False
AP_CLAIM_DX,The AP_CLAIM_DX table contains one record for each diagnosis on an accounts payable claim.,CLAIM_DX_FROM_HEADER_YN,VARCHAR,False,False,Indicates whether the diagnosis was received at the header level.,ICD-10 / Diagnosis coding,False,False
AP_CLAIM_ICD_PROC,The AP_CLAIM_ICD_PROC table contains the ICD-9 Procedure information on an accounts payable claim.,CLAIM_ID,NUMERIC,False,False,The unique identifier of the accounts payable claim record.,ICD-10 / Diagnosis coding,False,True
AP_CLAIM_ICD_PROC,The AP_CLAIM_ICD_PROC table contains the ICD-9 Procedure information on an accounts payable claim.,LINE,INTEGER,False,False,Line counter of the ICD-9 procedure code on the claim.,ICD-10 / Diagnosis coding,False,True
AP_CLAIM_ICD_PROC,The AP_CLAIM_ICD_PROC table contains the ICD-9 Procedure information on an accounts payable claim.,ICD_PX_ID,VARCHAR,False,False,The unique ID of the ICD-9 procedure code on the claim.,ICD-10 / Diagnosis coding,False,False
AP_CLAIM_ICD_PROC,The AP_CLAIM_ICD_PROC table contains the ICD-9 Procedure information on an accounts payable claim.,ICD_PX_ID_ICD_PX_NAME,VARCHAR,False,False,The name of the ICD procedure record.,ICD-10 / Diagnosis coding,False,False
AP_CLAIM_ICD_PROC,The AP_CLAIM_ICD_PROC table contains the ICD-9 Procedure information on an accounts payable claim.,ICD_PX_DT,DATETIME,False,False,The date of the ICD-9 procedure code.,ICD-10 / Diagnosis coding,True,False
AP_CLAIM_ICD_PROC,The AP_CLAIM_ICD_PROC table contains the ICD-9 Procedure information on an accounts payable claim.,ICD_PX_RANK,INTEGER,False,False,The rank of this International Classification of Diseases (ICD) procedure compared to the other ICD procedures on the claim.,ICD-10 / Diagnosis coding,False,False
AP_CLAIM_IF_ACE_DX_DISP,This table contains Ambulatory Code Editor (ACE) DX Highest Diagnosis Disposition value returned from the third party interface.,CLAIM_ID,NUMERIC,False,False,The unique identifier for the claim info record.,ICD-10 / Diagnosis coding,False,True
AP_CLAIM_IF_ACE_DX_DISP,This table contains Ambulatory Code Editor (ACE) DX Highest Diagnosis Disposition value returned from the third party interface.,GROUP_LINE,INTEGER,False,False,The line number for the information associated with this record.,ICD-10 / Diagnosis coding,False,True
AP_CLAIM_IF_ACE_DX_DISP,This table contains Ambulatory Code Editor (ACE) DX Highest Diagnosis Disposition value returned from the third party interface.,VALUE_LINE,INTEGER,False,False,The line number of one of the multiple values associated with a specific group of data within this record.,ICD-10 / Diagnosis coding,False,True
AP_CLAIM_IF_ACE_DX_DISP,This table contains Ambulatory Code Editor (ACE) DX Highest Diagnosis Disposition value returned from the third party interface.,HIGHEST_DX_DISP,VARCHAR,False,False,The highest diagnosis disposition from Ambulatory Code Editor (ACE) output fields for ICD-9-CM diagnosis edits.,ICD-10 / Diagnosis coding,False,False
AP_CLAIM_IF_ACE_DX_ERR,This table contains the Ambulatory Code Editor (ACE) DX Diagnosis Errors value returned from the third party interface.,CLAIM_ID,NUMERIC,False,False,The unique identifier for the claim info record.,ICD-10 / Diagnosis coding,False,True
AP_CLAIM_IF_ACE_DX_ERR,This table contains the Ambulatory Code Editor (ACE) DX Diagnosis Errors value returned from the third party interface.,GROUP_LINE,INTEGER,False,False,The line number for the information associated with this record.,ICD-10 / Diagnosis coding,False,True
AP_CLAIM_IF_ACE_DX_ERR,This table contains the Ambulatory Code Editor (ACE) DX Diagnosis Errors value returned from the third party interface.,VALUE_LINE,INTEGER,False,False,The line number of one of the multiple values associated with a specific group of data within this record.,ICD-10 / Diagnosis coding,False,True
AP_CLAIM_IF_ACE_DX_ERR,This table contains the Ambulatory Code Editor (ACE) DX Diagnosis Errors value returned from the third party interface.,ACE_DX_ERR,VARCHAR,False,False,The Diagnosis Errors field of the Ambulatory Code Editor (ACE) output fields for ICD-9-CM diagnosis edits.,ICD-10 / Diagnosis coding,False,False
AP_CLAIM_IF_ACE_DX_NERR,This table contains Ambulatory Code Editor (ACE) DX Number of Errors for this Diagnosis value returned from the third party interface.,CLAIM_ID,NUMERIC,False,False,The unique identifier for the claim info record.,ICD-10 / Diagnosis coding,False,True
AP_CLAIM_IF_ACE_DX_NERR,This table contains Ambulatory Code Editor (ACE) DX Number of Errors for this Diagnosis value returned from the third party interface.,GROUP_LINE,INTEGER,False,False,The line number for the information associated with this record.,ICD-10 / Diagnosis coding,False,True
AP_CLAIM_IF_ACE_DX_NERR,This table contains Ambulatory Code Editor (ACE) DX Number of Errors for this Diagnosis value returned from the third party interface.,VALUE_LINE,INTEGER,False,False,The line number of one of the multiple values associated with a specific group of data within this record.,ICD-10 / Diagnosis coding,False,True
AP_CLAIM_IF_ACE_DX_NERR,This table contains Ambulatory Code Editor (ACE) DX Number of Errors for this Diagnosis value returned from the third party interface.,NUM_ERR_THIS_DX,VARCHAR,False,False,The number of errors for this diagnosis field from Ambulatory Code Editor (ACE) output fields for ICD-9-CM diagnosis edits.,ICD-10 / Diagnosis coding,False,False
AP_CLAIM_IF_ADMIT_DX_EDIT,Admit diagnosis edits returned from the grouper/pricer.,CLAIM_ID,NUMERIC,False,False,The unique identifier for the claim info record.,ICD-10 / Diagnosis coding,False,True
AP_CLAIM_IF_ADMIT_DX_EDIT,Admit diagnosis edits returned from the grouper/pricer.,GROUP_LINE,INTEGER,False,False,The line number for the information associated with this record.,ICD-10 / Diagnosis coding,False,True
AP_CLAIM_IF_ADMIT_DX_EDIT,Admit diagnosis edits returned from the grouper/pricer.,VALUE_LINE,INTEGER,False,False,The line number of one of the multiple values associated with a specific group of data within this record.,ICD-10 / Diagnosis coding,False,True
AP_CLAIM_IF_ADMIT_DX_EDIT,Admit diagnosis edits returned from the grouper/pricer.,ADMIT_DX_EDIT,VARCHAR,False,False,Admit diagnosis edit returned by the grouper/pricer.,ICD-10 / Diagnosis coding,False,False
AP_CLAIM_IF_ADM_DX_ECODE,Admit Diagnosis Ecode/ Manifestation Code.,CLAIM_ID,NUMERIC,False,False,The unique identifier for the claim info record.,ICD-10 / Diagnosis coding,False,True
AP_CLAIM_IF_ADM_DX_ECODE,Admit Diagnosis Ecode/ Manifestation Code.,GROUP_LINE,INTEGER,False,False,The line number for the information associated with this record.,ICD-10 / Diagnosis coding,False,True
AP_CLAIM_IF_ADM_DX_ECODE,Admit Diagnosis Ecode/ Manifestation Code.,VALUE_LINE,INTEGER,False,False,The line number of one of the multiple values associated with a specific group of data within this record.,ICD-10 / Diagnosis coding,False,True
AP_CLAIM_IF_ADM_DX_ECODE,Admit Diagnosis Ecode/ Manifestation Code.,ADM_DX_ECODE,VARCHAR,False,False,Admit Diagnosis External Cause of Injury Code/Manifestation Code.,ICD-10 / Diagnosis coding,False,False
AP_CLAIM_IF_AGE_SX_DX_FLG,Age/sex diagnosis error flag.,CLAIM_ID,NUMERIC,False,False,The unique identifier for the claim info record.,ICD-10 / Diagnosis coding,False,True
AP_CLAIM_IF_AGE_SX_DX_FLG,Age/sex diagnosis error flag.,GROUP_LINE,INTEGER,False,False,The line number for the information associated with this record.,ICD-10 / Diagnosis coding,False,True
AP_CLAIM_IF_AGE_SX_DX_FLG,Age/sex diagnosis error flag.,VALUE_LINE,INTEGER,False,False,The line number of one of the multiple values associated with a specific group of data within this record.,ICD-10 / Diagnosis coding,False,True
AP_CLAIM_IF_AGE_SX_DX_FLG,Age/sex diagnosis error flag.,AGE_SEX_DX_FLAG,VARCHAR,False,False,Age/sex diagnosis error flag.,ICD-10 / Diagnosis coding,False,False
AP_CLAIM_IF_DUP_DX_FLAG,Duplicate diagnosis error flag.,CLAIM_ID,NUMERIC,False,False,The unique identifier for the claim info record.,ICD-10 / Diagnosis coding,False,True
AP_CLAIM_IF_DUP_DX_FLAG,Duplicate diagnosis error flag.,GROUP_LINE,INTEGER,False,False,The line number for the information associated with this record.,ICD-10 / Diagnosis coding,False,True
AP_CLAIM_IF_DUP_DX_FLAG,Duplicate diagnosis error flag.,VALUE_LINE,INTEGER,False,False,The line number of one of the multiple values associated with a specific group of data within this record.,ICD-10 / Diagnosis coding,False,True
AP_CLAIM_IF_DUP_DX_FLAG,Duplicate diagnosis error flag.,DUP_DX_FLAG,VARCHAR,False,False,Duplicate diagnosis error flag.,ICD-10 / Diagnosis coding,False,False
AP_CLAIM_IF_DUP_SEC_DX,Duplicate secondary diagnosis.,CLAIM_ID,NUMERIC,False,False,The unique identifier for the claim info record.,ICD-10 / Diagnosis coding,False,True
AP_CLAIM_IF_DUP_SEC_DX,Duplicate secondary diagnosis.,GROUP_LINE,INTEGER,False,False,The line number for the information associated with this record.,ICD-10 / Diagnosis coding,False,True
AP_CLAIM_IF_DUP_SEC_DX,Duplicate secondary diagnosis.,VALUE_LINE,INTEGER,False,False,The line number of one of the multiple values associated with a specific group of data within this record.,ICD-10 / Diagnosis coding,False,True
AP_CLAIM_IF_DUP_SEC_DX,Duplicate secondary diagnosis.,DUP_SEC_DX,VARCHAR,False,False,Duplicate secondary diagnosis.,ICD-10 / Diagnosis coding,False,False
AP_CLAIM_IF_DX_ADMIT_ROM,This table stores diagnosis risk of mortality (ROM) at admission.,CLAIM_ID,NUMERIC,False,False,The unique identifier for the claim info record.,ICD-10 / Diagnosis coding,False,True
AP_CLAIM_IF_DX_ADMIT_ROM,This table stores diagnosis risk of mortality (ROM) at admission.,GROUP_LINE,INTEGER,False,False,The line number for the information associated with this record.,ICD-10 / Diagnosis coding,False,True
AP_CLAIM_IF_DX_ADMIT_ROM,This table stores diagnosis risk of mortality (ROM) at admission.,VALUE_LINE,INTEGER,False,False,The line number of one of the multiple values associated with a specific group of data within this record.,ICD-10 / Diagnosis coding,False,True
AP_CLAIM_IF_DX_ADMIT_ROM,This table stores diagnosis risk of mortality (ROM) at admission.,DX_ADMISSION_ROM,VARCHAR,False,False,The risk of mortality (ROM) for this diagnosis at admission.,ICD-10 / Diagnosis coding,False,False
AP_CLAIM_IF_DX_ADMIT_SOI,This table stores the diagnosis severity of illness (SOI) at admission.,CLAIM_ID,NUMERIC,False,False,The unique identifier for the claim info record.,ICD-10 / Diagnosis coding,False,True
AP_CLAIM_IF_DX_ADMIT_SOI,This table stores the diagnosis severity of illness (SOI) at admission.,GROUP_LINE,INTEGER,False,False,The line number for the information associated with this record.,ICD-10 / Diagnosis coding,False,True
AP_CLAIM_IF_DX_ADMIT_SOI,This table stores the diagnosis severity of illness (SOI) at admission.,VALUE_LINE,INTEGER,False,False,The line number of one of the multiple values associated with a specific group of data within this record.,ICD-10 / Diagnosis coding,False,True
AP_CLAIM_IF_DX_ADMIT_SOI,This table stores the diagnosis severity of illness (SOI) at admission.,DX_ADMISSION_SOI,VARCHAR,False,False,The severity of illness (SOI) for this diagnosis at admission.,ICD-10 / Diagnosis coding,False,False
AP_CLAIM_IF_DX_AF_DRG_FLG,Flags that indicate whether the diagnosis affects the Diagnosis Related Grouper (DRG) selection.,CLAIM_ID,NUMERIC,False,False,The unique identifier for the claim info record.,ICD-10 / Diagnosis coding,False,True
AP_CLAIM_IF_DX_AF_DRG_FLG,Flags that indicate whether the diagnosis affects the Diagnosis Related Grouper (DRG) selection.,GROUP_LINE,INTEGER,False,False,The line number for the information associated with this record.,ICD-10 / Diagnosis coding,False,True
AP_CLAIM_IF_DX_AF_DRG_FLG,Flags that indicate whether the diagnosis affects the Diagnosis Related Grouper (DRG) selection.,VALUE_LINE,INTEGER,False,False,The line number of one of the multiple values associated with a specific group of data within this record.,ICD-10 / Diagnosis coding,False,True
AP_CLAIM_IF_DX_AF_DRG_FLG,Flags that indicate whether the diagnosis affects the Diagnosis Related Grouper (DRG) selection.,DX_AFFECT_DRG_FLAG,VARCHAR,False,False,Indicates how the diagnosis affected the Diagnosis Related Group (DRG) assignment.,ICD-10 / Diagnosis coding,False,False
AP_CLAIM_IF_DX_AF_HAC_DRG,This table extracts the related multiple response Interface Info - Grouper Dx - Affect HAC Adjust DRG Flg (I CLM 21846) item.,CLAIM_ID,NUMERIC,False,False,The unique identifier for the claim info record.,ICD-10 / Diagnosis coding,False,True
AP_CLAIM_IF_DX_AF_HAC_DRG,This table extracts the related multiple response Interface Info - Grouper Dx - Affect HAC Adjust DRG Flg (I CLM 21846) item.,GROUP_LINE,INTEGER,False,False,The line number for the information associated with this record.,ICD-10 / Diagnosis coding,False,True
AP_CLAIM_IF_DX_AF_HAC_DRG,This table extracts the related multiple response Interface Info - Grouper Dx - Affect HAC Adjust DRG Flg (I CLM 21846) item.,VALUE_LINE,INTEGER,False,False,The line number of one of the multiple values associated with a specific group of data within this record.,ICD-10 / Diagnosis coding,False,True
AP_CLAIM_IF_DX_AF_HAC_DRG,This table extracts the related multiple response Interface Info - Grouper Dx - Affect HAC Adjust DRG Flg (I CLM 21846) item.,DX_AFF_HAC_ADJ_DRG,VARCHAR,False,False,How the diagnosis affected the diagnosis related group (DRG) assignment following hospital-acquired condition (HAC) adjusted DRG processing.,ICD-10 / Diagnosis coding,False,False
AP_CLAIM_IF_DX_AF_HAC_ROM,This table extracts the related multiple response Interface Info - Grouper Dx - Affect HAC Adjust ROM Flg (I CLM 21847) item.,CLAIM_ID,NUMERIC,False,False,The unique identifier for the claim info record.,ICD-10 / Diagnosis coding,False,True
AP_CLAIM_IF_DX_AF_HAC_ROM,This table extracts the related multiple response Interface Info - Grouper Dx - Affect HAC Adjust ROM Flg (I CLM 21847) item.,GROUP_LINE,INTEGER,False,False,The line number for the information associated with this record.,ICD-10 / Diagnosis coding,False,True
AP_CLAIM_IF_DX_AF_HAC_ROM,This table extracts the related multiple response Interface Info - Grouper Dx - Affect HAC Adjust ROM Flg (I CLM 21847) item.,VALUE_LINE,INTEGER,False,False,The line number of one of the multiple values associated with a specific group of data within this record.,ICD-10 / Diagnosis coding,False,True
AP_CLAIM_IF_DX_AF_HAC_ROM,This table extracts the related multiple response Interface Info - Grouper Dx - Affect HAC Adjust ROM Flg (I CLM 21847) item.,DX_AFF_HAC_ADJ_ROM,VARCHAR,False,False,How the diagnosis affected the Hospital Acquired Condition (HAC)-adjusted Risk of Mortality (ROM) assignment.,ICD-10 / Diagnosis coding,False,False
AP_CLAIM_IF_DX_AF_HAC_SOI,This table extracts the related multiple response Interface Info - Grouper Dx - Affect HAC Adjust SOI Flg (I CLM 21848) item.,CLAIM_ID,NUMERIC,False,False,The unique identifier for the claim info record.,ICD-10 / Diagnosis coding,False,True
AP_CLAIM_IF_DX_AF_HAC_SOI,This table extracts the related multiple response Interface Info - Grouper Dx - Affect HAC Adjust SOI Flg (I CLM 21848) item.,GROUP_LINE,INTEGER,False,False,The line number for the information associated with this record.,ICD-10 / Diagnosis coding,False,True
AP_CLAIM_IF_DX_AF_HAC_SOI,This table extracts the related multiple response Interface Info - Grouper Dx - Affect HAC Adjust SOI Flg (I CLM 21848) item.,VALUE_LINE,INTEGER,False,False,The line number of one of the multiple values associated with a specific group of data within this record.,ICD-10 / Diagnosis coding,False,True
AP_CLAIM_IF_DX_AF_HAC_SOI,This table extracts the related multiple response Interface Info - Grouper Dx - Affect HAC Adjust SOI Flg (I CLM 21848) item.,DX_AFF_HAC_ADJ_SOI,VARCHAR,False,False,How the diagnosis affected the Hospital Acquired Condition (HAC)-adjusted severity of illness (SOI) assignment.,ICD-10 / Diagnosis coding,False,False
AP_CLAIM_IF_DX_COMP_IND,This table contains a code which indicates if a diagnosis increased the complexity of the visit.,CLAIM_ID,NUMERIC,False,False,The unique identifier for the claim info record.,ICD-10 / Diagnosis coding,False,True
AP_CLAIM_IF_DX_COMP_IND,This table contains a code which indicates if a diagnosis increased the complexity of the visit.,GROUP_LINE,INTEGER,False,False,The line number for the information associated with this record.,ICD-10 / Diagnosis coding,False,True
AP_CLAIM_IF_DX_COMP_IND,This table contains a code which indicates if a diagnosis increased the complexity of the visit.,VALUE_LINE,INTEGER,False,False,The line number of one of the multiple values associated with a specific group of data within this record.,ICD-10 / Diagnosis coding,False,True
AP_CLAIM_IF_DX_COMP_IND,This table contains a code which indicates if a diagnosis increased the complexity of the visit.,COMPLEXITY_INDICATOR,VARCHAR,False,False,Complexity indicator that indicates if a diagnosis increased the complexity of the visit.,ICD-10 / Diagnosis coding,False,False
AP_CLAIM_IF_DX_EDIT,Diagnosis edits returned by the grouper/pricer.,CLAIM_ID,NUMERIC,False,False,The unique identifier for the claim info record.,ICD-10 / Diagnosis coding,False,True
AP_CLAIM_IF_DX_EDIT,Diagnosis edits returned by the grouper/pricer.,GROUP_LINE,INTEGER,False,False,The line number for the information associated with this record.,ICD-10 / Diagnosis coding,False,True
AP_CLAIM_IF_DX_EDIT,Diagnosis edits returned by the grouper/pricer.,VALUE_LINE,INTEGER,False,False,The line number of one of the multiple values associated with a specific group of data within this record.,ICD-10 / Diagnosis coding,False,True
AP_CLAIM_IF_DX_EDIT,Diagnosis edits returned by the grouper/pricer.,DX_EDIT,VARCHAR,False,False,Diagnosis edits returned by the grouper/pricer.,ICD-10 / Diagnosis coding,False,False
AP_CLAIM_IF_DX_EDIT,Diagnosis edits returned by the grouper/pricer.,DX_EDIT_1,VARCHAR,False,False,The first edit for the diagnosis line.,ICD-10 / Diagnosis coding,False,False
AP_CLAIM_IF_DX_EDIT,Diagnosis edits returned by the grouper/pricer.,DX_EDIT_2,VARCHAR,False,False,The second edit for the diagnosis line.,ICD-10 / Diagnosis coding,False,False
AP_CLAIM_IF_DX_EDIT,Diagnosis edits returned by the grouper/pricer.,DX_EDIT_3,VARCHAR,False,False,The third edit for the diagnosis line.,ICD-10 / Diagnosis coding,False,False
AP_CLAIM_IF_DX_EDIT,Diagnosis edits returned by the grouper/pricer.,DX_EDIT_4,VARCHAR,False,False,The fourth edit for the diagnosis line.,ICD-10 / Diagnosis coding,False,False
AP_CLAIM_IF_DX_EDIT,Diagnosis edits returned by the grouper/pricer.,DX_EDIT_5,VARCHAR,False,False,The fifth edit for the diagnosis line.,ICD-10 / Diagnosis coding,False,False
AP_CLAIM_IF_DX_EDIT,Diagnosis edits returned by the grouper/pricer.,DX_EDIT_6,VARCHAR,False,False,The sixth edit for the diagnosis line.,ICD-10 / Diagnosis coding,False,False
AP_CLAIM_IF_DX_EDIT,Diagnosis edits returned by the grouper/pricer.,DX_EDIT_7,VARCHAR,False,False,The seventh edit for the diagnosis line.,ICD-10 / Diagnosis coding,False,False
AP_CLAIM_IF_DX_EDIT,Diagnosis edits returned by the grouper/pricer.,DX_EDIT_8,VARCHAR,False,False,The eighth edit for the diagnosis line.,ICD-10 / Diagnosis coding,False,False
AP_CLAIM_IF_DX_EDIT,Diagnosis edits returned by the grouper/pricer.,DX_EDIT_9,VARCHAR,False,False,The ninth edit for the diagnosis line.,ICD-10 / Diagnosis coding,False,False
AP_CLAIM_IF_DX_EDIT,Diagnosis edits returned by the grouper/pricer.,DX_EDIT_10,VARCHAR,False,False,The tenth edit for the diagnosis line.,ICD-10 / Diagnosis coding,False,False
AP_CLAIM_IF_DX_EDIT_DESC,This table contains description of diagnosis edits returned from the third party interface.,CLAIM_ID,NUMERIC,False,False,The unique identifier (.1 item) for the claim info record.,ICD-10 / Diagnosis coding,False,True
AP_CLAIM_IF_DX_EDIT_DESC,This table contains description of diagnosis edits returned from the third party interface.,GROUP_LINE,INTEGER,False,False,The line number for the information associated with this record.,ICD-10 / Diagnosis coding,False,True
AP_CLAIM_IF_DX_EDIT_DESC,This table contains description of diagnosis edits returned from the third party interface.,VALUE_LINE,INTEGER,False,False,The line number of one of the multiple values associated with a specific group of data within this record.,ICD-10 / Diagnosis coding,False,True
AP_CLAIM_IF_DX_EDIT_DESC,This table contains description of diagnosis edits returned from the third party interface.,CM_PHY_OWNER_ID,VARCHAR,False,False,The Community ID (CID) of the instance that owns this record or line. This is only populated if you use IntraConnect.,ICD-10 / Diagnosis coding,False,False
AP_CLAIM_IF_DX_EDIT_DESC,This table contains description of diagnosis edits returned from the third party interface.,DX_EDIT_DESCRIPTION,VARCHAR,False,False,The description of the diagnosis edit.,ICD-10 / Diagnosis coding,False,False
AP_CLAIM_IF_DX_EXCL_HAC,This table extracts the related multiple response Interface Info - Grouper Dx - Excl Frm HAC Adj Grouping (I CLM 21852) item.,CLAIM_ID,NUMERIC,False,False,The unique identifier for the claim info record.,ICD-10 / Diagnosis coding,False,True
AP_CLAIM_IF_DX_EXCL_HAC,This table extracts the related multiple response Interface Info - Grouper Dx - Excl Frm HAC Adj Grouping (I CLM 21852) item.,GROUP_LINE,INTEGER,False,False,The line number for the information associated with this record.,ICD-10 / Diagnosis coding,False,True
AP_CLAIM_IF_DX_EXCL_HAC,This table extracts the related multiple response Interface Info - Grouper Dx - Excl Frm HAC Adj Grouping (I CLM 21852) item.,VALUE_LINE,INTEGER,False,False,The line number of one of the multiple values associated with a specific group of data within this record.,ICD-10 / Diagnosis coding,False,True
AP_CLAIM_IF_DX_EXCL_HAC,This table extracts the related multiple response Interface Info - Grouper Dx - Excl Frm HAC Adj Grouping (I CLM 21852) item.,DX_EXCL_HAC_GRPING,VARCHAR,False,False,Indicates whether the diagnosis code was excluded from hospital-acquired condition (HAC)-adjusted grouping.,ICD-10 / Diagnosis coding,False,False
AP_CLAIM_IF_DX_HAC_AJ_ROM,This table extracts the related multiple response Interface Info - Grouper Dx - HAC Adjusted ROM (I CLM 21853) item.,CLAIM_ID,NUMERIC,False,False,The unique identifier for the claim info record.,ICD-10 / Diagnosis coding,False,True
AP_CLAIM_IF_DX_HAC_AJ_ROM,This table extracts the related multiple response Interface Info - Grouper Dx - HAC Adjusted ROM (I CLM 21853) item.,GROUP_LINE,INTEGER,False,False,The line number for the information associated with this record.,ICD-10 / Diagnosis coding,False,True
AP_CLAIM_IF_DX_HAC_AJ_ROM,This table extracts the related multiple response Interface Info - Grouper Dx - HAC Adjusted ROM (I CLM 21853) item.,VALUE_LINE,INTEGER,False,False,The line number of one of the multiple values associated with a specific group of data within this record.,ICD-10 / Diagnosis coding,False,True
AP_CLAIM_IF_DX_HAC_AJ_ROM,This table extracts the related multiple response Interface Info - Grouper Dx - HAC Adjusted ROM (I CLM 21853) item.,DX_HAC_ADJ_ROM,VARCHAR,False,False,"Diagnosis risk of mortality level at discharge, following Hospital-Acquired Condition Adjusted processing.",ICD-10 / Diagnosis coding,False,False
AP_CLAIM_IF_DX_HAC_AJ_SOI,This table extracts the related multiple response Interface Info - Grouper Dx - HAC Adjusted SOI Flag (I CLM 21854) item.,CLAIM_ID,NUMERIC,False,False,The unique identifier for the claim info record.,ICD-10 / Diagnosis coding,False,True
AP_CLAIM_IF_DX_HAC_AJ_SOI,This table extracts the related multiple response Interface Info - Grouper Dx - HAC Adjusted SOI Flag (I CLM 21854) item.,GROUP_LINE,INTEGER,False,False,The line number for the information associated with this record.,ICD-10 / Diagnosis coding,False,True
AP_CLAIM_IF_DX_HAC_AJ_SOI,This table extracts the related multiple response Interface Info - Grouper Dx - HAC Adjusted SOI Flag (I CLM 21854) item.,VALUE_LINE,INTEGER,False,False,The line number of one of the multiple values associated with a specific group of data within this record.,ICD-10 / Diagnosis coding,False,True
AP_CLAIM_IF_DX_HAC_AJ_SOI,This table extracts the related multiple response Interface Info - Grouper Dx - HAC Adjusted SOI Flag (I CLM 21854) item.,DX_HAC_ADJ_SOI,VARCHAR,False,False,Diagnosis severity of illness assignment at discharge following Hospital-Acquired condition adjusted processing.,ICD-10 / Diagnosis coding,False,False
AP_CLAIM_IF_DX_HAC_ASGN,This table extracts the related multiple response Interface Info - Grouper Dx - Affect HAC Assignment (I CLM 21849) item.,CLAIM_ID,NUMERIC,False,False,The unique identifier for the claim info record.,ICD-10 / Diagnosis coding,False,True
AP_CLAIM_IF_DX_HAC_ASGN,This table extracts the related multiple response Interface Info - Grouper Dx - Affect HAC Assignment (I CLM 21849) item.,GROUP_LINE,INTEGER,False,False,The line number for the information associated with this record.,ICD-10 / Diagnosis coding,False,True
AP_CLAIM_IF_DX_HAC_ASGN,This table extracts the related multiple response Interface Info - Grouper Dx - Affect HAC Assignment (I CLM 21849) item.,VALUE_LINE,INTEGER,False,False,The line number of one of the multiple values associated with a specific group of data within this record.,ICD-10 / Diagnosis coding,False,True
AP_CLAIM_IF_DX_HAC_ASGN,This table extracts the related multiple response Interface Info - Grouper Dx - Affect HAC Assignment (I CLM 21849) item.,DX_AFF_HAC_ASGN,VARCHAR,False,False,Whether or not the diagnosis affected the Hospital-Acquired Condition Category assignment.,ICD-10 / Diagnosis coding,False,False
AP_CLAIM_IF_DX_HAC_CAT,The diagnosis hospital-acquired condition (HAC) categories.,CLAIM_ID,NUMERIC,False,False,The unique identifier for the claim info record.,ICD-10 / Diagnosis coding,False,True
AP_CLAIM_IF_DX_HAC_CAT,The diagnosis hospital-acquired condition (HAC) categories.,GROUP_LINE,INTEGER,False,False,The line number for the information associated with this record.,ICD-10 / Diagnosis coding,False,True
AP_CLAIM_IF_DX_HAC_CAT,The diagnosis hospital-acquired condition (HAC) categories.,VALUE_LINE,INTEGER,False,False,The line number of one of the multiple values associated with a specific group of data within this record.,ICD-10 / Diagnosis coding,False,True
AP_CLAIM_IF_DX_HAC_CAT,The diagnosis hospital-acquired condition (HAC) categories.,DX_HAC_CAT,VARCHAR,False,False,Indicates the HAC category for the diagnosis when all HAC criteria are met.,ICD-10 / Diagnosis coding,False,False
AP_CLAIM_IF_DX_HAC_CAT,The diagnosis hospital-acquired condition (HAC) categories.,DX_HAC_CAT_1,VARCHAR,False,False,The first HAC category for the diagnosis line.,ICD-10 / Diagnosis coding,False,False
AP_CLAIM_IF_DX_HAC_CAT,The diagnosis hospital-acquired condition (HAC) categories.,DX_HAC_CAT_2,VARCHAR,False,False,The second HAC category for the diagnosis line.,ICD-10 / Diagnosis coding,False,False
AP_CLAIM_IF_DX_HAC_CAT,The diagnosis hospital-acquired condition (HAC) categories.,DX_HAC_CAT_3,VARCHAR,False,False,The third HAC category for the diagnosis line.,ICD-10 / Diagnosis coding,False,False
AP_CLAIM_IF_DX_HAC_CAT,The diagnosis hospital-acquired condition (HAC) categories.,DX_HAC_CAT_4,VARCHAR,False,False,The fourth HAC category for the diagnosis line.,ICD-10 / Diagnosis coding,False,False
AP_CLAIM_IF_DX_HAC_CAT,The diagnosis hospital-acquired condition (HAC) categories.,DX_HAC_CAT_5,VARCHAR,False,False,The fifth HAC category for the diagnosis line.,ICD-10 / Diagnosis coding,False,False
AP_CLAIM_IF_DX_HAC_IND,This table extracts the related multiple response Interface Info - Grouper Dx - HAC Indicator (I CLM 21855) item.,CLAIM_ID,NUMERIC,False,False,The unique identifier for the claim info record.,ICD-10 / Diagnosis coding,False,True
AP_CLAIM_IF_DX_HAC_IND,This table extracts the related multiple response Interface Info - Grouper Dx - HAC Indicator (I CLM 21855) item.,GROUP_LINE,INTEGER,False,False,The line number for the information associated with this record.,ICD-10 / Diagnosis coding,False,True
AP_CLAIM_IF_DX_HAC_IND,This table extracts the related multiple response Interface Info - Grouper Dx - HAC Indicator (I CLM 21855) item.,VALUE_LINE,INTEGER,False,False,The line number of one of the multiple values associated with a specific group of data within this record.,ICD-10 / Diagnosis coding,False,True
AP_CLAIM_IF_DX_HAC_IND,This table extracts the related multiple response Interface Info - Grouper Dx - HAC Indicator (I CLM 21855) item.,DX_HAC_INDICATOR,VARCHAR,False,False,Whether the diagnosis was identified as a hospital-acquired condition.,ICD-10 / Diagnosis coding,False,False
AP_CLAIM_IF_DX_HAC_ROM_FL,This table extracts the related multiple response Interface Info - Grouper Dx - Affect ROM Flag (I CLM 21850) item.,CLAIM_ID,NUMERIC,False,False,The unique identifier for the claim info record.,ICD-10 / Diagnosis coding,False,True
AP_CLAIM_IF_DX_HAC_ROM_FL,This table extracts the related multiple response Interface Info - Grouper Dx - Affect ROM Flag (I CLM 21850) item.,GROUP_LINE,INTEGER,False,False,The line number for the information associated with this record.,ICD-10 / Diagnosis coding,False,True
AP_CLAIM_IF_DX_HAC_ROM_FL,This table extracts the related multiple response Interface Info - Grouper Dx - Affect ROM Flag (I CLM 21850) item.,VALUE_LINE,INTEGER,False,False,The line number of one of the multiple values associated with a specific group of data within this record.,ICD-10 / Diagnosis coding,False,True
AP_CLAIM_IF_DX_HAC_ROM_FL,This table extracts the related multiple response Interface Info - Grouper Dx - Affect ROM Flag (I CLM 21850) item.,DX_AFFECT_ROM_FLAG,VARCHAR,False,False,How the diagnosis affected risk of mortality calculation.,ICD-10 / Diagnosis coding,False,False
AP_CLAIM_IF_DX_HAC_SOI_FL,This table extracts the related multiple response Interface Info - Grouper Dx - Affect SOI Flag (I CLM 21851) item.,CLAIM_ID,NUMERIC,False,False,The unique identifier for the claim info record.,ICD-10 / Diagnosis coding,False,True
AP_CLAIM_IF_DX_HAC_SOI_FL,This table extracts the related multiple response Interface Info - Grouper Dx - Affect SOI Flag (I CLM 21851) item.,GROUP_LINE,INTEGER,False,False,The line number for the information associated with this record.,ICD-10 / Diagnosis coding,False,True
AP_CLAIM_IF_DX_HAC_SOI_FL,This table extracts the related multiple response Interface Info - Grouper Dx - Affect SOI Flag (I CLM 21851) item.,VALUE_LINE,INTEGER,False,False,The line number of one of the multiple values associated with a specific group of data within this record.,ICD-10 / Diagnosis coding,False,True
AP_CLAIM_IF_DX_HAC_SOI_FL,This table extracts the related multiple response Interface Info - Grouper Dx - Affect SOI Flag (I CLM 21851) item.,DX_AFFECT_SOI_FLAG,VARCHAR,False,False,How the diagnosis affected severity of illness assignment.,ICD-10 / Diagnosis coding,False,False
AP_CLAIM_IF_DX_HAC_USAGE,Indicates if the diagnosis code and present on admission (POA) value combination were used in grouper processing.,CLAIM_ID,NUMERIC,False,False,The unique identifier for the claim info record.,ICD-10 / Diagnosis coding,False,True
AP_CLAIM_IF_DX_HAC_USAGE,Indicates if the diagnosis code and present on admission (POA) value combination were used in grouper processing.,GROUP_LINE,INTEGER,False,False,The line number for the information associated with this record.,ICD-10 / Diagnosis coding,False,True
AP_CLAIM_IF_DX_HAC_USAGE,Indicates if the diagnosis code and present on admission (POA) value combination were used in grouper processing.,VALUE_LINE,INTEGER,False,False,The line number of one of the multiple values associated with a specific group of data within this record.,ICD-10 / Diagnosis coding,False,True
AP_CLAIM_IF_DX_HAC_USAGE,Indicates if the diagnosis code and present on admission (POA) value combination were used in grouper processing.,DX_HAC_USAGE,VARCHAR,False,False,Indicates if the diagnosis code and present on admission (POA) value combination were used in grouper processing.,ICD-10 / Diagnosis coding,False,False
AP_CLAIM_IF_DX_HAC_USAGE,Indicates if the diagnosis code and present on admission (POA) value combination were used in grouper processing.,DX_HAC_USAGE_1,VARCHAR,False,False,Whether or not the first diagnosis code and POA value combination were used in grouper processing.,ICD-10 / Diagnosis coding,False,False
AP_CLAIM_IF_DX_HAC_USAGE,Indicates if the diagnosis code and present on admission (POA) value combination were used in grouper processing.,DX_HAC_USAGE_2,VARCHAR,False,False,Whether or not the second diagnosis code and POA value combination were used in grouper processing.,ICD-10 / Diagnosis coding,False,False
AP_CLAIM_IF_DX_HAC_USAGE,Indicates if the diagnosis code and present on admission (POA) value combination were used in grouper processing.,DX_HAC_USAGE_3,VARCHAR,False,False,Whether or not the third diagnosis code and POA value combination were used in grouper processing.,ICD-10 / Diagnosis coding,False,False
AP_CLAIM_IF_DX_HAC_USAGE,Indicates if the diagnosis code and present on admission (POA) value combination were used in grouper processing.,DX_HAC_USAGE_4,VARCHAR,False,False,Whether or not the fourth diagnosis code and POA value combination were used in grouper processing.,ICD-10 / Diagnosis coding,False,False
AP_CLAIM_IF_DX_HAC_USAGE,Indicates if the diagnosis code and present on admission (POA) value combination were used in grouper processing.,DX_HAC_USAGE_5,VARCHAR,False,False,Whether or not the fifth diagnosis code and POA value combination were used in grouper processing.,ICD-10 / Diagnosis coding,False,False
AP_CLAIM_IF_DX_INVALID,This table returns an Optum-defined code indicating why a diagnosis code is considered invalid.,CLAIM_ID,NUMERIC,False,False,The unique identifier for the claim info record.,ICD-10 / Diagnosis coding,False,True
AP_CLAIM_IF_DX_INVALID,This table returns an Optum-defined code indicating why a diagnosis code is considered invalid.,GROUP_LINE,INTEGER,False,False,The line number for the information associated with this record.,ICD-10 / Diagnosis coding,False,True
AP_CLAIM_IF_DX_INVALID,This table returns an Optum-defined code indicating why a diagnosis code is considered invalid.,VALUE_LINE,INTEGER,False,False,The line number of one of the multiple values associated with a specific group of data within this record.,ICD-10 / Diagnosis coding,False,True
AP_CLAIM_IF_DX_INVALID,This table returns an Optum-defined code indicating why a diagnosis code is considered invalid.,DX_INVALID,VARCHAR,False,False,Diagnosis invalid.,ICD-10 / Diagnosis coding,False,False
AP_CLAIM_IF_DX_POA_BYPASS,This table extracts data received from PPS pricer for a claim in DX 'Present on Admission Bypassed'.,CLAIM_ID,NUMERIC,False,False,The unique identifier for the claim info record.,ICD-10 / Diagnosis coding,False,True
AP_CLAIM_IF_DX_POA_BYPASS,This table extracts data received from PPS pricer for a claim in DX 'Present on Admission Bypassed'.,GROUP_LINE,INTEGER,False,False,The line number for the information associated with this record.,ICD-10 / Diagnosis coding,False,True
AP_CLAIM_IF_DX_POA_BYPASS,This table extracts data received from PPS pricer for a claim in DX 'Present on Admission Bypassed'.,VALUE_LINE,INTEGER,False,False,The line number of one of the multiple values associated with a specific group of data within this record.,ICD-10 / Diagnosis coding,False,True
AP_CLAIM_IF_DX_POA_BYPASS,This table extracts data received from PPS pricer for a claim in DX 'Present on Admission Bypassed'.,DX_PRSNT_ADM_BYPASS,VARCHAR,False,False,Identifies if diagnosis code is eligible for bypass. Data received in DX block on incoming message.,ICD-10 / Diagnosis coding,False,False
AP_CLAIM_IF_DX_POA_ERR_CD,Indicates how the Present On Admission (POA) values submitted impacted grouper logic.,CLAIM_ID,NUMERIC,False,False,The unique identifier for the claim info record.,ICD-10 / Diagnosis coding,False,True
AP_CLAIM_IF_DX_POA_ERR_CD,Indicates how the Present On Admission (POA) values submitted impacted grouper logic.,GROUP_LINE,INTEGER,False,False,The line number for the information associated with this record.,ICD-10 / Diagnosis coding,False,True
AP_CLAIM_IF_DX_POA_ERR_CD,Indicates how the Present On Admission (POA) values submitted impacted grouper logic.,VALUE_LINE,INTEGER,False,False,The line number of one of the multiple values associated with a specific group of data within this record.,ICD-10 / Diagnosis coding,False,True
AP_CLAIM_IF_DX_POA_ERR_CD,Indicates how the Present On Admission (POA) values submitted impacted grouper logic.,DX_POA_ERROR_CODE,VARCHAR,False,False,Indicates how the present on admission values submitted impacted grouper logic.,ICD-10 / Diagnosis coding,False,False
AP_CLAIM_IF_DX_POA_USED,The present on admission (POA) value used during processing.,CLAIM_ID,NUMERIC,False,False,The unique identifier for the claim info record.,ICD-10 / Diagnosis coding,False,True
AP_CLAIM_IF_DX_POA_USED,The present on admission (POA) value used during processing.,GROUP_LINE,INTEGER,False,False,The line number for the information associated with this record.,ICD-10 / Diagnosis coding,False,True
AP_CLAIM_IF_DX_POA_USED,The present on admission (POA) value used during processing.,VALUE_LINE,INTEGER,False,False,The line number of one of the multiple values associated with a specific group of data within this record.,ICD-10 / Diagnosis coding,False,True
AP_CLAIM_IF_DX_POA_USED,The present on admission (POA) value used during processing.,DX_POA_USED,VARCHAR,False,False,The present on admission value used during processing.,ICD-10 / Diagnosis coding,False,False
AP_CLAIM_IF_DX_PSCA,"This table contains the PSCA (Proportional Standard Cost Allocation) assigned to each diagnosis on the claim, taking into consideration the age and gender of the patient.",CLAIM_ID,NUMERIC,False,False,The unique identifier for the claim info record.,ICD-10 / Diagnosis coding,False,True
AP_CLAIM_IF_DX_PSCA,"This table contains the PSCA (Proportional Standard Cost Allocation) assigned to each diagnosis on the claim, taking into consideration the age and gender of the patient.",GROUP_LINE,INTEGER,False,False,The line number for the information associated with this record.,ICD-10 / Diagnosis coding,False,True
AP_CLAIM_IF_DX_PSCA,"This table contains the PSCA (Proportional Standard Cost Allocation) assigned to each diagnosis on the claim, taking into consideration the age and gender of the patient.",VALUE_LINE,INTEGER,False,False,The line number of one of the multiple values associated with a specific group of data within this record.,ICD-10 / Diagnosis coding,False,True
AP_CLAIM_IF_DX_PSCA,"This table contains the PSCA (Proportional Standard Cost Allocation) assigned to each diagnosis on the claim, taking into consideration the age and gender of the patient.",PSCA,VARCHAR,False,False,The PSCA (Proportional Standard Cost Allocation) assigned to this diagnosis code taking into consideration the age and gender of the patient.,ICD-10 / Diagnosis coding,False,False
AP_CLAIM_IF_DX_SUG_SURG,Diagnosis suggests surgery.,CLAIM_ID,NUMERIC,False,False,The unique identifier for the claim info record.,ICD-10 / Diagnosis coding,False,True
AP_CLAIM_IF_DX_SUG_SURG,Diagnosis suggests surgery.,GROUP_LINE,INTEGER,False,False,The line number for the information associated with this record.,ICD-10 / Diagnosis coding,False,True
AP_CLAIM_IF_DX_SUG_SURG,Diagnosis suggests surgery.,VALUE_LINE,INTEGER,False,False,The line number of one of the multiple values associated with a specific group of data within this record.,ICD-10 / Diagnosis coding,False,True
AP_CLAIM_IF_DX_SUG_SURG,Diagnosis suggests surgery.,DX_SUGGST_SURG,VARCHAR,False,False,Diagnosis suggests surgery.,ICD-10 / Diagnosis coding,False,False
AP_CLAIM_IF_DX_USED,The diagnosis code(s) that was used during processing; may be the entered or the mapped code.,CLAIM_ID,NUMERIC,False,False,The unique identifier for the claim info record.,ICD-10 / Diagnosis coding,False,True
AP_CLAIM_IF_DX_USED,The diagnosis code(s) that was used during processing; may be the entered or the mapped code.,GROUP_LINE,INTEGER,False,False,The line number for the information associated with this record.,ICD-10 / Diagnosis coding,False,True
AP_CLAIM_IF_DX_USED,The diagnosis code(s) that was used during processing; may be the entered or the mapped code.,VALUE_LINE,INTEGER,False,False,The line number of one of the multiple values associated with a specific group of data within this record.,ICD-10 / Diagnosis coding,False,True
AP_CLAIM_IF_DX_USED,The diagnosis code(s) that was used during processing; may be the entered or the mapped code.,DX_USED,VARCHAR,False,False,The diagnosis code used during processing; may be the entered or the mapped code.,ICD-10 / Diagnosis coding,False,False
AP_CLAIM_IF_DX_USED,The diagnosis code(s) that was used during processing; may be the entered or the mapped code.,DX_USED_1,VARCHAR,False,False,The first diagnosis code that was used during processing.,ICD-10 / Diagnosis coding,False,False
AP_CLAIM_IF_DX_USED,The diagnosis code(s) that was used during processing; may be the entered or the mapped code.,DX_USED_2,VARCHAR,False,False,The second diagnosis code that was used during processing.,ICD-10 / Diagnosis coding,False,False
AP_CLAIM_IF_DX_USED,The diagnosis code(s) that was used during processing; may be the entered or the mapped code.,DX_USED_3,VARCHAR,False,False,The third diagnosis code that was used during processing.,ICD-10 / Diagnosis coding,False,False
AP_CLAIM_IF_DX_USED,The diagnosis code(s) that was used during processing; may be the entered or the mapped code.,DX_USED_4,VARCHAR,False,False,The fourth diagnosis code that was used during processing.,ICD-10 / Diagnosis coding,False,False
AP_CLAIM_IF_DX_USED,The diagnosis code(s) that was used during processing; may be the entered or the mapped code.,DX_USED_5,VARCHAR,False,False,The fifth diagnosis code that was used during processing.,ICD-10 / Diagnosis coding,False,False
AP_CLAIM_IF_DX_USED_DESC,This table contains description of the diagnosis used for pricing as returned from the third party interface.,CLAIM_ID,NUMERIC,False,False,The unique identifier (.1 item) for the claim info record.,ICD-10 / Diagnosis coding,False,True
AP_CLAIM_IF_DX_USED_DESC,This table contains description of the diagnosis used for pricing as returned from the third party interface.,GROUP_LINE,INTEGER,False,False,The line number for the information associated with this record.,ICD-10 / Diagnosis coding,False,True
AP_CLAIM_IF_DX_USED_DESC,This table contains description of the diagnosis used for pricing as returned from the third party interface.,VALUE_LINE,INTEGER,False,False,The line number of one of the multiple values associated with a specific group of data within this record.,ICD-10 / Diagnosis coding,False,True
AP_CLAIM_IF_DX_USED_DESC,This table contains description of the diagnosis used for pricing as returned from the third party interface.,CM_PHY_OWNER_ID,VARCHAR,False,False,The Community ID (CID) of the instance that owns this record or line. This is only populated if you use IntraConnect.,ICD-10 / Diagnosis coding,False,False
AP_CLAIM_IF_DX_USED_DESC,This table contains description of the diagnosis used for pricing as returned from the third party interface.,DX_USED_DESCRIPTION,VARCHAR,False,False,The description of the diagnosis used,ICD-10 / Diagnosis coding,False,False
AP_CLAIM_IF_DX_USED_HAC,This table extracts the related multiple response Interface Info - Grouper - Dx Used for HAC Processing (I CLM 21856) item.,CLAIM_ID,NUMERIC,False,False,The unique identifier for the claim info record.,ICD-10 / Diagnosis coding,False,True
AP_CLAIM_IF_DX_USED_HAC,This table extracts the related multiple response Interface Info - Grouper - Dx Used for HAC Processing (I CLM 21856) item.,GROUP_LINE,INTEGER,False,False,The line number for the information associated with this record.,ICD-10 / Diagnosis coding,False,True
AP_CLAIM_IF_DX_USED_HAC,This table extracts the related multiple response Interface Info - Grouper - Dx Used for HAC Processing (I CLM 21856) item.,VALUE_LINE,INTEGER,False,False,The line number of one of the multiple values associated with a specific group of data within this record.,ICD-10 / Diagnosis coding,False,True
AP_CLAIM_IF_DX_USED_HAC,This table extracts the related multiple response Interface Info - Grouper - Dx Used for HAC Processing (I CLM 21856) item.,DX_USED_HAC_PROCESS,VARCHAR,False,False,Diagnosis codes that were used during hospital-acquired condition (HAC)-adjusted diagnosis related group (DRG) processing.,ICD-10 / Diagnosis coding,False,False
AP_CLAIM_IF_DX_USED_HAC,This table extracts the related multiple response Interface Info - Grouper - Dx Used for HAC Processing (I CLM 21856) item.,DX_USED_HAC_PROCESS_1,VARCHAR,False,False,The first diagnosis code that was used during HAC adjusted DRG processing.,ICD-10 / Diagnosis coding,False,False
AP_CLAIM_IF_DX_USED_HAC,This table extracts the related multiple response Interface Info - Grouper - Dx Used for HAC Processing (I CLM 21856) item.,DX_USED_HAC_PROCESS_2,VARCHAR,False,False,The second diagnosis code that was used during HAC adjusted DRG processing.,ICD-10 / Diagnosis coding,False,False
AP_CLAIM_IF_DX_USED_HAC,This table extracts the related multiple response Interface Info - Grouper - Dx Used for HAC Processing (I CLM 21856) item.,DX_USED_HAC_PROCESS_3,VARCHAR,False,False,The third diagnosis code that was used during HAC adjusted DRG processing.,ICD-10 / Diagnosis coding,False,False
AP_CLAIM_IF_DX_USED_HAC,This table extracts the related multiple response Interface Info - Grouper - Dx Used for HAC Processing (I CLM 21856) item.,DX_USED_HAC_PROCESS_4,VARCHAR,False,False,The fourth diagnosis code that was used during HAC adjusted DRG processing.,ICD-10 / Diagnosis coding,False,False
AP_CLAIM_IF_DX_USED_HAC,This table extracts the related multiple response Interface Info - Grouper - Dx Used for HAC Processing (I CLM 21856) item.,DX_USED_HAC_PROCESS_5,VARCHAR,False,False,The fifth diagnosis code that was used during HAC adjusted DRG processing.,ICD-10 / Diagnosis coding,False,False
AP_CLAIM_IF_GRP_DX_HAC,This table contains hospital-acquired condition diagnosis (DX HAC) Processing Description returned from the third party interface.,CLAIM_ID,NUMERIC,False,False,The unique identifier (.1 item) for the claim info record.,ICD-10 / Diagnosis coding,False,True
AP_CLAIM_IF_GRP_DX_HAC,This table contains hospital-acquired condition diagnosis (DX HAC) Processing Description returned from the third party interface.,GROUP_LINE,INTEGER,False,False,The line number for the information associated with this record.,ICD-10 / Diagnosis coding,False,True
AP_CLAIM_IF_GRP_DX_HAC,This table contains hospital-acquired condition diagnosis (DX HAC) Processing Description returned from the third party interface.,VALUE_LINE,INTEGER,False,False,The line number of one of the multiple values associated with a specific group of data within this record.,ICD-10 / Diagnosis coding,False,True
AP_CLAIM_IF_GRP_DX_HAC,This table contains hospital-acquired condition diagnosis (DX HAC) Processing Description returned from the third party interface.,CM_PHY_OWNER_ID,VARCHAR,False,False,The Community ID (CID) of the instance that owns this record or line. This is only populated if you use IntraConnect.,ICD-10 / Diagnosis coding,False,False
AP_CLAIM_IF_GRP_DX_HAC,This table contains hospital-acquired condition diagnosis (DX HAC) Processing Description returned from the third party interface.,DX_HAC_PROCESSING_DESC,VARCHAR,False,False,The description of diagnosis used for HAC processing.,ICD-10 / Diagnosis coding,False,False
AP_CLAIM_IF_OUT_DX,This table contains diagnosis code of the claim the system sends out to the third party interface.,CLAIM_ID,NUMERIC,False,False,The unique identifier for the claim info record.,ICD-10 / Diagnosis coding,False,True
AP_CLAIM_IF_OUT_DX,This table contains diagnosis code of the claim the system sends out to the third party interface.,GROUP_LINE,INTEGER,False,False,The line number for the information associated with this record.,ICD-10 / Diagnosis coding,False,True
AP_CLAIM_IF_OUT_DX,This table contains diagnosis code of the claim the system sends out to the third party interface.,VALUE_LINE,INTEGER,False,False,The line number of one of the multiple values associated with a specific group of data within this record.,ICD-10 / Diagnosis coding,False,True
AP_CLAIM_IF_OUT_DX,This table contains diagnosis code of the claim the system sends out to the third party interface.,OUT_DX_CODE,VARCHAR,False,False,The diagnosis code of the claim the system sends out to the third party interface.,ICD-10 / Diagnosis coding,False,False
AP_CLAIM_IF_OUT_ICDPX_DT,This table contains the ICD procedure date of the claim the system sends out to APC interface.,CLAIM_ID,NUMERIC,False,False,The unique identifier for the claim info record.,ICD-10 / Diagnosis coding,False,True
AP_CLAIM_IF_OUT_ICDPX_DT,This table contains the ICD procedure date of the claim the system sends out to APC interface.,GROUP_LINE,INTEGER,False,False,The line number for the information associated with this record.,ICD-10 / Diagnosis coding,False,True
AP_CLAIM_IF_OUT_ICDPX_DT,This table contains the ICD procedure date of the claim the system sends out to APC interface.,VALUE_LINE,INTEGER,False,False,The line number of one of the multiple values associated with a specific group of data within this record.,ICD-10 / Diagnosis coding,False,True
AP_CLAIM_IF_OUT_ICDPX_DT,This table contains the ICD procedure date of the claim the system sends out to APC interface.,OUT_ICDPX_DATE,VARCHAR,False,False,The date of the ICD Procedure on the claim being sent out to the Ambulatory Payment Classification (APC) interface.,ICD-10 / Diagnosis coding,False,False
AP_CLAIM_IF_OUT_RFV_DX,This table contains reason for visit diagnosis code of the claim the system sends out to the third party interface.,CLAIM_ID,NUMERIC,False,False,The unique identifier for the claim info record.,ICD-10 / Diagnosis coding,False,True
AP_CLAIM_IF_OUT_RFV_DX,This table contains reason for visit diagnosis code of the claim the system sends out to the third party interface.,GROUP_LINE,INTEGER,False,False,The line number for the information associated with this record.,ICD-10 / Diagnosis coding,False,True
AP_CLAIM_IF_OUT_RFV_DX,This table contains reason for visit diagnosis code of the claim the system sends out to the third party interface.,VALUE_LINE,INTEGER,False,False,The line number of one of the multiple values associated with a specific group of data within this record.,ICD-10 / Diagnosis coding,False,True
AP_CLAIM_IF_OUT_RFV_DX,This table contains reason for visit diagnosis code of the claim the system sends out to the third party interface.,OUT_RFV_DX_CODE,VARCHAR,False,False,The reason for visit diagnosis code of the claim the system sends out to the third party interface.,ICD-10 / Diagnosis coding,False,False
AP_CLAIM_IF_PRC_AD_DX_EDT,This table contains the description of the admission diagnosis edit value returned from the third party interface.,CLAIM_ID,NUMERIC,False,False,The unique identifier for the claim record.,ICD-10 / Diagnosis coding,False,True
AP_CLAIM_IF_PRC_AD_DX_EDT,This table contains the description of the admission diagnosis edit value returned from the third party interface.,GROUP_LINE,INTEGER,False,False,The line number for the information associated with this record.,ICD-10 / Diagnosis coding,False,True
AP_CLAIM_IF_PRC_AD_DX_EDT,This table contains the description of the admission diagnosis edit value returned from the third party interface.,VALUE_LINE,INTEGER,False,False,The line number of one of the multiple values associated with a specific group of data within this record.,ICD-10 / Diagnosis coding,False,True
AP_CLAIM_IF_PRC_AD_DX_EDT,This table contains the description of the admission diagnosis edit value returned from the third party interface.,ADMIT_DX_EDIT_DESCRIPTION,VARCHAR,False,False,The description of the admission diagnosis edit.,ICD-10 / Diagnosis coding,False,False
AP_CLAIM_IF_PRIN_DX_ERRS,Principal Diagnosis Errors.,CLAIM_ID,NUMERIC,False,False,The unique identifier for the claim info record.,ICD-10 / Diagnosis coding,False,True
AP_CLAIM_IF_PRIN_DX_ERRS,Principal Diagnosis Errors.,GROUP_LINE,INTEGER,False,False,The line number for the information associated with this record.,ICD-10 / Diagnosis coding,False,True
AP_CLAIM_IF_PRIN_DX_ERRS,Principal Diagnosis Errors.,VALUE_LINE,INTEGER,False,False,The line number of one of the multiple values associated with a specific group of data within this record.,ICD-10 / Diagnosis coding,False,True
AP_CLAIM_IF_PRIN_DX_ERRS,Principal Diagnosis Errors.,PRIN_DX_ERRORS,VARCHAR,False,False,Principal Diagnosis Errors.,ICD-10 / Diagnosis coding,False,False
AP_CLAIM_IF_SEC_DX_SEQ,Numerical values representing the secondary diagnosis codes (submitted and/or mapped); not the actual diagnosis codes themselves.,CLAIM_ID,NUMERIC,False,False,The unique identifier for the claim info record.,ICD-10 / Diagnosis coding,False,True
AP_CLAIM_IF_SEC_DX_SEQ,Numerical values representing the secondary diagnosis codes (submitted and/or mapped); not the actual diagnosis codes themselves.,GROUP_LINE,INTEGER,False,False,The line number for the information associated with this record.,ICD-10 / Diagnosis coding,False,True
AP_CLAIM_IF_SEC_DX_SEQ,Numerical values representing the secondary diagnosis codes (submitted and/or mapped); not the actual diagnosis codes themselves.,VALUE_LINE,INTEGER,False,False,The line number of one of the multiple values associated with a specific group of data within this record.,ICD-10 / Diagnosis coding,False,True
AP_CLAIM_IF_SEC_DX_SEQ,Numerical values representing the secondary diagnosis codes (submitted and/or mapped); not the actual diagnosis codes themselves.,SEC_DX_SEQUENCE,VARCHAR,False,False,"Numerical values representing the secondary diagnosis codes, not the actual diagnosis codes themselves.",ICD-10 / Diagnosis coding,False,False
AP_CLAIM_REVIEW,The AP_CLAIM_REVIEW table contains a row for each review on a claim.,CLAIM_ID,NUMERIC,False,False,The unique identifier for the claim info record.,Claims / Denials,False,True
AP_CLAIM_REVIEW,The AP_CLAIM_REVIEW table contains a row for each review on a claim.,LINE,INTEGER,False,False,The line number for the information associated with this record. Multiple pieces of information can be associated with this record.,Claims / Denials,False,True
AP_CLAIM_REVIEW,The AP_CLAIM_REVIEW table contains a row for each review on a claim.,AP_CLAIM_REVIEW_TYPE_C_NAME,VARCHAR,True,False,The review type category ID for the review on the claim.,Claims / Denials,False,False
AP_CLAIM_REVIEW,The AP_CLAIM_REVIEW table contains a row for each review on a claim.,ATTACH_COMMENT,VARCHAR,False,False,The comment associated with a review when it is attached to a claim.,Claims / Denials,False,False
AP_CLAIM_REVIEW,The AP_CLAIM_REVIEW table contains a row for each review on a claim.,AP_CLAIM_REVIEW_STATUS_C_NAME,VARCHAR,False,False,The review status category ID for the review on the claim.,Claims / Denials,False,False
AP_CLAIM_REVIEW,The AP_CLAIM_REVIEW table contains a row for each review on a claim.,ATTACH_DTTM,DATETIME (Local),False,False,The date and time the associated review was attached to the claim.,Claims / Denials,False,False
AP_CLAIM_REVIEW,The AP_CLAIM_REVIEW table contains a row for each review on a claim.,COMPLETION_COMMENT,VARCHAR,False,False,The comment entered by the user who completed the associated review.,Claims / Denials,False,False
AP_CLAIM_REVIEW,The AP_CLAIM_REVIEW table contains a row for each review on a claim.,COMPLETION_DTTM,DATETIME (Local),False,False,The completion date and time for the associated review.,Claims / Denials,False,False
AP_CLAIM_REVIEW,The AP_CLAIM_REVIEW table contains a row for each review on a claim.,REJECTION_EOB_CODE_ID_EOB_CODE_NAME,VARCHAR,False,False,The name of the processing code.,Claims / Denials,False,False
AP_CLAIM_REVIEW,The AP_CLAIM_REVIEW table contains a row for each review on a claim.,ADDED_MANUALLY_YN,VARCHAR,False,False,Indicates whether this review was added manually by an end user. 'Y' indicates that the review was added manually. 'N' or NULL indicate that the review was added by the system.,Claims / Denials,False,False
AP_CLAIM_REVIEW,The AP_CLAIM_REVIEW table contains a row for each review on a claim.,REVIEW_STATUS_REASON_C_NAME,VARCHAR,False,False,The review status reason category ID for the review on the claim.,Claims / Denials,False,False
AP_CLM_IF_MOE_DX_CODE_TYP,Diagnosis code types received by prospective payment systems (PPS) pricers that use the Medicaid Outpatient Editor (MOE). This table extracts the related multiple response item CLM-22310.,CLAIM_ID,NUMERIC,False,False,The unique identifier (.1 item) for the claim info record.,ICD-10 / Diagnosis coding,False,True
AP_CLM_IF_MOE_DX_CODE_TYP,Diagnosis code types received by prospective payment systems (PPS) pricers that use the Medicaid Outpatient Editor (MOE). This table extracts the related multiple response item CLM-22310.,GROUP_LINE,INTEGER,False,False,The line number for the information associated with this record.,ICD-10 / Diagnosis coding,False,True
AP_CLM_IF_MOE_DX_CODE_TYP,Diagnosis code types received by prospective payment systems (PPS) pricers that use the Medicaid Outpatient Editor (MOE). This table extracts the related multiple response item CLM-22310.,VALUE_LINE,INTEGER,False,False,The line number of one of the multiple values associated with a specific group of data within this record.,ICD-10 / Diagnosis coding,False,True
AP_CLM_IF_MOE_DX_CODE_TYP,Diagnosis code types received by prospective payment systems (PPS) pricers that use the Medicaid Outpatient Editor (MOE). This table extracts the related multiple response item CLM-22310.,MOE_DX_CODE_TYPE,VARCHAR,False,False,A 3 character code describing the system of the diagnosis code.,ICD-10 / Diagnosis coding,False,False
AP_CLM_IF_MOE_DX_ERRORS,Diagnosis errors received by prospective payment systems (PPS) pricers that use the Medicaid Outpatient Editor (MOE). This table extracts the related multiple response item CLM-22313.,CLAIM_ID,NUMERIC,False,False,The unique identifier (.1 item) for the claim info record.,ICD-10 / Diagnosis coding,False,True
AP_CLM_IF_MOE_DX_ERRORS,Diagnosis errors received by prospective payment systems (PPS) pricers that use the Medicaid Outpatient Editor (MOE). This table extracts the related multiple response item CLM-22313.,GROUP_LINE,INTEGER,False,False,The line number for the information associated with this record.,ICD-10 / Diagnosis coding,False,True
AP_CLM_IF_MOE_DX_ERRORS,Diagnosis errors received by prospective payment systems (PPS) pricers that use the Medicaid Outpatient Editor (MOE). This table extracts the related multiple response item CLM-22313.,VALUE_LINE,INTEGER,False,False,The line number of one of the multiple values associated with a specific group of data within this record.,ICD-10 / Diagnosis coding,False,True
AP_CLM_IF_MOE_DX_ERRORS,Diagnosis errors received by prospective payment systems (PPS) pricers that use the Medicaid Outpatient Editor (MOE). This table extracts the related multiple response item CLM-22313.,MOE_DX_ERRORS,VARCHAR,False,False,Codes that describe any diagnosis edits found by the editor.,ICD-10 / Diagnosis coding,False,False
AP_CLM_IF_MOE_DX_ERR_NUM,The number of diagnosis code errors received by prospective payment systems (PPS) pricers that use the Medicaid Outpatient Editor (MOE). This table extracts the related multiple response item CLM-22312.,CLAIM_ID,NUMERIC,False,False,The unique identifier (.1 item) for the claim info record.,ICD-10 / Diagnosis coding,False,True
AP_CLM_IF_MOE_DX_ERR_NUM,The number of diagnosis code errors received by prospective payment systems (PPS) pricers that use the Medicaid Outpatient Editor (MOE). This table extracts the related multiple response item CLM-22312.,GROUP_LINE,INTEGER,False,False,The line number for the information associated with this record.,ICD-10 / Diagnosis coding,False,True
AP_CLM_IF_MOE_DX_ERR_NUM,The number of diagnosis code errors received by prospective payment systems (PPS) pricers that use the Medicaid Outpatient Editor (MOE). This table extracts the related multiple response item CLM-22312.,VALUE_LINE,INTEGER,False,False,The line number of one of the multiple values associated with a specific group of data within this record.,ICD-10 / Diagnosis coding,False,True
AP_CLM_IF_MOE_DX_ERR_NUM,The number of diagnosis code errors received by prospective payment systems (PPS) pricers that use the Medicaid Outpatient Editor (MOE). This table extracts the related multiple response item CLM-22312.,MOE_PER_DX_ERR_NUM,VARCHAR,False,False,Number of edits returned for this diagnosis code.,ICD-10 / Diagnosis coding,False,False
AP_CLM_IF_MOE_DX_HI_DISP,The highest diagnosis dispositions received by prospective payment systems (PPS) pricers that use the Medicaid Outpatient Editor (MOE). This table extracts the related multiple response item CLM-22311.,CLAIM_ID,NUMERIC,False,False,The unique identifier (.1 item) for the claim info record.,ICD-10 / Diagnosis coding,False,True
AP_CLM_IF_MOE_DX_HI_DISP,The highest diagnosis dispositions received by prospective payment systems (PPS) pricers that use the Medicaid Outpatient Editor (MOE). This table extracts the related multiple response item CLM-22311.,GROUP_LINE,INTEGER,False,False,The line number for the information associated with this record.,ICD-10 / Diagnosis coding,False,True
AP_CLM_IF_MOE_DX_HI_DISP,The highest diagnosis dispositions received by prospective payment systems (PPS) pricers that use the Medicaid Outpatient Editor (MOE). This table extracts the related multiple response item CLM-22311.,VALUE_LINE,INTEGER,False,False,The line number of one of the multiple values associated with a specific group of data within this record.,ICD-10 / Diagnosis coding,False,True
AP_CLM_IF_MOE_DX_HI_DISP,The highest diagnosis dispositions received by prospective payment systems (PPS) pricers that use the Medicaid Outpatient Editor (MOE). This table extracts the related multiple response item CLM-22311.,MOE_HIGH_DX_DISP,VARCHAR,False,False,Highest edit disposition for this diagnosis code.,ICD-10 / Diagnosis coding,False,False
AP_CLM_VST_RSN_DX,This table stores the diagnoses that formed the reason for the patient's visit.,CLAIM_ID,NUMERIC,False,False,The unique claim ID.,ICD-10 / Diagnosis coding,False,True
AP_CLM_VST_RSN_DX,This table stores the diagnoses that formed the reason for the patient's visit.,LINE,INTEGER,False,False,The line number for the information associated with this record. Multiple pieces of information can be associated with this record.,ICD-10 / Diagnosis coding,False,True
AP_CLM_VST_RSN_DX,This table stores the diagnoses that formed the reason for the patient's visit.,VST_RSN_DX_ID_DX_NAME,VARCHAR,False,False,The name of the diagnosis.,ICD-10 / Diagnosis coding,False,False
AP_PROC_ASSOC_DX,"This table summarizes diagnoses associated with AP claim service lines. To link this table’s service line information back to a claim header, join this table to AP_CLAIM_PROC_IDS on the TX_ID column. If you need to report on claim service lines specific to Cost Sharing Reduction (CSR), join this table instead to AP_CLAIM_PROC_IDS_CSR on the TX_ID column.",ETR_ID,NUMERIC,False,False,The unique ID of the AP Claim procedure transaction.,ICD-10 / Diagnosis coding,False,True
AP_PROC_ASSOC_DX,"This table summarizes diagnoses associated with AP claim service lines. To link this table’s service line information back to a claim header, join this table to AP_CLAIM_PROC_IDS on the TX_ID column. If you need to report on claim service lines specific to Cost Sharing Reduction (CSR), join this table instead to AP_CLAIM_PROC_IDS_CSR on the TX_ID column.",LINE,INTEGER,False,False,The line number for the information associated with this record. Multiple pieces of information can be associated with this record.,ICD-10 / Diagnosis coding,False,True
AP_PROC_ASSOC_DX,"This table summarizes diagnoses associated with AP claim service lines. To link this table’s service line information back to a claim header, join this table to AP_CLAIM_PROC_IDS on the TX_ID column. If you need to report on claim service lines specific to Cost Sharing Reduction (CSR), join this table instead to AP_CLAIM_PROC_IDS_CSR on the TX_ID column.",DX_ID_DX_NAME,VARCHAR,False,False,The name of the diagnosis.,ICD-10 / Diagnosis coding,False,False
AP_PROC_ASSOC_DX,"This table summarizes diagnoses associated with AP claim service lines. To link this table’s service line information back to a claim header, join this table to AP_CLAIM_PROC_IDS on the TX_ID column. If you need to report on claim service lines specific to Cost Sharing Reduction (CSR), join this table instead to AP_CLAIM_PROC_IDS_CSR on the TX_ID column.",DX_QUAL_C_NAME,VARCHAR,True,False,The diagnosis qualifier category ID associated with this procedure.,ICD-10 / Diagnosis coding,False,False
AP_PROC_ASSOC_DX,"This table summarizes diagnoses associated with AP claim service lines. To link this table’s service line information back to a claim header, join this table to AP_CLAIM_PROC_IDS on the TX_ID column. If you need to report on claim service lines specific to Cost Sharing Reduction (CSR), join this table instead to AP_CLAIM_PROC_IDS_CSR on the TX_ID column.",DX_NUM,INTEGER,False,False,The diagnosis number on the AP claim that this row corresponds to. It can be used to access diagnosis details found by joining this column on AP_CLAIM_DX.AP_DX_NUM and the known claim unique identifier on AP_CLAIM_DX.CLAIM_ID.,ICD-10 / Diagnosis coding,False,False
AP_PROC_ASSOC_DX,"This table summarizes diagnoses associated with AP claim service lines. To link this table’s service line information back to a claim header, join this table to AP_CLAIM_PROC_IDS on the TX_ID column. If you need to report on claim service lines specific to Cost Sharing Reduction (CSR), join this table instead to AP_CLAIM_PROC_IDS_CSR on the TX_ID column.",DX_RANK,INTEGER,False,False,The rank of this diagnosis compared to the other diagnoses on the service.,ICD-10 / Diagnosis coding,False,False
ARPB_CHG_ENTRY_DX,The table lists all diagnoses on a charge entry session in which the charge was posted.,TX_ID,NUMERIC,False,False,The unique internal ID of the transaction record representing this charge.,ICD-10 / Diagnosis coding,False,True
ARPB_CHG_ENTRY_DX,The table lists all diagnoses on a charge entry session in which the charge was posted.,LINE,INTEGER,False,False,The line number for the information associated with this record. Multiple pieces of information can be associated with this record.,ICD-10 / Diagnosis coding,False,True
ARPB_CHG_ENTRY_DX,The table lists all diagnoses on a charge entry session in which the charge was posted.,DX_ID_DX_NAME,VARCHAR,False,False,The name of the diagnosis.,ICD-10 / Diagnosis coding,False,False
ARPB_CHG_ENTRY_DX,The table lists all diagnoses on a charge entry session in which the charge was posted.,DX_QUALIFIER_C_NAME,VARCHAR,True,False,Qualifier for the diagnosis on this line. Indicates if diagnosis is: 1 - Active 2 - Acute 3 - Chronic 4 - Inactive 5 - Temporary,ICD-10 / Diagnosis coding,False,False
ARPB_CHG_ENTRY_DX_ALT,"The table lists all diagnoses entered in a charge entry, from the alternative diagnosis code set.",TX_ID,NUMERIC,False,False,The unique internal ID of the transaction record representing this charge.,ICD-10 / Diagnosis coding,False,True
ARPB_CHG_ENTRY_DX_ALT,"The table lists all diagnoses entered in a charge entry, from the alternative diagnosis code set.",LINE,INTEGER,False,False,The line number for the information associated with this record. Multiple pieces of information can be associated with this record.,ICD-10 / Diagnosis coding,False,True
ARPB_CHG_ENTRY_DX_ALT,"The table lists all diagnoses entered in a charge entry, from the alternative diagnosis code set.",DX_ID_DX_NAME,VARCHAR,False,False,The name of the diagnosis.,ICD-10 / Diagnosis coding,False,False
ARPB_CHG_ENTRY_DX_ALT,"The table lists all diagnoses entered in a charge entry, from the alternative diagnosis code set.",DX_QUALIFIER_C_NAME,VARCHAR,True,False,Qualifier for the diagnosis on this line. Indicates if diagnosis is: 1 - Active 2 - Acute 3 - Chronic 4 - Inactive 5 - Temporary,ICD-10 / Diagnosis coding,False,False
ARPB_PMT_RELATED_DENIALS,Denial records associated with this payment for evaluating denial rate metrics.,TX_ID,NUMERIC,False,False,The unique identifier for the transaction record.,Claims / Denials,False,True
ARPB_PMT_RELATED_DENIALS,Denial records associated with this payment for evaluating denial rate metrics.,LINE,INTEGER,False,False,The line number for the information associated with this record. Multiple pieces of information can be associated with this record.,Claims / Denials,False,True
ARPB_PMT_RELATED_DENIALS,Denial records associated with this payment for evaluating denial rate metrics.,RELATED_BDC_ID,NUMERIC,False,False,Returns denial records associated with this payment for purposes of denial rate calculations. Denials with a 18-Duplicate Claim/Service remittance reason are not included in denial rate metrics. Only denials that have been converted to the Denial/Remark/Correspondence framework are included here.,Claims / Denials,False,False
ASSOCIATED_DX,Diagnoses associated with treatment plans.,TREATMENT_PLAN_ID,NUMERIC,False,False,The unique identifier for the plan record.,ICD-10 / Diagnosis coding,False,True
ASSOCIATED_DX,Diagnoses associated with treatment plans.,LINE,INTEGER,False,False,The line number for the information associated with this record. Multiple pieces of information can be associated with this record.,ICD-10 / Diagnosis coding,False,True
ASSOCIATED_DX,Diagnoses associated with treatment plans.,DX_ID_DX_NAME,VARCHAR,False,False,The name of the diagnosis.,ICD-10 / Diagnosis coding,False,False
ASSOCIATED_DX,Diagnoses associated with treatment plans.,SPECIFIC_DX_ID_DX_NAME,VARCHAR,False,False,The name of the diagnosis.,ICD-10 / Diagnosis coding,False,False
ASSOCIATED_DX,Diagnoses associated with treatment plans.,PROBLEM_LIST_ID,NUMERIC,False,False,This column is used to track problems currently or previously linked to the plan (via episodes of care).,ICD-10 / Diagnosis coding,False,False
ASSOCIATED_DX,Diagnoses associated with treatment plans.,PROBLEM_LINKED_TO_PLAN_YN,VARCHAR,False,False,This column is used to store whether the problem and diagnoses on this line are linked to the plan. This column is updated for plans of active and future statuses.,ICD-10 / Diagnosis coding,False,False
ATB_AUTH_DENIAL_RSNS,This table contains the reasons for denial when the authorization decision is denied.,AUTH_BUNDLE_ID,NUMERIC,False,False,The unique identifier (.1 item) for the auth bundle record.,Claims / Denials,False,True
ATB_AUTH_DENIAL_RSNS,This table contains the reasons for denial when the authorization decision is denied.,LINE,INTEGER,False,False,The line number for the information associated with this record. Multiple pieces of information can be associated with this record.,Claims / Denials,False,True
ATB_AUTH_DENIAL_RSNS,This table contains the reasons for denial when the authorization decision is denied.,AUTH_PYR_DENIAL_REASON_C_NAME,VARCHAR,False,False,The reasons for the denial status received from the payer. Only relevant when the payer decision is denied.,Claims / Denials,False,False
ATB_AUTH_DIAGNOSES,This table contains information pertaining to the diagnosis information for an Auth Bundle.,AUTH_BUNDLE_ID,NUMERIC,False,False,The unique identifier (.1 item) for the auth bundle record.,ICD-10 / Diagnosis coding,False,True
ATB_AUTH_DIAGNOSES,This table contains information pertaining to the diagnosis information for an Auth Bundle.,LINE,INTEGER,False,False,The line number for the information associated with this record. Multiple pieces of information can be associated with this record.,ICD-10 / Diagnosis coding,False,True
ATB_AUTH_DIAGNOSES,This table contains information pertaining to the diagnosis information for an Auth Bundle.,AUTH_DX_REF_ID,VARCHAR,False,False,The reference ID number that uniquely identifies this diagnosis on an authorization.,ICD-10 / Diagnosis coding,False,False
ATB_AUTH_DIAGNOSES,This table contains information pertaining to the diagnosis information for an Auth Bundle.,AUTH_DX_ID_DX_NAME,VARCHAR,False,False,The name of the diagnosis.,ICD-10 / Diagnosis coding,False,False
ATB_AUTH_DIAGNOSES,This table contains information pertaining to the diagnosis information for an Auth Bundle.,AUTH_PA_DX_TYPE_C_NAME,VARCHAR,False,False,The Diagnosis Type category ID associated with the diagnosis on this line.,ICD-10 / Diagnosis coding,False,False
ATB_AUTH_DIAGNOSES,This table contains information pertaining to the diagnosis information for an Auth Bundle.,AUTH_DX_DATE,DATETIME,False,False,"The date associated with this diagnosis, usually meaning the first date on which this diagnosis is applicable.",ICD-10 / Diagnosis coding,True,False
AUTHORIZATIONS,"This table contains information about authorization records. This includes links to the patient, referral, and coverage/payer.",AUTH_ID,NUMERIC,False,False,The authorization ID for the authorization record.,Claims / Denials,False,True
AUTHORIZATIONS,"This table contains information about authorization records. This includes links to the patient, referral, and coverage/payer.",AUTH_FROM_DT,DATETIME,False,False,Authorization start date,Claims / Denials,True,False
AUTHORIZATIONS,"This table contains information about authorization records. This includes links to the patient, referral, and coverage/payer.",AUTH_TO_DT,DATETIME,False,False,Authorization end date,Claims / Denials,True,False
AUTHORIZATIONS,"This table contains information about authorization records. This includes links to the patient, referral, and coverage/payer.",PAT_ID,VARCHAR,False,False,The patient for whom the authorization record was created. This column is frequently used to link to the PATIENT table.,Claims / Denials,False,False
AUTHORIZATIONS,"This table contains information about authorization records. This includes links to the patient, referral, and coverage/payer.",REFERRAL_ID,NUMERIC,False,False,"Referral associated with this authorization. If this is a UM owned service-level authorization, this column is not populated and, instead, column UM_REFERRAL_ID will be populated. This column is frequently used to link to the REFERRAL table.",Claims / Denials,False,False
AUTHORIZATIONS,"This table contains information about authorization records. This includes links to the patient, referral, and coverage/payer.",AUTH_TYPE_C_NAME,VARCHAR,False,False,Authorization type category value,Claims / Denials,False,False
AUTHORIZATIONS,"This table contains information about authorization records. This includes links to the patient, referral, and coverage/payer.",NUM_SVCS_APPROVED,INTEGER,False,False,"Number of services, units or visits approved.",Claims / Denials,False,False
AUTHORIZATIONS,"This table contains information about authorization records. This includes links to the patient, referral, and coverage/payer.",NUM_SVCS_REQUESTED,INTEGER,False,False,"Number of services, units, or visits requested.",Claims / Denials,False,False
AUTHORIZATIONS,"This table contains information about authorization records. This includes links to the patient, referral, and coverage/payer.",CVG_ID,NUMERIC,False,False,Linked coverage record. This column is frequently used to link to the COVERAGE table.,Claims / Denials,False,False
AUTHORIZATIONS,"This table contains information about authorization records. This includes links to the patient, referral, and coverage/payer.",AUTH_NUM,VARCHAR,False,False,Authorization number,Claims / Denials,False,False
AUTHORIZATIONS,"This table contains information about authorization records. This includes links to the patient, referral, and coverage/payer.",AUTH_COMMENTS,VARCHAR,False,False,Free text authorization comment.,Claims / Denials,False,False
AUTHORIZATIONS,"This table contains information about authorization records. This includes links to the patient, referral, and coverage/payer.",RECORD_CREATION_DT,DATETIME,False,False,Record creation date.,Claims / Denials,True,False
AUTHORIZATIONS,"This table contains information about authorization records. This includes links to the patient, referral, and coverage/payer.",CHARGE_COUNTS,INTEGER,False,False,Keeps track of number of counts used by charges.,Claims / Denials,False,False
AUTHORIZATIONS,"This table contains information about authorization records. This includes links to the patient, referral, and coverage/payer.",AUTH_REF_NUMBER,VARCHAR,False,False,The reference number given to us by the payer for this service-level authorization (AUT).,Claims / Denials,False,False
AUTHORIZATIONS,"This table contains information about authorization records. This includes links to the patient, referral, and coverage/payer.",AP_CLAIM_COUNT,INTEGER,False,False,"Number of services, units, or visits used for AP Claims.",Claims / Denials,False,False
AUTHORIZATIONS,"This table contains information about authorization records. This includes links to the patient, referral, and coverage/payer.",INTER_NUM_SVCS_APRV,INTEGER,False,False,The number of services approved for each interval.,Claims / Denials,False,False
AUTHORIZATIONS,"This table contains information about authorization records. This includes links to the patient, referral, and coverage/payer.",INTER_NUM_SVCS_REQ,INTEGER,False,False,The number of services requested for each interval.,Claims / Denials,False,False
AUTHORIZATIONS,"This table contains information about authorization records. This includes links to the patient, referral, and coverage/payer.",INTER_APRV_FREQ_ID,VARCHAR,False,False,The ID of the associated Frequency Record for the approved recurring authorization.,Claims / Denials,False,False
AUTHORIZATIONS,"This table contains information about authorization records. This includes links to the patient, referral, and coverage/payer.",INTER_APRV_FREQ_ID_FREQ_NAME,VARCHAR,False,False,The name of the frequency record.,Claims / Denials,False,False
AUTHORIZATIONS,"This table contains information about authorization records. This includes links to the patient, referral, and coverage/payer.",INTER_REQ_FREQ_ID,VARCHAR,False,False,The ID of the associated Frequency Record for the requested recurring authorization.,Claims / Denials,False,False
AUTHORIZATIONS,"This table contains information about authorization records. This includes links to the patient, referral, and coverage/payer.",INTER_REQ_FREQ_ID_FREQ_NAME,VARCHAR,False,False,The name of the frequency record.,Claims / Denials,False,False
AUTHORIZATIONS,"This table contains information about authorization records. This includes links to the patient, referral, and coverage/payer.",INTER_NUM_APRV,INTEGER,False,False,The number of times the interval has been approved to repeat.,Claims / Denials,False,False
AUTHORIZATIONS,"This table contains information about authorization records. This includes links to the patient, referral, and coverage/payer.",INTER_NUM_REQ,INTEGER,False,False,The number of times the interval has been requested to repeat.,Claims / Denials,False,False
AUTHORIZATIONS,"This table contains information about authorization records. This includes links to the patient, referral, and coverage/payer.",PARENT_AUTH_ID,NUMERIC,False,False,The Parent Authorization that this authorization (AUT) inherits from.,Claims / Denials,False,False
AUTHORIZATIONS,"This table contains information about authorization records. This includes links to the patient, referral, and coverage/payer.",AP_CLAIM_COUNT_METHOD_C_NAME,VARCHAR,False,False,The counting method for the AP Claim counts.,Claims / Denials,False,False
AUTHORIZATIONS,"This table contains information about authorization records. This includes links to the patient, referral, and coverage/payer.",UM_STATUS_C_NAME,VARCHAR,False,False,The utilization management authorization decision status for the requested service.,Claims / Denials,False,False
AUTHORIZATIONS,"This table contains information about authorization records. This includes links to the patient, referral, and coverage/payer.",UM_APPROVED_RSN_C_NAME,VARCHAR,True,False,The reason the authorized status was assigned to this service.,Claims / Denials,False,False
AUTHORIZATIONS,"This table contains information about authorization records. This includes links to the patient, referral, and coverage/payer.",UM_PART_APRV_RSN_C_NAME,VARCHAR,True,False,The reason the partial authorization status was assigned to this service.,Claims / Denials,False,False
AUTHORIZATIONS,"This table contains information about authorization records. This includes links to the patient, referral, and coverage/payer.",UM_DENIED_RSN_C_NAME,VARCHAR,True,False,The reason the denied status was assigned to this service.,Claims / Denials,False,False
AUTHORIZATIONS,"This table contains information about authorization records. This includes links to the patient, referral, and coverage/payer.",UM_DISMISSED_RSN_C_NAME,VARCHAR,True,False,The reason the dismissed status was assigned to this service.,Claims / Denials,False,False
AUTHORIZATIONS,"This table contains information about authorization records. This includes links to the patient, referral, and coverage/payer.",UM_NOT_REQUIRED_RSN_C_NAME,VARCHAR,True,False,The reason the no auth required status was assigned to this service.,Claims / Denials,False,False
AUTHORIZATIONS,"This table contains information about authorization records. This includes links to the patient, referral, and coverage/payer.",UM_PENDING_RSN_C_NAME,VARCHAR,True,False,The reason the pending status was assigned to this service.,Claims / Denials,False,False
AUTHORIZATIONS,"This table contains information about authorization records. This includes links to the patient, referral, and coverage/payer.",UM_CANCELED_RSN_C_NAME,VARCHAR,True,False,The reason the canceled/withdrawn status was assigned to this service.,Claims / Denials,False,False
AUTHORIZATIONS,"This table contains information about authorization records. This includes links to the patient, referral, and coverage/payer.",UM_DECISION_DTTM,DATETIME (Local),False,False,"The date and time the authorization decision was set on the service level authorization. Note that if a service's status changes from a finalized status to another after the entire authorization request has been finalized, this column does not update with the new instant and will instead reflect the original decision instant.",Claims / Denials,False,False
AUTHORIZATIONS,"This table contains information about authorization records. This includes links to the patient, referral, and coverage/payer.",NON_UM_AUTH_ID,NUMERIC,False,False,"Service authorizations that are created as part of UM workflows will only appear in UM workflows. If the authorization details are needed outside the UM department, then corresponding non-UM service-level authorizations are created. This separation is required to ensure non-UM staff cannot alter authorization decisions rendered by UM staff. This column provides a link between the UM service authorizations and non-UM service-level authorizations. There is a 1-to-1 link between UM and non-UM service-level authorizations.",Claims / Denials,False,False
AUTHORIZATIONS,"This table contains information about authorization records. This includes links to the patient, referral, and coverage/payer.",UM_AUTH_REQUEST_ID,NUMERIC,False,False,"If this is a UM-owned service authorization, this column serves as the pointer to the authorization request record. UM-owned service authorizations do not have direct pointers to referral and coverage. They must be accessed through the authorization request.",Claims / Denials,False,False
AUTHORIZATIONS,"This table contains information about authorization records. This includes links to the patient, referral, and coverage/payer.",NON_UM_ORDER_ID,NUMERIC,False,False,This is a link between a UM service authorization and an order on the referral.,Claims / Denials,False,False
AUTHORIZATIONS,"This table contains information about authorization records. This includes links to the patient, referral, and coverage/payer.",ORDER_ENTRY_ORDER_ID,NUMERIC,False,False,"When the service is created as part of order entry, this column will be populated as a pointer back to the order.",Claims / Denials,False,False
AUTHORIZATIONS,"This table contains information about authorization records. This includes links to the patient, referral, and coverage/payer.",UM_CLOSED_RSN_C_NAME,VARCHAR,True,False,The reason the closed status was assigned to this service.,Claims / Denials,False,False
AUTHORIZATIONS,"This table contains information about authorization records. This includes links to the patient, referral, and coverage/payer.",UM_FINALIZE_USER_ID,VARCHAR,False,False,The unique ID associated with the user record that finalized this authorization. This column is frequently used to link to the CLARITY_EMP table.,Claims / Denials,False,False
AUTHORIZATIONS,"This table contains information about authorization records. This includes links to the patient, referral, and coverage/payer.",UM_FINALIZE_USER_ID_NAME,VARCHAR,False,False,The name of the user record. This name may be hidden.,Claims / Denials,False,False
AUTHORIZATIONS,"This table contains information about authorization records. This includes links to the patient, referral, and coverage/payer.",FINAL_UM_STATUS_CHANGE_SRC_C_NAME,VARCHAR,False,False,The change source category ID that resulted in the finalized status of the service.,Claims / Denials,False,False
AUTHORIZATIONS,"This table contains information about authorization records. This includes links to the patient, referral, and coverage/payer.",AUTH_STATUS_C_NAME,VARCHAR,False,False,The provider-side authorization status category ID for the service.,Claims / Denials,False,False
AUTHORIZATIONS,"This table contains information about authorization records. This includes links to the patient, referral, and coverage/payer.",UM_MED_DIR_REV_USER_ID,VARCHAR,False,False,The user who set the pending review status reason for a medical director review.,Claims / Denials,False,False
AUTHORIZATIONS,"This table contains information about authorization records. This includes links to the patient, referral, and coverage/payer.",UM_MED_DIR_REV_USER_ID_NAME,VARCHAR,False,False,The name of the user record. This name may be hidden.,Claims / Denials,False,False
AUTHORIZATIONS,"This table contains information about authorization records. This includes links to the patient, referral, and coverage/payer.",UM_PEND_MED_DIRECTOR_DTTM,DATETIME (Local),False,False,The local date and time of when the authorization pended for review with a reason of medical director review.,Claims / Denials,False,False
AUTHORIZATIONS,"This table contains information about authorization records. This includes links to the patient, referral, and coverage/payer.",UM_PEND_MED_DIRECTOR_UTC_DTTM,DATETIME (UTC),False,False,The date and time in UTC of when the authorization pended for review with a reason of medical director review.,Claims / Denials,False,False
AUTHORIZATIONS,"This table contains information about authorization records. This includes links to the patient, referral, and coverage/payer.",FIRST_PAT_ENC_CSN_ID,NUMERIC,False,False,"Ths CSN of the encounter linked to the service level authorization with the earliest encounter instant. If the service level authorization doesn't have any encounters linked directly, it will search the linked referral or auth/cert.",Claims / Denials,False,False
AUTHORIZATIONS,"This table contains information about authorization records. This includes links to the patient, referral, and coverage/payer.",LAST_PAT_ENC_CSN_ID,NUMERIC,False,False,"The CSN of the encounter linked to the service level authorization with the latest encounter instant. If the service level authorization doesn't have any encounters linked directly, it will search the linked referral or auth/cert.",Claims / Denials,False,False
AUTHORIZATIONS,"This table contains information about authorization records. This includes links to the patient, referral, and coverage/payer.",APPEALED_SERVICE_AUTH_ID,NUMERIC,False,False,The ID of the service that this service was created to appeal.,Claims / Denials,False,False
AUTHORIZATIONS,"This table contains information about authorization records. This includes links to the patient, referral, and coverage/payer.",LAST_CVG_GUIDANCE_C_NAME,VARCHAR,False,False,"When we receive a Coverage Requirements Discovery response message pertaining to this authorization, this item will store the coverage guidance value from that message.",Claims / Denials,False,False
AUTHORIZATIONS,"This table contains information about authorization records. This includes links to the patient, referral, and coverage/payer.",UM_CVG_GUIDANCE_SOURCE_C_NAME,VARCHAR,False,False,The coverage guidance source category ID for the coverage guidance request.,Claims / Denials,False,False
AUTHORIZATIONS,"This table contains information about authorization records. This includes links to the patient, referral, and coverage/payer.",UM_CVG_GDNC_REALTIME_TX_CSN_ID,NUMERIC,False,False,The unique contact serial number of the real-time transaction that originated the Coverage Requirements Discovery request.,Claims / Denials,False,False
AUTHORIZATIONS,"This table contains information about authorization records. This includes links to the patient, referral, and coverage/payer.",UM_CVG_GUIDANCE_PA_SVC_LN_IDNT,INTEGER,False,False,The line number of the service from the real-time transaction that originated the Coverage Requirements Discovery service request.,Claims / Denials,False,False
AUTHORIZATIONS,"This table contains information about authorization records. This includes links to the patient, referral, and coverage/payer.",UM_CVG_GUIDANCE_C_NAME,VARCHAR,False,False,The coverage guidance determination category ID for the requested service.,Claims / Denials,False,False
AUTHORIZATIONS,"This table contains information about authorization records. This includes links to the patient, referral, and coverage/payer.",UM_CVG_GUIDANCE_FROM_PROV_ID_PROV_NAME,VARCHAR,False,False,The name of the service provider. This item may be hidden in a public view of the CLARITY_SER table.,Claims / Denials,False,False
AUTHORIZATIONS,"This table contains information about authorization records. This includes links to the patient, referral, and coverage/payer.",UM_CVG_GUIDANCE_REQ_DATE,DATETIME,False,False,"The date of the requested service for which guidance is being requested. If no date was provided with the request, the date of the request creation is used.",Claims / Denials,True,False
AUTHORIZATIONS,"This table contains information about authorization records. This includes links to the patient, referral, and coverage/payer.",UM_CVG_GUIDANCE_REQ_LOC_ID_LOC_NAME,VARCHAR,False,False,The name of the revenue location.,Claims / Denials,False,False
AUTHORIZATIONS,"This table contains information about authorization records. This includes links to the patient, referral, and coverage/payer.",UM_CVG_GUIDANCE_REQ_VENDOR_ID_VENDOR_NAME,VARCHAR,False,False,The name of the vendor.,Claims / Denials,False,False
AUTHORIZATIONS,"This table contains information about authorization records. This includes links to the patient, referral, and coverage/payer.",UM_CVG_GUIDANCE_REQ_DEPT_ID_EXTERNAL_NAME,VARCHAR,False,False,The external name of the department record. This is often used in patient correspondence such as reminder letters.,Claims / Denials,False,False
AUTHORIZATIONS,"This table contains information about authorization records. This includes links to the patient, referral, and coverage/payer.",UM_CVG_GUIDANCE_REQUEST_NOTE,VARCHAR,False,False,The free-text note text associated with the coverage guidance request.,Claims / Denials,False,False
AUTHORIZATIONS,"This table contains information about authorization records. This includes links to the patient, referral, and coverage/payer.",UM_CVG_GUIDANCE_LOB_ID,VARCHAR,False,False,The unique ID of the line of business associated with the requested coverage guidance.,Claims / Denials,False,False
AUTHORIZATIONS,"This table contains information about authorization records. This includes links to the patient, referral, and coverage/payer.",UM_CVG_GUIDANCE_LOB_ID_LOB_NAME,VARCHAR,False,False,The name of the line of business record.,Claims / Denials,False,False
AUTHORIZATIONS,"This table contains information about authorization records. This includes links to the patient, referral, and coverage/payer.",UM_CVG_GUIDANCE_PAYER_ID_PAYOR_NAME,VARCHAR,False,False,The name of the payor.,Claims / Denials,False,False
AUTHORIZATIONS,"This table contains information about authorization records. This includes links to the patient, referral, and coverage/payer.",UM_CVG_GUIDANCE_PLAN_ID_BENEFIT_PLAN_NAME,VARCHAR,False,False,The name of the benefit plan record.,Claims / Denials,False,False
AUTHORIZATIONS,"This table contains information about authorization records. This includes links to the patient, referral, and coverage/payer.",UM_CVG_GUIDANCE_CREATE_USER_ID,VARCHAR,False,False,"The unique ID of the user who created the coverage guidance request, if known.",Claims / Denials,False,False
AUTHORIZATIONS,"This table contains information about authorization records. This includes links to the patient, referral, and coverage/payer.",UM_CVG_GUIDANCE_CREATE_USER_ID_NAME,VARCHAR,False,False,The name of the user record. This name may be hidden.,Claims / Denials,False,False
AUTHORIZATIONS,"This table contains information about authorization records. This includes links to the patient, referral, and coverage/payer.",DENIAL_REASON_C_NAME,VARCHAR,False,False,"If this authorization's status is Denied, then this item will contain the rationale given for that denial.",Claims / Denials,False,False
AUTHORIZATIONS,"This table contains information about authorization records. This includes links to the patient, referral, and coverage/payer.",AUTH_BED_DAY_TYPE_ID,NUMERIC,False,False,The type of day (TOD record) approved by the payer.,Claims / Denials,False,False
AUTHORIZATIONS,"This table contains information about authorization records. This includes links to the patient, referral, and coverage/payer.",AUTH_BED_DAY_TYPE_ID_BED_DAY_TYPE_NAME,VARCHAR,False,False,The name of the bed day type record (i.e. ICU or non-authorized.),Claims / Denials,False,False
AUTHORIZATIONS,"This table contains information about authorization records. This includes links to the patient, referral, and coverage/payer.",NUM_DAYS_APPROVED,INTEGER,False,False,The number of days approved by the payer for a bed day type. This is calculated as End Date - Start Date + 1.,Claims / Denials,False,False
AUTHORIZATIONS,"This table contains information about authorization records. This includes links to the patient, referral, and coverage/payer.",NUM_NIGHTS_APPROVED,INTEGER,False,False,The number of nights approved by the payer for a bed day type. This is calculated as : End Date - Start Date.,Claims / Denials,False,False
AUTHORIZATIONS,"This table contains information about authorization records. This includes links to the patient, referral, and coverage/payer.",EXT_SVC_MSG,VARCHAR,False,False,Service-level MSG data received by Payer Platform from an external system.,Claims / Denials,False,False
AUTHORIZATIONS,"This table contains information about authorization records. This includes links to the patient, referral, and coverage/payer.",EXT_SVC_REF_NUM,VARCHAR,False,False,the administrative reference number received by Payer Platform from an external system for this service,Claims / Denials,False,False
AUTHORIZATIONS,"This table contains information about authorization records. This includes links to the patient, referral, and coverage/payer.",EXT_SVC_AUTH_NUM,VARCHAR,False,False,the authorization number received by Payer Platform from an external system for this service,Claims / Denials,False,False
AUTHORIZATIONS,"This table contains information about authorization records. This includes links to the patient, referral, and coverage/payer.",UM_CVG_GUIDANCE_RESP_AGENCY_ID,VARCHAR,False,False,The unique ID of the responsible entity for determining coverage guidance for the requested service.,Claims / Denials,False,False
AUTHORIZATIONS,"This table contains information about authorization records. This includes links to the patient, referral, and coverage/payer.",UM_CVG_GUIDANCE_RESP_AGENCY_ID_AGENCY_NAME,VARCHAR,False,False,The name of the agency.,Claims / Denials,False,False
AUTHORIZATIONS,"This table contains information about authorization records. This includes links to the patient, referral, and coverage/payer.",AUTH_BED_DAY_TX_STATUS_C_NAME,VARCHAR,False,False,Indicates the current transaction status for this bed day,Claims / Denials,False,False
AUTHORIZATIONS,"This table contains information about authorization records. This includes links to the patient, referral, and coverage/payer.",UM_REQ_RX_QTY,NUMERIC,False,False,The requested quantity limit for the current medication item. Quantity limit refers to the maximum amount of medication that can be dispensed to a patient within a specific timeframe.,Claims / Denials,False,False
AUTHORIZATIONS,"This table contains information about authorization records. This includes links to the patient, referral, and coverage/payer.",UM_REQ_RX_DISP_QTYUNIT_C_NAME,VARCHAR,True,False,The requested quantity limit unit for the current medication item. Quantity limit refers to the maximum amount of medication that can be dispensed to a patient within a specific timeframe.,Claims / Denials,False,False
AUTHORIZATIONS,"This table contains information about authorization records. This includes links to the patient, referral, and coverage/payer.",UM_REQ_RX_DAYS,NUMERIC,False,False,The requested quantity limit number for days of the current medication item. Quantity limit refers to the maximum amount of medication that can be dispensed to a patient within a specific timeframe.,Claims / Denials,False,False
AUTHORIZATIONS,"This table contains information about authorization records. This includes links to the patient, referral, and coverage/payer.",REQ_UM_MED_TIER_C_NAME,VARCHAR,True,False,The requested tier for the current medication item.,Claims / Denials,False,False
AUTHORIZATIONS,"This table contains information about authorization records. This includes links to the patient, referral, and coverage/payer.",UM_MEDICATION_ID_MEDICATION_NAME,VARCHAR,False,False,The name of this medication record.,Claims / Denials,False,False
AUTHORIZATIONS,"This table contains information about authorization records. This includes links to the patient, referral, and coverage/payer.",UM_NDC_ID,VARCHAR,False,False,The NDC of the current medication item.,Claims / Denials,False,False
AUTHORIZATIONS,"This table contains information about authorization records. This includes links to the patient, referral, and coverage/payer.",UM_NDC_ID_NDC_CODE,VARCHAR,False,False,The external code for the National Drug Code (NDC). An NDC represents packages of medications.,Claims / Denials,False,False
AUTHORIZATIONS,"This table contains information about authorization records. This includes links to the patient, referral, and coverage/payer.",UM_APRV_RX_QTY,NUMERIC,False,False,The approved quantity limit for the current medication item. Quantity limit refers to the maximum amount of medication that can be dispensed to a patient within a specific timeframe.,Claims / Denials,False,False
AUTHORIZATIONS,"This table contains information about authorization records. This includes links to the patient, referral, and coverage/payer.",UM_APRV_RX_DISP_QTYUNIT_C_NAME,VARCHAR,False,False,The approved quantity limit unit for the current medication item. Quantity limit refers to the maximum amount of medication that can be dispensed to a patient within a specific timeframe.,Claims / Denials,False,False
AUTHORIZATIONS,"This table contains information about authorization records. This includes links to the patient, referral, and coverage/payer.",UM_APRV_RX_DAYS,NUMERIC,False,False,The approved quantity limit number for days of the current medication item. Quantity limit refers to the maximum amount of medication that can be dispensed to a patient within a specific timeframe.,Claims / Denials,False,False
AUTHORIZATIONS,"This table contains information about authorization records. This includes links to the patient, referral, and coverage/payer.",APRV_UM_MED_TIER_C_NAME,VARCHAR,False,False,The approved tier for the current medication item.,Claims / Denials,False,False
AUTHORIZATIONS,"This table contains information about authorization records. This includes links to the patient, referral, and coverage/payer.",UM_CVG_GUIDANCE_POS_TYPE_C_NAME,VARCHAR,True,False,The place of service type category ID for the coverage guidance request.,Claims / Denials,False,False
AUTHORIZATIONS,"This table contains information about authorization records. This includes links to the patient, referral, and coverage/payer.",UM_FORMULARY_QL_QUANTITY,NUMERIC,False,False,The formulary quantity limit for the current medication item. Quantity limit refers to the maximum amount of medication that can be dispensed to a patient within a specific timeframe.,Claims / Denials,False,False
AUTHORIZATIONS,"This table contains information about authorization records. This includes links to the patient, referral, and coverage/payer.",UM_FORMULARY_QL_DISP_QTYUNIT_C_NAME,VARCHAR,False,False,The formulary quantity limit unit for the current medication item. Quantity limit refers to the maximum amount of medication that can be dispensed to a patient within a specific timeframe.,Claims / Denials,False,False
AUTHORIZATIONS,"This table contains information about authorization records. This includes links to the patient, referral, and coverage/payer.",UM_FORMULARY_QL_DAYS,NUMERIC,False,False,The formulary quantity limit number for days of the current medication item. Quantity limit refers to the maximum amount of medication that can be dispensed to a patient within a specific timeframe.,Claims / Denials,False,False
AUTHORIZATIONS,"This table contains information about authorization records. This includes links to the patient, referral, and coverage/payer.",UM_FORMULARY_UM_MED_TIER_C_NAME,VARCHAR,False,False,The formulary tier for the current medication item.,Claims / Denials,False,False
AUTHORIZATIONS,"This table contains information about authorization records. This includes links to the patient, referral, and coverage/payer.",UM_FINAL_STS_CHANGE_LOCAL_DTTM,DATETIME (Local),False,False,"The local date and time the current authorization finalized status was set on the authorization. Note that unlike column UM_DECISION_DTTM, if a service's status changes from a finalized status to another after the entire authorization request has been finalized, this column will update with the new instant.",Claims / Denials,False,False
AUTHORIZATIONS,"This table contains information about authorization records. This includes links to the patient, referral, and coverage/payer.",UM_FINAL_STS_CHANGE_UTC_DTTM,DATETIME (UTC),False,False,"The UTC date and time the current authorization finalized status was set on the authorization. Note that unlike column UM_DECISION_UTC_DTTM, if a service's status changes from a finalized status to another after the entire authorization request has been finalized, this column will update with the new instant.",Claims / Denials,False,False
AUTHORIZATIONS,"This table contains information about authorization records. This includes links to the patient, referral, and coverage/payer.",UM_CVG_GDNC_CVRD_MEM_BENEFIT_C_NAME,VARCHAR,False,False,The benefit check result from the requested coverage guidance.,Claims / Denials,False,False
AUTH_UM_CVG_GUIDANCE_DX,This table contains diagnosis information associated with a coverage guidance request.,AUTH_ID,NUMERIC,False,False,The unique identifier (.1 item) for the authorization record.,ICD-10 / Diagnosis coding,False,True
AUTH_UM_CVG_GUIDANCE_DX,This table contains diagnosis information associated with a coverage guidance request.,LINE,INTEGER,False,False,The line number for the information associated with this record. Multiple pieces of information can be associated with this record.,ICD-10 / Diagnosis coding,False,True
AUTH_UM_CVG_GUIDANCE_DX,This table contains diagnosis information associated with a coverage guidance request.,UM_CVG_GUIDANCE_DX_ID_DX_NAME,VARCHAR,False,False,The name of the diagnosis.,ICD-10 / Diagnosis coding,False,False
BDC_ADDL_CLAIM_STS_CSN,This table contains information of contributing claim status messages for a claim status follow-up record.,BDC_ID,NUMERIC,False,False,The unique identifier (.1 item) for the den/corr rec record.,Claims / Denials,False,True
BDC_ADDL_CLAIM_STS_CSN,This table contains information of contributing claim status messages for a claim status follow-up record.,LINE,INTEGER,False,False,The line number for the information associated with this record. Multiple pieces of information can be associated with this record.,Claims / Denials,False,True
BDC_ADDL_CLAIM_STS_CSN,This table contains information of contributing claim status messages for a claim status follow-up record.,ADDL_CLAIM_RECON_CSN_ID,NUMERIC,False,False,This item stores contact serial numbers of claim reconciliaiton record that contribute to an existing claim status follow-up record.,Claims / Denials,False,False
BDC_ASSOC_REMARK_CODES,This table lists the remark codes associated with a Denial/Correspondence (BDC) record.,BDC_ID,NUMERIC,False,False,The unique identifier for the denial/correspondence record.,Claims / Denials,False,True
BDC_ASSOC_REMARK_CODES,This table lists the remark codes associated with a Denial/Correspondence (BDC) record.,LINE,INTEGER,False,False,The line number for the information associated with this record. Multiple pieces of information can be associated with this record.,Claims / Denials,False,True
BDC_ASSOC_REMARK_CODES,This table lists the remark codes associated with a Denial/Correspondence (BDC) record.,REMARK_CODE_ID,VARCHAR,False,False,Remark codes associated with the denial reason code.,Claims / Denials,False,False
BDC_ASSOC_REMARK_CODES,This table lists the remark codes associated with a Denial/Correspondence (BDC) record.,REMARK_CODE_ID_REMIT_CODE_NAME,VARCHAR,False,False,The name of each remittance code.,Claims / Denials,False,False
BDC_CLAIM_STATUS,"This table contains information about the claim status for claim status follow-up (BDC) records, including claim status reason codes and claim status codes.",BDC_ID,NUMERIC,False,False,The unique identifier (.1 item) for the den/corr rec record.,Claims / Denials,False,True
BDC_CLAIM_STATUS,"This table contains information about the claim status for claim status follow-up (BDC) records, including claim status reason codes and claim status codes.",LINE,INTEGER,False,False,The line number for the information associated with this record. Multiple pieces of information can be associated with this record.,Claims / Denials,False,True
BDC_CLAIM_STATUS,"This table contains information about the claim status for claim status follow-up (BDC) records, including claim status reason codes and claim status codes.",CLAIM_STAT_RSN_C_NAME,VARCHAR,False,False,Status reason code of the claim status message linked to the claim status follow-up record.,Claims / Denials,False,False
BDC_CLAIM_STATUS,"This table contains information about the claim status for claim status follow-up (BDC) records, including claim status reason codes and claim status codes.",CLM_STATUS_CODE_C_NAME,VARCHAR,True,False,Status code loaded from a ANSI 277 message from the payer that indicates the status of the claim.,Claims / Denials,False,False
BDC_CLAIM_STATUS,"This table contains information about the claim status for claim status follow-up (BDC) records, including claim status reason codes and claim status codes.",CLM_STATUS_DATA,VARCHAR,False,False,Status code string for when the status code is unmapped.,Claims / Denials,False,False
BDC_INFO,This table contains Denial/Remark/Correspondence/Variance/Claim Status Follow-Up information from the Denial/Correspondence (BDC) master file. It includes information about the denial/remark code received or correspondence text as applicable. It also includes some general information about the current state of the record. It does not include the change history information and specific denial information from the explanation of benefits (EOB).,BDC_ID,NUMERIC,False,False,The unique identifier for the denial/correspondence record.,Claims / Denials,False,True
BDC_INFO,This table contains Denial/Remark/Correspondence/Variance/Claim Status Follow-Up information from the Denial/Correspondence (BDC) master file. It includes information about the denial/remark code received or correspondence text as applicable. It also includes some general information about the current state of the record. It does not include the change history information and specific denial information from the explanation of benefits (EOB).,BDC_NAME,VARCHAR,False,False,BDC Record Name - Denial/Remark/Correspondence Record Name.,Claims / Denials,False,False
BDC_INFO,This table contains Denial/Remark/Correspondence/Variance/Claim Status Follow-Up information from the Denial/Correspondence (BDC) master file. It includes information about the denial/remark code received or correspondence text as applicable. It also includes some general information about the current state of the record. It does not include the change history information and specific denial information from the explanation of benefits (EOB).,RECORD_TYPE_C_NAME,VARCHAR,False,False,The record type category ID for the Denial/Remark/Correspondence.,Claims / Denials,False,False
BDC_INFO,This table contains Denial/Remark/Correspondence/Variance/Claim Status Follow-Up information from the Denial/Correspondence (BDC) master file. It includes information about the denial/remark code received or correspondence text as applicable. It also includes some general information about the current state of the record. It does not include the change history information and specific denial information from the explanation of benefits (EOB).,BUCKET_ID,NUMERIC,False,False,The Hospital Liability Bucket that the Denial/Remark/Correspondence record is linked to.,Claims / Denials,False,False
BDC_INFO,This table contains Denial/Remark/Correspondence/Variance/Claim Status Follow-Up information from the Denial/Correspondence (BDC) master file. It includes information about the denial/remark code received or correspondence text as applicable. It also includes some general information about the current state of the record. It does not include the change history information and specific denial information from the explanation of benefits (EOB).,RECORD_STATUS_C_NAME,VARCHAR,True,False,The status category ID for the Denial/Remark/Correspondence.,Claims / Denials,False,False
BDC_INFO,This table contains Denial/Remark/Correspondence/Variance/Claim Status Follow-Up information from the Denial/Correspondence (BDC) master file. It includes information about the denial/remark code received or correspondence text as applicable. It also includes some general information about the current state of the record. It does not include the change history information and specific denial information from the explanation of benefits (EOB).,RECORD_SOURCE_C_NAME,VARCHAR,True,False,The source category ID for the Denial/Remark/Correspondence.,Claims / Denials,False,False
BDC_INFO,This table contains Denial/Remark/Correspondence/Variance/Claim Status Follow-Up information from the Denial/Correspondence (BDC) master file. It includes information about the denial/remark code received or correspondence text as applicable. It also includes some general information about the current state of the record. It does not include the change history information and specific denial information from the explanation of benefits (EOB).,CLAIM_PRINT_ID,NUMERIC,False,False,The ID of the claim print record for the invoice of the denied payment.,Claims / Denials,False,False
BDC_INFO,This table contains Denial/Remark/Correspondence/Variance/Claim Status Follow-Up information from the Denial/Correspondence (BDC) master file. It includes information about the denial/remark code received or correspondence text as applicable. It also includes some general information about the current state of the record. It does not include the change history information and specific denial information from the explanation of benefits (EOB).,INVOICE_NUMBER,VARCHAR,False,False,The invoice number associated with this denial/correspondence.,Claims / Denials,False,False
BDC_INFO,This table contains Denial/Remark/Correspondence/Variance/Claim Status Follow-Up information from the Denial/Correspondence (BDC) master file. It includes information about the denial/remark code received or correspondence text as applicable. It also includes some general information about the current state of the record. It does not include the change history information and specific denial information from the explanation of benefits (EOB).,GRP_CODE_C_NAME,VARCHAR,True,False,This item holds the group code associated with the reason code in a denial correspondence record.,Claims / Denials,False,False
BDC_INFO,This table contains Denial/Remark/Correspondence/Variance/Claim Status Follow-Up information from the Denial/Correspondence (BDC) master file. It includes information about the denial/remark code received or correspondence text as applicable. It also includes some general information about the current state of the record. It does not include the change history information and specific denial information from the explanation of benefits (EOB).,REMIT_CODE_ID,VARCHAR,False,False,The unique ID of the remittance code associated with the record.,Claims / Denials,False,False
BDC_INFO,This table contains Denial/Remark/Correspondence/Variance/Claim Status Follow-Up information from the Denial/Correspondence (BDC) master file. It includes information about the denial/remark code received or correspondence text as applicable. It also includes some general information about the current state of the record. It does not include the change history information and specific denial information from the explanation of benefits (EOB).,REMIT_CODE_ID_REMIT_CODE_NAME,VARCHAR,False,False,The name of each remittance code.,Claims / Denials,False,False
BDC_INFO,This table contains Denial/Remark/Correspondence/Variance/Claim Status Follow-Up information from the Denial/Correspondence (BDC) master file. It includes information about the denial/remark code received or correspondence text as applicable. It also includes some general information about the current state of the record. It does not include the change history information and specific denial information from the explanation of benefits (EOB).,EXTERNAL_CODE,VARCHAR,False,False,The external ID of the remittance code associated with this denial/correspondence.,Claims / Denials,False,False
BDC_INFO,This table contains Denial/Remark/Correspondence/Variance/Claim Status Follow-Up information from the Denial/Correspondence (BDC) master file. It includes information about the denial/remark code received or correspondence text as applicable. It also includes some general information about the current state of the record. It does not include the change history information and specific denial information from the explanation of benefits (EOB).,INV_END_DATE,DATETIME,False,False,Ending Date on the invoice linked to the denial/remark.,Claims / Denials,True,False
BDC_INFO,This table contains Denial/Remark/Correspondence/Variance/Claim Status Follow-Up information from the Denial/Correspondence (BDC) master file. It includes information about the denial/remark code received or correspondence text as applicable. It also includes some general information about the current state of the record. It does not include the change history information and specific denial information from the explanation of benefits (EOB).,SOURCE_PMT_HB_TX_ID,NUMERIC,False,False,ID of the Hospital Billing payment transaction that the denial/remark was linked to.,Claims / Denials,False,False
BDC_INFO,This table contains Denial/Remark/Correspondence/Variance/Claim Status Follow-Up information from the Denial/Correspondence (BDC) master file. It includes information about the denial/remark code received or correspondence text as applicable. It also includes some general information about the current state of the record. It does not include the change history information and specific denial information from the explanation of benefits (EOB).,EXP_ALLOW_AMT,NUMERIC,False,False,Expected allowed amount on denial/remark/correspondence record.,Claims / Denials,False,False
BDC_INFO,This table contains Denial/Remark/Correspondence/Variance/Claim Status Follow-Up information from the Denial/Correspondence (BDC) master file. It includes information about the denial/remark code received or correspondence text as applicable. It also includes some general information about the current state of the record. It does not include the change history information and specific denial information from the explanation of benefits (EOB).,RESOLVE_REASON_C_NAME,VARCHAR,True,False,Resolution Category for Denial/Remark/Correspondence if it has been resolved.,Claims / Denials,False,False
BDC_INFO,This table contains Denial/Remark/Correspondence/Variance/Claim Status Follow-Up information from the Denial/Correspondence (BDC) master file. It includes information about the denial/remark code received or correspondence text as applicable. It also includes some general information about the current state of the record. It does not include the change history information and specific denial information from the explanation of benefits (EOB).,RESOLVE_COMMENTS,VARCHAR,False,False,Comments entered with resolution category.,Claims / Denials,False,False
BDC_INFO,This table contains Denial/Remark/Correspondence/Variance/Claim Status Follow-Up information from the Denial/Correspondence (BDC) master file. It includes information about the denial/remark code received or correspondence text as applicable. It also includes some general information about the current state of the record. It does not include the change history information and specific denial information from the explanation of benefits (EOB).,BDC_RECEIVE_DATE,DATETIME,False,False,The date the Denial/Remark/Correspondence was received.,Claims / Denials,True,False
BDC_INFO,This table contains Denial/Remark/Correspondence/Variance/Claim Status Follow-Up information from the Denial/Correspondence (BDC) master file. It includes information about the denial/remark code received or correspondence text as applicable. It also includes some general information about the current state of the record. It does not include the change history information and specific denial information from the explanation of benefits (EOB).,BDC_COMPLETE_VOID_DATE,DATETIME,False,False,The date the Denial/Remark/Correspondence record was completed or voided.,Claims / Denials,True,False
BDC_INFO,This table contains Denial/Remark/Correspondence/Variance/Claim Status Follow-Up information from the Denial/Correspondence (BDC) master file. It includes information about the denial/remark code received or correspondence text as applicable. It also includes some general information about the current state of the record. It does not include the change history information and specific denial information from the explanation of benefits (EOB).,BDC_REOPEN_DATE,DATETIME,False,False,The date the Denial/Remark/Correspondence record was re-opened after being completed.,Claims / Denials,True,False
BDC_INFO,This table contains Denial/Remark/Correspondence/Variance/Claim Status Follow-Up information from the Denial/Correspondence (BDC) master file. It includes information about the denial/remark code received or correspondence text as applicable. It also includes some general information about the current state of the record. It does not include the change history information and specific denial information from the explanation of benefits (EOB).,PB_INVOICE_ID,NUMERIC,False,False,The professional invoice associated with the denial/correspondence record.,Claims / Denials,False,False
BDC_INFO,This table contains Denial/Remark/Correspondence/Variance/Claim Status Follow-Up information from the Denial/Correspondence (BDC) master file. It includes information about the denial/remark code received or correspondence text as applicable. It also includes some general information about the current state of the record. It does not include the change history information and specific denial information from the explanation of benefits (EOB).,GUARANTOR_ID,NUMERIC,False,False,The unique ID of the guarantor associated with the denial/correspondence record.,Claims / Denials,False,False
BDC_INFO,This table contains Denial/Remark/Correspondence/Variance/Claim Status Follow-Up information from the Denial/Correspondence (BDC) master file. It includes information about the denial/remark code received or correspondence text as applicable. It also includes some general information about the current state of the record. It does not include the change history information and specific denial information from the explanation of benefits (EOB).,DOC_INFO_ID,VARCHAR,False,False,The unique ID of the document that is associated with the denial/correspondence record.,Claims / Denials,False,False
BDC_INFO,This table contains Denial/Remark/Correspondence/Variance/Claim Status Follow-Up information from the Denial/Correspondence (BDC) master file. It includes information about the denial/remark code received or correspondence text as applicable. It also includes some general information about the current state of the record. It does not include the change history information and specific denial information from the explanation of benefits (EOB).,WRITE_OFF_AMT_SYS,NUMERIC,False,False,The write off amount calculated by the system.,Claims / Denials,False,False
BDC_INFO,This table contains Denial/Remark/Correspondence/Variance/Claim Status Follow-Up information from the Denial/Correspondence (BDC) master file. It includes information about the denial/remark code received or correspondence text as applicable. It also includes some general information about the current state of the record. It does not include the change history information and specific denial information from the explanation of benefits (EOB).,WRITE_OFF_AMT_CALC,NUMERIC,False,False,"The write off amount entered by the user. If that is blank, this is the write off amount calculated by the system.",Claims / Denials,False,False
BDC_INFO,This table contains Denial/Remark/Correspondence/Variance/Claim Status Follow-Up information from the Denial/Correspondence (BDC) master file. It includes information about the denial/remark code received or correspondence text as applicable. It also includes some general information about the current state of the record. It does not include the change history information and specific denial information from the explanation of benefits (EOB).,DISCREPANCY_AMT_SYS,NUMERIC,False,False,The dollar amount that is at risk for a denial or variance.,Claims / Denials,False,False
BDC_INFO,This table contains Denial/Remark/Correspondence/Variance/Claim Status Follow-Up information from the Denial/Correspondence (BDC) master file. It includes information about the denial/remark code received or correspondence text as applicable. It also includes some general information about the current state of the record. It does not include the change history information and specific denial information from the explanation of benefits (EOB).,CLM_EXT_VAL_ID,NUMERIC,False,False,The Claim External Value ID of the Claim Print ID that was denied.,Claims / Denials,False,False
BDC_INFO,This table contains Denial/Remark/Correspondence/Variance/Claim Status Follow-Up information from the Denial/Correspondence (BDC) master file. It includes information about the denial/remark code received or correspondence text as applicable. It also includes some general information about the current state of the record. It does not include the change history information and specific denial information from the explanation of benefits (EOB).,BILLING_DRG,VARCHAR,False,False,This item stores the billing DRG sent on the claim or coded on the account. The billing DRG is looked up first from the claim and then from the account. It can be manually overridden.,Claims / Denials,False,False
BDC_INFO,This table contains Denial/Remark/Correspondence/Variance/Claim Status Follow-Up information from the Denial/Correspondence (BDC) master file. It includes information about the denial/remark code received or correspondence text as applicable. It also includes some general information about the current state of the record. It does not include the change history information and specific denial information from the explanation of benefits (EOB).,PAYER_RECOMMENDED_DRG,VARCHAR,False,False,The user recorded payer recommended DRG from the payment that created the follow-up record.,Claims / Denials,False,False
BDC_INFO,This table contains Denial/Remark/Correspondence/Variance/Claim Status Follow-Up information from the Denial/Correspondence (BDC) master file. It includes information about the denial/remark code received or correspondence text as applicable. It also includes some general information about the current state of the record. It does not include the change history information and specific denial information from the explanation of benefits (EOB).,FINAL_RESOLUTION_DRG,VARCHAR,False,False,The user recorded final resolution DRG.,Claims / Denials,False,False
BDC_INFO,This table contains Denial/Remark/Correspondence/Variance/Claim Status Follow-Up information from the Denial/Correspondence (BDC) master file. It includes information about the denial/remark code received or correspondence text as applicable. It also includes some general information about the current state of the record. It does not include the change history information and specific denial information from the explanation of benefits (EOB).,EXPECTED_RECOVERY_AMT,NUMERIC,False,False,This item contains the amount of the expected payment as a result of resubmitting the claim associated with this denial.,Claims / Denials,False,False
BDC_INFO,This table contains Denial/Remark/Correspondence/Variance/Claim Status Follow-Up information from the Denial/Correspondence (BDC) master file. It includes information about the denial/remark code received or correspondence text as applicable. It also includes some general information about the current state of the record. It does not include the change history information and specific denial information from the explanation of benefits (EOB).,ACTUAL_RECOVERY_AMT_USER,NUMERIC,False,False,This item contains the amount actually paid as a result of resubmitting the claim associated with this denial. This can be overridden.,Claims / Denials,False,False
BDC_INFO,This table contains Denial/Remark/Correspondence/Variance/Claim Status Follow-Up information from the Denial/Correspondence (BDC) master file. It includes information about the denial/remark code received or correspondence text as applicable. It also includes some general information about the current state of the record. It does not include the change history information and specific denial information from the explanation of benefits (EOB).,WRITE_OFF_AMT_USER,NUMERIC,False,False,This item contains the amount of this denial that was written off.,Claims / Denials,False,False
BDC_INFO,This table contains Denial/Remark/Correspondence/Variance/Claim Status Follow-Up information from the Denial/Correspondence (BDC) master file. It includes information about the denial/remark code received or correspondence text as applicable. It also includes some general information about the current state of the record. It does not include the change history information and specific denial information from the explanation of benefits (EOB).,EXT_PAT_NAME,VARCHAR,False,False,This item is used to record the patient name if the record of the patient is in an external system.,Claims / Denials,False,False
BDC_INFO,This table contains Denial/Remark/Correspondence/Variance/Claim Status Follow-Up information from the Denial/Correspondence (BDC) master file. It includes information about the denial/remark code received or correspondence text as applicable. It also includes some general information about the current state of the record. It does not include the change history information and specific denial information from the explanation of benefits (EOB).,EXT_PAT_MRN,VARCHAR,False,False,This item is used to record the patient's medical record number if the record of the patient is in an external system.,Claims / Denials,False,False
BDC_INFO,This table contains Denial/Remark/Correspondence/Variance/Claim Status Follow-Up information from the Denial/Correspondence (BDC) master file. It includes information about the denial/remark code received or correspondence text as applicable. It also includes some general information about the current state of the record. It does not include the change history information and specific denial information from the explanation of benefits (EOB).,EXT_ADMIT_DATE,DATETIME,False,False,This item is used to record the patient admit date if the record of the patient is in an external system.,Claims / Denials,True,False
BDC_INFO,This table contains Denial/Remark/Correspondence/Variance/Claim Status Follow-Up information from the Denial/Correspondence (BDC) master file. It includes information about the denial/remark code received or correspondence text as applicable. It also includes some general information about the current state of the record. It does not include the change history information and specific denial information from the explanation of benefits (EOB).,EXT_DISCHARGE_DATE,DATETIME,False,False,This item is used to record the patient discharge date if the record of the patient is in an external system.,Claims / Denials,True,False
BDC_INFO,This table contains Denial/Remark/Correspondence/Variance/Claim Status Follow-Up information from the Denial/Correspondence (BDC) master file. It includes information about the denial/remark code received or correspondence text as applicable. It also includes some general information about the current state of the record. It does not include the change history information and specific denial information from the explanation of benefits (EOB).,EXT_CLAIM_NUM,VARCHAR,False,False,This item is used to record the claim number if the record of the patient is in an external system.,Claims / Denials,False,False
BDC_INFO,This table contains Denial/Remark/Correspondence/Variance/Claim Status Follow-Up information from the Denial/Correspondence (BDC) master file. It includes information about the denial/remark code received or correspondence text as applicable. It also includes some general information about the current state of the record. It does not include the change history information and specific denial information from the explanation of benefits (EOB).,EXT_PAT_BIRTH_DATE,DATETIME,False,False,This item is used to record the patient's date of birth if the record of the patient is in an external system.,Claims / Denials,True,False
BDC_INFO,This table contains Denial/Remark/Correspondence/Variance/Claim Status Follow-Up information from the Denial/Correspondence (BDC) master file. It includes information about the denial/remark code received or correspondence text as applicable. It also includes some general information about the current state of the record. It does not include the change history information and specific denial information from the explanation of benefits (EOB).,SOURCE_PMT_PB_TX_ID,NUMERIC,False,False,Professional Billing payment transaction which led to denial/correspondence record creation.,Claims / Denials,False,False
BDC_INFO,This table contains Denial/Remark/Correspondence/Variance/Claim Status Follow-Up information from the Denial/Correspondence (BDC) master file. It includes information about the denial/remark code received or correspondence text as applicable. It also includes some general information about the current state of the record. It does not include the change history information and specific denial information from the explanation of benefits (EOB).,DFLT_CLASS_USES_REMARK_CODE_ID,VARCHAR,False,False,"Stores the highest priority associated remark code for denials if this remark was used to get default classification items. Default classification items include priority, preventable, owning area, source area, and code category.",Claims / Denials,False,False
BDC_INFO,This table contains Denial/Remark/Correspondence/Variance/Claim Status Follow-Up information from the Denial/Correspondence (BDC) master file. It includes information about the denial/remark code received or correspondence text as applicable. It also includes some general information about the current state of the record. It does not include the change history information and specific denial information from the explanation of benefits (EOB).,DFLT_CLASS_USES_REMARK_CODE_ID_REMIT_CODE_NAME,VARCHAR,False,False,The name of each remittance code.,Claims / Denials,False,False
BDC_INFO,This table contains Denial/Remark/Correspondence/Variance/Claim Status Follow-Up information from the Denial/Correspondence (BDC) master file. It includes information about the denial/remark code received or correspondence text as applicable. It also includes some general information about the current state of the record. It does not include the change history information and specific denial information from the explanation of benefits (EOB).,APPEAL_DEADLINE_DATE,DATETIME,False,False,This item stores the initial appeal deadline at the moment the BDC is created.,Claims / Denials,True,False
BDC_INFO,This table contains Denial/Remark/Correspondence/Variance/Claim Status Follow-Up information from the Denial/Correspondence (BDC) master file. It includes information about the denial/remark code received or correspondence text as applicable. It also includes some general information about the current state of the record. It does not include the change history information and specific denial information from the explanation of benefits (EOB).,PAYER_DOWNGRADE_TYPE_C_NAME,VARCHAR,False,False,The type of downgrade requested via this BDC when the primary payer tries to dispute the level of care of the HAR.,Claims / Denials,False,False
BDC_INFO,This table contains Denial/Remark/Correspondence/Variance/Claim Status Follow-Up information from the Denial/Correspondence (BDC) master file. It includes information about the denial/remark code received or correspondence text as applicable. It also includes some general information about the current state of the record. It does not include the change history information and specific denial information from the explanation of benefits (EOB).,PAYER_DOWNGRADE_OUTCOME_C_NAME,VARCHAR,False,False,Whether the primary payer's attempt to lower the level of care of the account via this BDC was appropriate and whether it was overturned or led to a downgrade. This item is null if no such attempt was made by the Primary Payer.,Claims / Denials,False,False
BDC_INFO,This table contains Denial/Remark/Correspondence/Variance/Claim Status Follow-Up information from the Denial/Correspondence (BDC) master file. It includes information about the denial/remark code received or correspondence text as applicable. It also includes some general information about the current state of the record. It does not include the change history information and specific denial information from the explanation of benefits (EOB).,RECONCILE_CLAIM_STATUS_C_NAME,VARCHAR,False,False,The status of a claim when the follow-up was needed.,Claims / Denials,False,False
BDC_INFO,This table contains Denial/Remark/Correspondence/Variance/Claim Status Follow-Up information from the Denial/Correspondence (BDC) master file. It includes information about the denial/remark code received or correspondence text as applicable. It also includes some general information about the current state of the record. It does not include the change history information and specific denial information from the explanation of benefits (EOB).,INT_CONTROL_NUMBER,VARCHAR,False,False,"The payer's internal control number (ICN) relevant to a follow-up. The number is provided by the payer in response to a claim, like a claim status message.",Claims / Denials,False,False
BDC_INFO,This table contains Denial/Remark/Correspondence/Variance/Claim Status Follow-Up information from the Denial/Correspondence (BDC) master file. It includes information about the denial/remark code received or correspondence text as applicable. It also includes some general information about the current state of the record. It does not include the change history information and specific denial information from the explanation of benefits (EOB).,CLAIM_RECON_ID,VARCHAR,False,False,The claim reconciliation record ID that was the basis for creating the denial/correspondence record.,Claims / Denials,False,False
BDC_INFO,This table contains Denial/Remark/Correspondence/Variance/Claim Status Follow-Up information from the Denial/Correspondence (BDC) master file. It includes information about the denial/remark code received or correspondence text as applicable. It also includes some general information about the current state of the record. It does not include the change history information and specific denial information from the explanation of benefits (EOB).,CLAIM_RECON_CSN_ID,NUMERIC,False,False,The unique contact serial number of the claim reconciliation contact that was the basis for creating the denial/correspondence record.,Claims / Denials,False,False
BDC_INFO,This table contains Denial/Remark/Correspondence/Variance/Claim Status Follow-Up information from the Denial/Correspondence (BDC) master file. It includes information about the denial/remark code received or correspondence text as applicable. It also includes some general information about the current state of the record. It does not include the change history information and specific denial information from the explanation of benefits (EOB).,FOLLOW_UP_CONTEXT_C_NAME,VARCHAR,False,False,"This item documents the context of a follow-up, regardless of the source. The context should indicate why follow-up is needed.",Claims / Denials,False,False
BDC_INFO,This table contains Denial/Remark/Correspondence/Variance/Claim Status Follow-Up information from the Denial/Correspondence (BDC) master file. It includes information about the denial/remark code received or correspondence text as applicable. It also includes some general information about the current state of the record. It does not include the change history information and specific denial information from the explanation of benefits (EOB).,APPEAL_LLM_TEXT_GENERATED_YN,VARCHAR,False,False,"Indicates if this denial had a clinical basis for appeal generated by the appeal assistant record or if text generation was attempted but failed. A value of 1 will be assigned if text was generated, 0 if generation failed, and null if generation was not attempted.",Claims / Denials,False,False
BDC_LOINC_CODES,This table contains LOINC code and mapping information that will help identify documentations needed from loading a 277 RF(A)I message.,BDC_ID,NUMERIC,False,False,The unique identifier (.1 item) for the den/corr rec record.,Claims / Denials,False,True
BDC_LOINC_CODES,This table contains LOINC code and mapping information that will help identify documentations needed from loading a 277 RF(A)I message.,LINE,INTEGER,False,False,The line number for the information associated with this record. Multiple pieces of information can be associated with this record.,Claims / Denials,False,True
BDC_LOINC_CODES,This table contains LOINC code and mapping information that will help identify documentations needed from loading a 277 RF(A)I message.,LOINC_CODE,VARCHAR,False,False,Logical Observation Identifiers Names and Codes (LOINC®) code loaded from an ANSI 277 Request for Information(RFI) message that indicates what information was requested.,Claims / Denials,False,False
BDC_PB_CHGS,This table stores PB Denial/Correspondence (BDC) denial records and the charge transactions that were denied by that denial record.,BDC_ID,NUMERIC,False,False,The unique identifier for the Professional Billing denial record.,Claims / Denials,False,True
BDC_PB_CHGS,This table stores PB Denial/Correspondence (BDC) denial records and the charge transactions that were denied by that denial record.,LINE,INTEGER,False,False,The line number for the information associated with this record. Multiple pieces of information can be associated with this record.,Claims / Denials,False,True
BDC_PB_CHGS,This table stores PB Denial/Correspondence (BDC) denial records and the charge transactions that were denied by that denial record.,TX_ID,NUMERIC,False,False,"Professional charge this denial was posted for. For panel procedures, same denial can point to multiple charges forming a single claim line.",Claims / Denials,False,False
BDC_PB_CHGS,This table stores PB Denial/Correspondence (BDC) denial records and the charge transactions that were denied by that denial record.,FOL_ID,NUMERIC,False,False,"Follow-up record this denial was posted for. For panel procedures, same denial can point to multiple follow-up records forming a single claim line.",Claims / Denials,False,False
BUNDLE_CHARGE_DX,Clarity table for bundleable charge diagnosis.,RECORD_ID,NUMERIC,False,False,The unique identifier (.1 item) for the charge line record.,ICD-10 / Diagnosis coding,False,True
BUNDLE_CHARGE_DX,Clarity table for bundleable charge diagnosis.,LINE,INTEGER,False,False,The line number for the information associated with this record. Multiple pieces of information can be associated with this record.,ICD-10 / Diagnosis coding,False,True
BUNDLE_CHARGE_DX,Clarity table for bundleable charge diagnosis.,DX_ID_DX_NAME,VARCHAR,False,False,The name of the diagnosis.,ICD-10 / Diagnosis coding,False,False
BUNDLE_CHARGE_DX,Clarity table for bundleable charge diagnosis.,DX_QUAL_C_NAME,VARCHAR,True,False,Diagnosis qualifier of this charge.,ICD-10 / Diagnosis coding,False,False
CANCER_RISK_SCORE_AGE,This table contains the age associated with a risk score.,PAT_ENC_CSN_ID,NUMERIC,False,False,"The unique contact serial number for this contact. This number is unique across all patient encounters in your system. If you use IntraConnect, this is the Unique Contact Identifier (UCI).",HCC / Risk adjustment,False,True
CANCER_RISK_SCORE_AGE,This table contains the age associated with a risk score.,GROUP_LINE,INTEGER,False,False,The line number for the information associated with this contact.,HCC / Risk adjustment,False,True
CANCER_RISK_SCORE_AGE,This table contains the age associated with a risk score.,VALUE_LINE,INTEGER,False,False,The line number of one of the multiple values associated with a specific group of data within this contact.,HCC / Risk adjustment,False,True
CANCER_RISK_SCORE_AGE,This table contains the age associated with a risk score.,SCORE_AGE,INTEGER,False,False,The patient's age for which the risk score applies.,HCC / Risk adjustment,False,False
CANCER_RISK_SCORE_DX,This table contains the diagnoses associated with the risk scores saved to the patient encounter.,PAT_ENC_CSN_ID,NUMERIC,False,False,"The unique contact serial number for this contact. This number is unique across all patient encounters in your system. If you use IntraConnect, this is the Unique Contact Identifier (UCI).",ICD-10 / Diagnosis coding;HCC / Risk adjustment,False,True
CANCER_RISK_SCORE_DX,This table contains the diagnoses associated with the risk scores saved to the patient encounter.,GROUP_LINE,INTEGER,False,False,The line number for the information associated with this contact.,ICD-10 / Diagnosis coding;HCC / Risk adjustment,False,True
CANCER_RISK_SCORE_DX,This table contains the diagnoses associated with the risk scores saved to the patient encounter.,VALUE_LINE,INTEGER,False,False,The line number of one of the multiple values associated with a specific group of data within this contact.,ICD-10 / Diagnosis coding;HCC / Risk adjustment,False,True
CANCER_RISK_SCORE_DX,This table contains the diagnoses associated with the risk scores saved to the patient encounter.,SCORE_DX_ID_DX_NAME,VARCHAR,False,False,The name of the diagnosis.,ICD-10 / Diagnosis coding;HCC / Risk adjustment,False,False
CANCER_RISK_SCORE_TYPE,This table contains the types of risk scores saved to the patient encounter.,PAT_ENC_CSN_ID,NUMERIC,False,False,"The unique contact serial number for this contact. This number is unique across all patient encounters in your system. If you use IntraConnect, this is the Unique Contact Identifier (UCI).",HCC / Risk adjustment,False,True
CANCER_RISK_SCORE_TYPE,This table contains the types of risk scores saved to the patient encounter.,GROUP_LINE,INTEGER,False,False,The line number for the risk score types information associated with this patient. Together with PAT_ENC_CSN_ID this forms the foreign key to the CANCER_RISK_INFO table.,HCC / Risk adjustment,False,True
CANCER_RISK_SCORE_TYPE,This table contains the types of risk scores saved to the patient encounter.,VALUE_LINE,INTEGER,False,False,The line number of one of the multiple risk score type values associated with the patient and the item in the CANCER_RISK_INFO table.,HCC / Risk adjustment,False,True
CANCER_RISK_SCORE_TYPE,This table contains the types of risk scores saved to the patient encounter.,PAT_ENC_DATE_REAL,FLOAT,False,False,"A unique contact date in decimal format. The integer portion of the number indicates the date of contact. The digits after the decimal distinguish different contacts on the same date and are unique for each contact on that date. For example, .00 is the first/only contact, .01 is the second contact, etc.",HCC / Risk adjustment,False,False
CANCER_RISK_SCORE_TYPE,This table contains the types of risk scores saved to the patient encounter.,CONTACT_DATE,DATETIME,False,False,The date of this contact in calendar format.,HCC / Risk adjustment,True,False
CANCER_RISK_SCORE_TYPE,This table contains the types of risk scores saved to the patient encounter.,CM_CT_OWNER_ID,VARCHAR,False,False,The Community ID (CID) of the instance that owns this contact. This is only populated if you use IntraConnect.,HCC / Risk adjustment,False,False
CANCER_RISK_SCORE_TYPE,This table contains the types of risk scores saved to the patient encounter.,CANCER_RISK_TYPE_C_NAME,VARCHAR,False,False,The cancer risk score type category ID for the patient.,HCC / Risk adjustment,False,False
CASE_DX,The CASE_DX table allows you to report on diagnoses associated with case records.,CASE_ID,NUMERIC,False,False,The unique ID of the case record.,ICD-10 / Diagnosis coding,False,True
CASE_DX,The CASE_DX table allows you to report on diagnoses associated with case records.,LINE,INTEGER,False,False,The line number of the diagnosis associated with this case record.,ICD-10 / Diagnosis coding,False,True
CASE_DX,The CASE_DX table allows you to report on diagnoses associated with case records.,DX_ID_DX_NAME,VARCHAR,False,False,The name of the diagnosis.,ICD-10 / Diagnosis coding,False,False
CASE_ICD_PROC,The CASE_ICD_PROC table contains information about ICD procedures associated with case records.,CASE_ID,NUMERIC,False,False,The unique identifier for the case record.,ICD-10 / Diagnosis coding,False,True
CASE_ICD_PROC,The CASE_ICD_PROC table contains information about ICD procedures associated with case records.,LINE,INTEGER,False,False,The line number for the information associated with this record. Multiple pieces of information can be associated with this record.,ICD-10 / Diagnosis coding,False,True
CASE_ICD_PROC,The CASE_ICD_PROC table contains information about ICD procedures associated with case records.,ICD_PX_ID,VARCHAR,False,False,Specifies the ICD procedure.,ICD-10 / Diagnosis coding,False,False
CASE_ICD_PROC,The CASE_ICD_PROC table contains information about ICD procedures associated with case records.,ICD_PX_ID_ICD_PX_NAME,VARCHAR,False,False,The name of the ICD procedure record.,ICD-10 / Diagnosis coding,False,False
CDI_WORKING_DX,The CDI_WORKING_DX table contains information related to working diagnoses for a Clinical Documentation Improvement (CDI) review.,CODING_RECORD_ID,NUMERIC,False,False,The unique identifier for the clinical documentation improvement (CDI) review record.,ICD-10 / Diagnosis coding,False,True
CDI_WORKING_DX,The CDI_WORKING_DX table contains information related to working diagnoses for a Clinical Documentation Improvement (CDI) review.,CONTACT_DATE_REAL,FLOAT,False,False,"A unique contact date in decimal format. The integer portion of the number indicates the date of contact. The digits after the decimal distinguish different contacts on the same date and are unique for each contact on that date. For example, .00 is the first/only contact, .01 is the second contact, etc.",ICD-10 / Diagnosis coding,False,True
CDI_WORKING_DX,The CDI_WORKING_DX table contains information related to working diagnoses for a Clinical Documentation Improvement (CDI) review.,LINE,INTEGER,False,False,"The line number for the diagnosis associated with this contact. If the line number is one, the related diagnosis is the principal diagnosis.",ICD-10 / Diagnosis coding,False,True
CDI_WORKING_DX,The CDI_WORKING_DX table contains information related to working diagnoses for a Clinical Documentation Improvement (CDI) review.,CONTACT_DATE,DATETIME,False,False,The date of this contact in calendar format.,ICD-10 / Diagnosis coding,True,False
CDI_WORKING_DX,The CDI_WORKING_DX table contains information related to working diagnoses for a Clinical Documentation Improvement (CDI) review.,CDI_WKG_DX_ID_DX_NAME,VARCHAR,False,False,The name of the diagnosis.,ICD-10 / Diagnosis coding,False,False
CDI_WORKING_DX,The CDI_WORKING_DX table contains information related to working diagnoses for a Clinical Documentation Improvement (CDI) review.,CDI_WKG_DX_POA_C_NAME,VARCHAR,True,False,The Present on Admission (POA) value for a working diagnosis on the clinical documentation improvement (CDI) review.,ICD-10 / Diagnosis coding,False,False
CDI_WORKING_DX,The CDI_WORKING_DX table contains information related to working diagnoses for a Clinical Documentation Improvement (CDI) review.,CONTACT_SERIAL_NUM,NUMERIC,False,False,The unique ID of the contact that this coding record is associated with.,ICD-10 / Diagnosis coding,False,False
CDI_WORKING_DX,The CDI_WORKING_DX table contains information related to working diagnoses for a Clinical Documentation Improvement (CDI) review.,CDI_WKG_DX_CC_C_NAME,VARCHAR,False,False,The (Major) Complication / Comorbidity status for a working diagnoses in the Clinical Documentation Improvement (CDI) review.,ICD-10 / Diagnosis coding,False,False
CDI_WORKING_DX,The CDI_WORKING_DX table contains information related to working diagnoses for a Clinical Documentation Improvement (CDI) review.,WKG_DX_HAC_YN,VARCHAR,False,False,"The Hospital-Acquired Condition (HAC) category this working diagnosis qualifies for, if any.",ICD-10 / Diagnosis coding,False,False
CDI_WORKING_DX_HACS,The Hospital Acquired Conditions (HACs) associated with working review diagnoses.,CODING_RECORD_ID,NUMERIC,False,False,The unique identifier (.1 item) for the coding record.,ICD-10 / Diagnosis coding,False,True
CDI_WORKING_DX_HACS,The Hospital Acquired Conditions (HACs) associated with working review diagnoses.,CONTACT_DATE_REAL,FLOAT,False,False,"A unique contact date in decimal format. The integer portion of the number indicates the date of contact. The digits after the decimal distinguish different contacts on the same date and are unique for each contact on that date. For example, .00 is the first/only contact, .01 is the second contact, etc.",ICD-10 / Diagnosis coding,False,True
CDI_WORKING_DX_HACS,The Hospital Acquired Conditions (HACs) associated with working review diagnoses.,GROUP_LINE,INTEGER,False,False,The line number for the information associated with this contact.,ICD-10 / Diagnosis coding,False,True
CDI_WORKING_DX_HACS,The Hospital Acquired Conditions (HACs) associated with working review diagnoses.,VALUE_LINE,INTEGER,False,False,The line number of one of the multiple values associated with a specific group of data within this contact.,ICD-10 / Diagnosis coding,False,True
CDI_WORKING_DX_HACS,The Hospital Acquired Conditions (HACs) associated with working review diagnoses.,CONTACT_DATE,DATETIME,False,False,The date of this contact in calendar format.,ICD-10 / Diagnosis coding,True,False
CDI_WORKING_DX_HACS,The Hospital Acquired Conditions (HACs) associated with working review diagnoses.,WKG_DX_HAC_CAT_C_NAME,VARCHAR,False,False,"The Hospital-Acquired Condition categories (HACs) this working diagnosis qualifies for, if any.",ICD-10 / Diagnosis coding,False,False
CHG_REVIEW_DX,"This table contains one row for each diagnosis entered on a temporary accounts receivable (TAR) record that is or has been in a charge review workqueue. This is not the diagnosis associated with individual procedures (I TAR 200), but rather the diagnosis entered on the TAR record as a whole as the Charge Diagnosis (I TAR 130). This table contains basic information about the diagnosis (Dx_ID and ICD9 Code). Note: TAR records in Chronicles are purged periodically depending on your system setting. Be aware that old data in this table might be lost if you truncate the table.",TAR_ID,NUMERIC,False,False,The unique ID of a TAR record. This represents an individual charge session.,ICD-10 / Diagnosis coding,False,True
CHG_REVIEW_DX,"This table contains one row for each diagnosis entered on a temporary accounts receivable (TAR) record that is or has been in a charge review workqueue. This is not the diagnosis associated with individual procedures (I TAR 200), but rather the diagnosis entered on the TAR record as a whole as the Charge Diagnosis (I TAR 130). This table contains basic information about the diagnosis (Dx_ID and ICD9 Code). Note: TAR records in Chronicles are purged periodically depending on your system setting. Be aware that old data in this table might be lost if you truncate the table.",LINE,INTEGER,False,False,The line count for the item. This represents a single diagnosis on the temporary transaction record.,ICD-10 / Diagnosis coding,False,True
CHG_REVIEW_DX,"This table contains one row for each diagnosis entered on a temporary accounts receivable (TAR) record that is or has been in a charge review workqueue. This is not the diagnosis associated with individual procedures (I TAR 200), but rather the diagnosis entered on the TAR record as a whole as the Charge Diagnosis (I TAR 130). This table contains basic information about the diagnosis (Dx_ID and ICD9 Code). Note: TAR records in Chronicles are purged periodically depending on your system setting. Be aware that old data in this table might be lost if you truncate the table.",DX_QUAL_C_NAME,VARCHAR,True,False,The diagnosis qualifier category ID for the temporary transaction.,ICD-10 / Diagnosis coding,False,False
CLAIM_INFO,This table contains information from claim info records for Hospital and Professional Billing.,CLAIM_ID,NUMERIC,False,False,The unique ID for the claim information record.,Claims / Denials,False,True
CLAIM_INFO,This table contains information from claim info records for Hospital and Professional Billing.,CLAIM_NAME,VARCHAR,False,False,The description of the claim record.,Claims / Denials,False,False
CLAIM_INFO,This table contains information from claim info records for Hospital and Professional Billing.,ACCOUNT_ID,NUMERIC,False,False,The billing system accounts receivable account ID associated with this claim.,Claims / Denials,False,False
CLAIM_INFO,This table contains information from claim info records for Hospital and Professional Billing.,CLAIM_TYPE_C_NAME,VARCHAR,True,False,The claim type category of the claim. Identifies whether the claim was filed as a workers' compensation or commercial claim.,Claims / Denials,False,False
CLAIM_INFO,This table contains information from claim info records for Hospital and Professional Billing.,USER_ID,VARCHAR,False,False,The ID of the staff member who entered the claim into the system.,Claims / Denials,False,False
CLAIM_INFO,This table contains information from claim info records for Hospital and Professional Billing.,USER_ID_NAME,VARCHAR,False,False,The name of the user record. This name may be hidden.,Claims / Denials,False,False
CLAIM_INFO,This table contains information from claim info records for Hospital and Professional Billing.,ENTRY_DATE,DATETIME,False,False,The date on which this claim was entered into the system.,Claims / Denials,True,False
CLAIM_INFO,This table contains information from claim info records for Hospital and Professional Billing.,COVERAGE_ID,NUMERIC,False,False,The coverage ID of the coverage used for this claim. This column can be used to report on coverages that are associated with a hospital account.,Claims / Denials,False,False
CLAIM_INFO,This table contains information from claim info records for Hospital and Professional Billing.,ADMIT_DATETIME,DATETIME (Local),False,False,The admission date and time for the patient encounter associated with the claim.,Claims / Denials,False,False
CLAIM_INFO,This table contains information from claim info records for Hospital and Professional Billing.,CLM_PAT_STATUS_C_NAME,VARCHAR,True,False,The patient status category ID for the patient for whom this claim was filed.,Claims / Denials,False,False
CLAIM_INFO,This table contains information from claim info records for Hospital and Professional Billing.,PROV_ID_PROV_NAME,VARCHAR,False,False,The name of the service provider. This item may be hidden in a public view of the CLARITY_SER table.,Claims / Denials,False,False
CLAIM_INFO,This table contains information from claim info records for Hospital and Professional Billing.,ADMISSION_SOURCE_C_NAME,VARCHAR,True,False,"The admission source (e.g., physician referral, clinic referral, Health Maintenance Organization (HMO) referral, transfer from a hospital, transfer from a skilled nursing facility, emergency room, court/law enforcement, information not available) for the encounter associated with this claim.",Claims / Denials,False,False
CLAIM_INFO,This table contains information from claim info records for Hospital and Professional Billing.,ADMISSION_TYPE_C_NAME,VARCHAR,True,False,"The admission type for the patient encounter associated with this claim (e.g., emergency, urgent, elective, newborn, trauma center, information not available).",Claims / Denials,False,False
CLAIM_INFO,This table contains information from claim info records for Hospital and Professional Billing.,ADMIT_DX_ID_DX_NAME,VARCHAR,False,False,The name of the diagnosis.,Claims / Denials,False,False
CLAIM_INFO,This table contains information from claim info records for Hospital and Professional Billing.,ILL_INJ_LMP_C_NAME,VARCHAR,False,False,"The category type identifying the claim as resulting from illness, injury or pregnancy (e.g., illness, accident (injury), pregnancy (last menstrual period, or LMP)).",Claims / Denials,False,False
CLAIM_INFO,This table contains information from claim info records for Hospital and Professional Billing.,REL_CONDITION_C_NAME,VARCHAR,True,False,"The related condition for the claim (e.g. Auto, Other Party Liability, Other Accident Related Injury, Patient Employment, Crime Victim).",Claims / Denials,False,False
CLAIM_INFO,This table contains information from claim info records for Hospital and Professional Billing.,DOC_CTRL_NUM,VARCHAR,False,False,The document control number (DCN) for the claim record.,Claims / Denials,False,False
CLAIM_INFO,This table contains information from claim info records for Hospital and Professional Billing.,INJURY_DATETIME,DATETIME (Local),False,False,The date and time on which the injury resulting in the claim occurred.,Claims / Denials,False,False
CLAIM_INFO,This table contains information from claim info records for Hospital and Professional Billing.,ACCIDENT_TYPE_C_NAME,VARCHAR,True,False,"The accident type for the injury resulting in the claim (e.g., Workers' Compensation, Automobile).",Claims / Denials,False,False
CLAIM_INFO,This table contains information from claim info records for Hospital and Professional Billing.,IS_EPSDT_YN,VARCHAR,False,False,This is a yes/no flag indicating whether or not the patient is being seen for an Early Periodic Screening Diagnosis and Treatment (EPSDT) program.,Claims / Denials,False,False
CLAIM_INFO,This table contains information from claim info records for Hospital and Professional Billing.,EPSDT_CODE_C_NAME,VARCHAR,True,False,Early Periodic Screening and Diagnosis Treatment (EPSDT) program value.,Claims / Denials,False,False
CLAIM_INFO,This table contains information from claim info records for Hospital and Professional Billing.,WC_CLAIM_NUM,VARCHAR,False,False,Workers' Comp Claim Number for the claim record.,Claims / Denials,False,False
CLAIM_INFO,This table contains information from claim info records for Hospital and Professional Billing.,WC_EMPLOYER_ID,VARCHAR,False,False,The ID of the employer associated with a Workers' Comp claim.,Claims / Denials,False,False
CLAIM_INFO,This table contains information from claim info records for Hospital and Professional Billing.,WC_EMPLOYER_ID_EMPLOYER_NAME,VARCHAR,False,False,The name of the employer.,Claims / Denials,False,False
CLAIM_INFO,This table contains information from claim info records for Hospital and Professional Billing.,TRAN_CODE_C_NAME,VARCHAR,True,False,Ambulance transport code.,Claims / Denials,False,False
CLAIM_INFO,This table contains information from claim info records for Hospital and Professional Billing.,TRAN_REASON_C_NAME,VARCHAR,True,False,Ambulance transport reason code.,Claims / Denials,False,False
CLAIM_INFO,This table contains information from claim info records for Hospital and Professional Billing.,TRAN_DIST,NUMERIC,False,False,Ambulance transport distance.,Claims / Denials,False,False
CLAIM_INFO,This table contains information from claim info records for Hospital and Professional Billing.,CLM_LOGIN_SA_ID_LOC_NAME,VARCHAR,False,False,The name of the revenue location.,Claims / Denials,False,False
CLAIM_INFO,This table contains information from claim info records for Hospital and Professional Billing.,ILL_INJ_LMP_DT,DATETIME,False,False,"The date of the onset of illness, the occurrence of the injury, or the patient's last menstrual period (related to pregnancy).",Claims / Denials,True,False
CLAIM_INFO,This table contains information from claim info records for Hospital and Professional Billing.,AUTO_ACDNT_STATE_C_NAME,VARCHAR,True,False,Auto accident State.,Claims / Denials,False,False
CLAIM_INFO,This table contains information from claim info records for Hospital and Professional Billing.,EMPY_RELATED_YN,VARCHAR,False,False,Indicates whether patient's condition is related to employment.,Claims / Denials,False,False
CLAIM_INFO,This table contains information from claim info records for Hospital and Professional Billing.,FIRST_CONSULT_DT,DATETIME,False,False,First consult date.,Claims / Denials,True,False
CLAIM_INFO,This table contains information from claim info records for Hospital and Professional Billing.,PAT_CHIEF_COMPLAINT,VARCHAR,False,False,Patients chief complaint.,Claims / Denials,False,False
CLAIM_INFO,This table contains information from claim info records for Hospital and Professional Billing.,EMERG_YN,VARCHAR,False,False,Indicates whether the procedure is related to an emergency.,Claims / Denials,False,False
CLAIM_INFO,This table contains information from claim info records for Hospital and Professional Billing.,LAST_WORKED_DT,DATETIME,False,False,Date last worked.,Claims / Denials,True,False
CLAIM_INFO,This table contains information from claim info records for Hospital and Professional Billing.,RETURN_TO_WORK_DT,DATETIME,False,False,Return to work date.,Claims / Denials,True,False
CLAIM_INFO,This table contains information from claim info records for Hospital and Professional Billing.,DISCHARGE_DT,DATETIME,False,False,Discharge date.,Claims / Denials,True,False
CLAIM_INFO,This table contains information from claim info records for Hospital and Professional Billing.,OUTSIDE_LAB_NAME_C_NAME,VARCHAR,True,False,Outside lab name.,Claims / Denials,False,False
CLAIM_INFO,This table contains information from claim info records for Hospital and Professional Billing.,HLTH_APPR_SCRN_YN,VARCHAR,False,False,Routine health appraisal/screening procedure.,Claims / Denials,False,False
CLAIM_INFO,This table contains information from claim info records for Hospital and Professional Billing.,SIG_ON_FILE_YN,VARCHAR,False,False,Signature on file?,Claims / Denials,False,False
CLAIM_INFO,This table contains information from claim info records for Hospital and Professional Billing.,WK_COMP_CLAIM_NUM,VARCHAR,False,False,Workers' Comp claim number.,Claims / Denials,False,False
CLAIM_INFO,This table contains information from claim info records for Hospital and Professional Billing.,WK_COMP_INJ_DESC,VARCHAR,False,False,Workers' Comp injury description.,Claims / Denials,False,False
CLAIM_INFO,This table contains information from claim info records for Hospital and Professional Billing.,WK_COMP_APRV_CODE,VARCHAR,False,False,Workers' Comp approval code.,Claims / Denials,False,False
CLAIM_INFO,This table contains information from claim info records for Hospital and Professional Billing.,WK_COMP_MED_RLS_DT,DATETIME,False,False,Workers' Comp medical release date.,Claims / Denials,True,False
CLAIM_INFO,This table contains information from claim info records for Hospital and Professional Billing.,DF_DELAY_RSN_CODE_C_NAME,VARCHAR,True,False,Default delay reason code.,Claims / Denials,False,False
CLAIM_INFO,This table contains information from claim info records for Hospital and Professional Billing.,FIRST_NEXT_VISIT_C_NAME,VARCHAR,False,False,First/subsequent visit indicator.,Claims / Denials,False,False
CLAIM_INFO,This table contains information from claim info records for Hospital and Professional Billing.,MED_HX_SOC_WORKER,VARCHAR,False,False,Social worker associated with this visit.,Claims / Denials,False,False
CLAIM_INFO,This table contains information from claim info records for Hospital and Professional Billing.,MED_HX_PSYCHOLOGIST,VARCHAR,False,False,Psychologist associated with this visit.,Claims / Denials,False,False
CLAIM_INFO,This table contains information from claim info records for Hospital and Professional Billing.,MED_HX_SUP_PROV,VARCHAR,False,False,Supervising medical doctor for this visit.,Claims / Denials,False,False
CLAIM_INFO,This table contains information from claim info records for Hospital and Professional Billing.,MED_HX_COUNSELOR,VARCHAR,False,False,Counselor associated with this visit.,Claims / Denials,False,False
CLAIM_INFO,This table contains information from claim info records for Hospital and Professional Billing.,HDH_RFL_CODE_C_NAME,VARCHAR,False,False,The referral code for the health and developmental history assessment.,Claims / Denials,False,False
CLAIM_INFO,This table contains information from claim info records for Hospital and Professional Billing.,PHY_EXAM_CODE_C_NAME,VARCHAR,False,False,The exam code for the physical assessment.,Claims / Denials,False,False
CLAIM_INFO,This table contains information from claim info records for Hospital and Professional Billing.,PHY_EXAM_RFL_CODE_C_NAME,VARCHAR,False,False,The referral code for the physical assessment.,Claims / Denials,False,False
CLAIM_INFO,This table contains information from claim info records for Hospital and Professional Billing.,VISION_EXAM_CODE_C_NAME,VARCHAR,False,False,The exam code for the vision assessment.,Claims / Denials,False,False
CLAIM_INFO,This table contains information from claim info records for Hospital and Professional Billing.,VISION_RFL_CODE_C_NAME,VARCHAR,False,False,The referral code for the vision assessment.,Claims / Denials,False,False
CLAIM_INFO,This table contains information from claim info records for Hospital and Professional Billing.,HEARING_EXAM_CODE_C_NAME,VARCHAR,False,False,The exam code for the hearing assessment.,Claims / Denials,False,False
CLAIM_INFO,This table contains information from claim info records for Hospital and Professional Billing.,HEARING_RFL_CODE_C_NAME,VARCHAR,False,False,The referral code for the hearing assessment.,Claims / Denials,False,False
CLAIM_INFO,This table contains information from claim info records for Hospital and Professional Billing.,DEV_EXAM_CODE_C_NAME,VARCHAR,False,False,The exam code for the developmental assessment.,Claims / Denials,False,False
CLAIM_INFO,This table contains information from claim info records for Hospital and Professional Billing.,DEV_RFL_CODE_C_NAME,VARCHAR,False,False,The referral code for the developmental assessment.,Claims / Denials,False,False
CLAIM_INFO,This table contains information from claim info records for Hospital and Professional Billing.,NUTRI_EXAM_CODE_C_NAME,VARCHAR,False,False,The exam code for the nutritional assessment.,Claims / Denials,False,False
CLAIM_INFO,This table contains information from claim info records for Hospital and Professional Billing.,NUTRI_RFL_CODE_C_NAME,VARCHAR,False,False,The referral code for the nutritional assessment.,Claims / Denials,False,False
CLAIM_INFO,This table contains information from claim info records for Hospital and Professional Billing.,OTHER_TREATMNT_DT,DATETIME,False,False,Stores date of other treatment.,Claims / Denials,True,False
CLAIM_INFO,This table contains information from claim info records for Hospital and Professional Billing.,HOSPITAL_NAME,VARCHAR,False,False,Name of the hospital where the patient was admitted.,Claims / Denials,False,False
CLAIM_INFO,This table contains information from claim info records for Hospital and Professional Billing.,HOSPITAL_ADDRESS,VARCHAR,False,False,The street address of the hospital where the patient was admitted.,Claims / Denials,False,False
CLAIM_INFO,This table contains information from claim info records for Hospital and Professional Billing.,HOSPITAL_CITY,VARCHAR,False,False,The city where the hospital to which the patient was admitted is located.,Claims / Denials,False,False
CLAIM_INFO,This table contains information from claim info records for Hospital and Professional Billing.,HOSPITAL_STATE_C_NAME,VARCHAR,False,False,The state where the hospital to which the patient was admitted is located.,Claims / Denials,False,False
CLAIM_INFO,This table contains information from claim info records for Hospital and Professional Billing.,HOSPITAL_ZIP,VARCHAR,False,False,The ZIP of the hospital to which the patient was admitted.,Claims / Denials,False,False
CLAIM_INFO,This table contains information from claim info records for Hospital and Professional Billing.,HOSP_REQ_YN,VARCHAR,False,False,Flag indicating whether or not hospitalization is required.,Claims / Denials,False,False
CLAIM_INFO,This table contains information from claim info records for Hospital and Professional Billing.,ADV_RET_WORK_YN,VARCHAR,False,False,Flag to indicate whether a patient was advised to return to work.,Claims / Denials,False,False
CLAIM_INFO,This table contains information from claim info records for Hospital and Professional Billing.,ADV_RET_WORK_DT,DATETIME,False,False,The date that patient was advised to return to work.,Claims / Denials,True,False
CLAIM_INFO,This table contains information from claim info records for Hospital and Professional Billing.,REF_PHYS_NAME,VARCHAR,False,False,Stores the referring physician's name.,Claims / Denials,False,False
CLAIM_INFO,This table contains information from claim info records for Hospital and Professional Billing.,REF_PHYS_ADDR,VARCHAR,False,False,Stores the referring physician's address.,Claims / Denials,False,False
CLAIM_INFO,This table contains information from claim info records for Hospital and Professional Billing.,REF_PHYS_CITY,VARCHAR,False,False,Stores the referring physician's city.,Claims / Denials,False,False
CLAIM_INFO,This table contains information from claim info records for Hospital and Professional Billing.,REF_PHYS_STATE_C_NAME,VARCHAR,False,False,Stores the referring physician's state.,Claims / Denials,False,False
CLAIM_INFO,This table contains information from claim info records for Hospital and Professional Billing.,REF_PHYS_ZIP,VARCHAR,False,False,Stores the referring physician's ZIP code.,Claims / Denials,False,False
CLAIM_INFO,This table contains information from claim info records for Hospital and Professional Billing.,REF_PHYS_SPEC_C_NAME,VARCHAR,True,False,Stores referring physician's specialty.,Claims / Denials,False,False
CLAIM_INFO,This table contains information from claim info records for Hospital and Professional Billing.,REF_PHYS_REASON_C_NAME,VARCHAR,True,False,Stores the referring physician's reason for the referral.,Claims / Denials,False,False
CLAIM_INFO,This table contains information from claim info records for Hospital and Professional Billing.,FIRST_TREAT_HOUR_TM,DATETIME (Local),False,False,First treatment hour. Some extensions add a value code to your claim if this item has a value.,Claims / Denials,False,False
CLAIM_INFO,This table contains information from claim info records for Hospital and Professional Billing.,PAT_PREV_TREATED_YN,VARCHAR,False,False,Is patient previously treated?,Claims / Denials,False,False
CLAIM_INFO,This table contains information from claim info records for Hospital and Professional Billing.,IDE_NUM,VARCHAR,False,False,Investigational Device Exemption Number.,Claims / Denials,False,False
CLAIM_INFO,This table contains information from claim info records for Hospital and Professional Billing.,EST_DOB_DT,DATETIME,False,False,The estimated date of delivery for the pregnancy.,Claims / Denials,True,False
CLAIM_INFO,This table contains information from claim info records for Hospital and Professional Billing.,RESPONSIBLE_IND_YN,VARCHAR,False,False,Indicate if the patient's condition is due to an accident or illness caused by another party.,Claims / Denials,False,False
CLAIM_INFO,This table contains information from claim info records for Hospital and Professional Billing.,REFERRAL_SOURCE_ID,VARCHAR,False,False,The referral source for the visit.,Claims / Denials,False,False
CLAIM_INFO,This table contains information from claim info records for Hospital and Professional Billing.,REFERRAL_SOURCE_ID_REFERRING_PROV_NAM,VARCHAR,False,False,The name of the referral source.,Claims / Denials,False,False
CLAIM_INFO,This table contains information from claim info records for Hospital and Professional Billing.,EMERGENCY_CODE_C_NAME,VARCHAR,False,False,The Emergency Service Code for emergency room services. This field is required for Illinois Department of Public Aid claims for emergency related services. It will populate record EA0-05.0 in the Illinois Department of Public Aid NSF 2.00 electronic claim file and box 10b-other on the IDPA 2360 paper claim form.,Claims / Denials,False,False
CLAIM_INFO,This table contains information from claim info records for Hospital and Professional Billing.,DISABILITY_LEVEL_C_NAME,VARCHAR,True,False,The extent of the disability caused by the incident.,Claims / Denials,False,False
CLAIM_INFO,This table contains information from claim info records for Hospital and Professional Billing.,DISABILITY_FROM_DT,DATETIME,False,False,The date the disability started.,Claims / Denials,True,False
CLAIM_INFO,This table contains information from claim info records for Hospital and Professional Billing.,DISABILITY_TO_DT,DATETIME,False,False,The date the disability ended.,Claims / Denials,True,False
CLAIM_INFO,This table contains information from claim info records for Hospital and Professional Billing.,OUTSIDE_LAB_YN,VARCHAR,False,False,Indicate if lab services outside the provider's office are involved.,Claims / Denials,False,False
CLAIM_INFO,This table contains information from claim info records for Hospital and Professional Billing.,OUTSIDE_LAB_CHARGE,NUMERIC,False,False,The cost of services performed at the outside lab.,Claims / Denials,False,False
CLAIM_INFO,This table contains information from claim info records for Hospital and Professional Billing.,FAM_PLANNING_YN,VARCHAR,False,False,Indicate whether the patient is being seen for family planning care.,Claims / Denials,False,False
CLAIM_INFO,This table contains information from claim info records for Hospital and Professional Billing.,SPECIAL_PROGRAM_C_NAME,VARCHAR,False,False,The special program under which the services rendered to the patient were performed.,Claims / Denials,False,False
CLAIM_INFO,This table contains information from claim info records for Hospital and Professional Billing.,PGM_FOR_HANDICAP_C_NAME,VARCHAR,False,False,Indicates the patient's relationship to the sponsor for the program that benefits people with handicaps.,Claims / Denials,False,False
CLAIM_INFO,This table contains information from claim info records for Hospital and Professional Billing.,EMPLOYER_LOB,VARCHAR,False,False,A free text nature/line of business for the employer.,Claims / Denials,False,False
CLAIM_INFO,This table contains information from claim info records for Hospital and Professional Billing.,OTH_INFO,VARCHAR,False,False,Any additional free text information that should be recorded in conjunction with the claim.,Claims / Denials,False,False
CLAIM_INFO,This table contains information from claim info records for Hospital and Professional Billing.,AUTH_DT,DATETIME,False,False,Authorization date.,Claims / Denials,True,False
CLAIM_INFO,This table contains information from claim info records for Hospital and Professional Billing.,CHIR_FIRST_TREAT_DT,DATETIME,False,False,The initiation date of the course of treatment for chiropractic services.,Claims / Denials,True,False
CLAIM_INFO,This table contains information from claim info records for Hospital and Professional Billing.,CHIR_X_RAY_DT,DATETIME,False,False,The X-ray date for chiropractic services.,Claims / Denials,True,False
CLAIM_INFO,This table contains information from claim info records for Hospital and Professional Billing.,NAT_OF_COND_C_NAME,VARCHAR,True,False,Stores the nature of condition code for Spinal Manipulation.,Claims / Denials,False,False
CLAIM_INFO,This table contains information from claim info records for Hospital and Professional Billing.,CHIR_ACUTE_MANI_DT,DATETIME,False,False,Stores the acute manifestation date for the spinal manipulation therapy.,Claims / Denials,True,False
CLAIM_INFO,This table contains information from claim info records for Hospital and Professional Billing.,HBG_HCT_TEST_INCL_C_NAME,VARCHAR,False,False,Indicate whether hemoglobin/hematocrit (HGB/HCT) test is included.,Claims / Denials,False,False
CLAIM_INFO,This table contains information from claim info records for Hospital and Professional Billing.,URINALYSIS_INCL_C_NAME,VARCHAR,False,False,Indicate whether Urinalysis test is included.,Claims / Denials,False,False
CLAIM_INFO,This table contains information from claim info records for Hospital and Professional Billing.,TUBERCULOSIS_INCL_C_NAME,VARCHAR,False,False,Indicate whether tuberculosis test is included.,Claims / Denials,False,False
CLAIM_INFO,This table contains information from claim info records for Hospital and Professional Billing.,LEAD_TEST_INCL_C_NAME,VARCHAR,False,False,Indicate whether lead test is included.,Claims / Denials,False,False
CLAIM_INFO,This table contains information from claim info records for Hospital and Professional Billing.,SICKLE_CELL_INCL_C_NAME,VARCHAR,False,False,Indicate whether sickle-cell test is included.,Claims / Denials,False,False
CLAIM_INFO,This table contains information from claim info records for Hospital and Professional Billing.,IMMNZTN_INCL_C_NAME,VARCHAR,False,False,The exam code for the immunizations.,Claims / Denials,False,False
CLAIM_INFO,This table contains information from claim info records for Hospital and Professional Billing.,CARDIO_EXAM_CODE_C_NAME,VARCHAR,False,False,The exam code for the cardiovascular assessment.,Claims / Denials,False,False
CLAIM_INFO,This table contains information from claim info records for Hospital and Professional Billing.,CARDIO_RFL_CODE_C_NAME,VARCHAR,False,False,The referral code for the cardiovascular assessment.,Claims / Denials,False,False
CLAIM_INFO,This table contains information from claim info records for Hospital and Professional Billing.,URINARY_EXAM_CODE_C_NAME,VARCHAR,False,False,The exam code for the genital/urinary tract assessment.,Claims / Denials,False,False
CLAIM_INFO,This table contains information from claim info records for Hospital and Professional Billing.,URINARY_RFL_CODE_C_NAME,VARCHAR,False,False,The referral code for the genital/urinary tract assessment.,Claims / Denials,False,False
CLAIM_INFO,This table contains information from claim info records for Hospital and Professional Billing.,DIABETE_EXAM_CODE_C_NAME,VARCHAR,False,False,The exam code for the diabetes assessment.,Claims / Denials,False,False
CLAIM_INFO,This table contains information from claim info records for Hospital and Professional Billing.,DIABETE_RFL_CODE_C_NAME,VARCHAR,False,False,The referral code for the diabetes assessment.,Claims / Denials,False,False
CLAIM_INFO,This table contains information from claim info records for Hospital and Professional Billing.,DENTAL_EXAM_CODE_C_NAME,VARCHAR,False,False,The exam code for the dental assessment.,Claims / Denials,False,False
CLAIM_INFO,This table contains information from claim info records for Hospital and Professional Billing.,DENTAL_RFL_CODE_C_NAME,VARCHAR,False,False,The referral code for the dental assessment.,Claims / Denials,False,False
CLAIM_INFO,This table contains information from claim info records for Hospital and Professional Billing.,IMMNZTN_RFL_CODE_C_NAME,VARCHAR,False,False,The referral code for the immunizations.,Claims / Denials,False,False
CLAIM_INFO,This table contains information from claim info records for Hospital and Professional Billing.,EDU_EXAM_CODE_C_NAME,VARCHAR,False,False,The exam code for health education.,Claims / Denials,False,False
CLAIM_INFO,This table contains information from claim info records for Hospital and Professional Billing.,EDU_RFL_CODE_C_NAME,VARCHAR,False,False,The referral code for health education.,Claims / Denials,False,False
CLAIM_INFO,This table contains information from claim info records for Hospital and Professional Billing.,ONLY_CAUSE_YN,VARCHAR,False,False,Flag to distinguish whether or not this injury is the only cause of the patient's condition.,Claims / Denials,False,False
CLAIM_INFO,This table contains information from claim info records for Hospital and Professional Billing.,PAT_BURNED_YN,VARCHAR,False,False,Flag to determine whether or not patient has been burned.,Claims / Denials,False,False
CLAIM_INFO,This table contains information from claim info records for Hospital and Professional Billing.,XRAY_BY_WHOM,VARCHAR,False,False,The name of the person or entity that performed x-rays.,Claims / Denials,False,False
CLAIM_INFO,This table contains information from claim info records for Hospital and Professional Billing.,WC_XRAY_DT,DATETIME,False,False,The date comparative x-rays were taken.,Claims / Denials,True,False
CLAIM_INFO,This table contains information from claim info records for Hospital and Professional Billing.,POLIO_IMMNZTN_C_NAME,VARCHAR,False,False,The immunization status for Polio.,Claims / Denials,False,False
CLAIM_INFO,This table contains information from claim info records for Hospital and Professional Billing.,DPT_TD_IMMNZTN_C_NAME,VARCHAR,False,False,"The immunization status for Diphtheria, pertussis, and tetanus (DPT)/tetanus and diphtheria (DT).",Claims / Denials,False,False
CLAIM_INFO,This table contains information from claim info records for Hospital and Professional Billing.,MEASLES_IMMNZTN_C_NAME,VARCHAR,False,False,The immunization status for Measles.,Claims / Denials,False,False
CLAIM_INFO,This table contains information from claim info records for Hospital and Professional Billing.,MUMPS_IMMNZTN_C_NAME,VARCHAR,False,False,The immunization status for Mumps.,Claims / Denials,False,False
CLAIM_INFO,This table contains information from claim info records for Hospital and Professional Billing.,RUBELLA_IMMNZTN_C_NAME,VARCHAR,False,False,The immunization status for Rubella.,Claims / Denials,False,False
CLAIM_INFO,This table contains information from claim info records for Hospital and Professional Billing.,HIB_IMMNZTN_C_NAME,VARCHAR,False,False,The immunization status for Haemophilus influenzae type B (HIB).,Claims / Denials,False,False
CLAIM_INFO,This table contains information from claim info records for Hospital and Professional Billing.,CHAMP_NONAVAIL_YN,VARCHAR,False,False,Indicate if the provider has a signed Tricare statement of non-availability on file indicating that the services associated with this claim were not available at a military treatment facility.,Claims / Denials,False,False
CLAIM_INFO,This table contains information from claim info records for Hospital and Professional Billing.,CHAMP_NONAV_STMT_NO,VARCHAR,False,False,The number of the Tricare non-availability statement.,Claims / Denials,False,False
CLAIM_INFO,This table contains information from claim info records for Hospital and Professional Billing.,CHAMPUS_ORG,VARCHAR,False,False,Tricare Organization.,Claims / Denials,False,False
CLAIM_INFO,This table contains information from claim info records for Hospital and Professional Billing.,CHAMPUS_STATION,VARCHAR,False,False,Tricare Station.,Claims / Denials,False,False
CLAIM_INFO,This table contains information from claim info records for Hospital and Professional Billing.,CHAMP_MILIT_ACC_YN,VARCHAR,False,False,Indicate if the services performed were treatment as a result of a military accident.,Claims / Denials,False,False
CLAIM_INFO,This table contains information from claim info records for Hospital and Professional Billing.,ALTERNATE_CLM_ID,VARCHAR,False,False,Alternate Claim ID.,Claims / Denials,False,False
CLAIM_INFO,This table contains information from claim info records for Hospital and Professional Billing.,REF_PROVIDER_ID_PROV_NAME,VARCHAR,False,False,The name of the service provider. This item may be hidden in a public view of the CLARITY_SER table.,Claims / Denials,False,False
CLAIM_INFO,This table contains information from claim info records for Hospital and Professional Billing.,MC_CLAIMS_WKFLOW_C_NAME,VARCHAR,True,False,"Indicates the workflow associated with the claim (shadow claims, Accounts Payable claims, export only claims, etc.)",Claims / Denials,False,False
CLAIM_INFO,This table contains information from claim info records for Hospital and Professional Billing.,CLM_SENSITIVITY_C_NAME,VARCHAR,True,False,Indicates the sensitivity type of the claim.,Claims / Denials,False,False
CLAIM_INFO,This table contains information from claim info records for Hospital and Professional Billing.,PLACE_OF_SERVICE_ID_LOC_NAME,VARCHAR,False,False,The name of the revenue location.,Claims / Denials,False,False
CLAIM_INFO,This table contains information from claim info records for Hospital and Professional Billing.,LOC_ID_LOC_NAME,VARCHAR,False,False,The name of the revenue location.,Claims / Denials,False,False
CLM_DIAGNOSIS,Claim Information (CLM) diagnosis.,CLAIM_ID,NUMERIC,False,False,The unique identifier for the Claim Info record.,ICD-10 / Diagnosis coding,False,True
CLM_DIAGNOSIS,Claim Information (CLM) diagnosis.,LINE,INTEGER,False,False,The line number for the information associated with this record. Multiple pieces of information can be associated with this record.,ICD-10 / Diagnosis coding,False,True
CLM_DIAGNOSIS,Claim Information (CLM) diagnosis.,DX_ID_DX_NAME,VARCHAR,False,False,The name of the diagnosis.,ICD-10 / Diagnosis coding,False,False
CLM_DX,All values associated with a claim are stored in the Claim External Value record. The CLM_DX table holds the diagnoses for the claim.,RECORD_ID,NUMERIC,False,False,The unique identifier for the Claim Info record.,ICD-10 / Diagnosis coding,False,True
CLM_DX,All values associated with a claim are stored in the Claim External Value record. The CLM_DX table holds the diagnoses for the claim.,LINE,INTEGER,False,False,The line number for the information associated with this contact. Multiple pieces of information can be associated with this contact.,ICD-10 / Diagnosis coding,False,True
CLM_DX,All values associated with a claim are stored in the Claim External Value record. The CLM_DX table holds the diagnoses for the claim.,CLM_DX_QUAL,VARCHAR,False,False,This item holds the qualifier identifying the code set for the claim diagnoses.,ICD-10 / Diagnosis coding,False,False
CLM_DX,All values associated with a claim are stored in the Claim External Value record. The CLM_DX table holds the diagnoses for the claim.,CLM_DX,VARCHAR,False,False,This item holds the diagnoses for the claim. The principal diagnosis is stored on the first line and the other diagnoses are on subsequent lines.,ICD-10 / Diagnosis coding,False,False
CLM_DX,All values associated with a claim are stored in the Claim External Value record. The CLM_DX table holds the diagnoses for the claim.,CLM_DX_POA,VARCHAR,False,False,This item identifies if the diagnosis was present when the patient was admitted.,ICD-10 / Diagnosis coding,False,False
CLM_DX,All values associated with a claim are stored in the Claim External Value record. The CLM_DX table holds the diagnoses for the claim.,CLM_DX_CODE_SET_OID,VARCHAR,False,False,The object ID (OID) for the diagnosis code set.,ICD-10 / Diagnosis coding,False,False
CLM_DX,All values associated with a claim are stored in the Claim External Value record. The CLM_DX table holds the diagnoses for the claim.,CLM_DX_RANK,INTEGER,False,False,This item holds the explicit rank of the diagnoses when it is present in the raw claims data.,ICD-10 / Diagnosis coding,False,False
CLM_DX,All values associated with a claim are stored in the Claim External Value record. The CLM_DX table holds the diagnoses for the claim.,CLM_DX_FROM_HEADER_YN,VARCHAR,False,False,Indicates whether the diagnosis was received at the header level.,ICD-10 / Diagnosis coding,False,False
CLM_DX,All values associated with a claim are stored in the Claim External Value record. The CLM_DX table holds the diagnoses for the claim.,RX_DX_QUAL,VARCHAR,False,False,This item holds the qualifier identifying the code set for the claim diagnoses on a pharmacy claim.,ICD-10 / Diagnosis coding,False,False
CLM_DX,All values associated with a claim are stored in the Claim External Value record. The CLM_DX table holds the diagnoses for the claim.,CLM_AP_DX_POA_C_NAME,VARCHAR,False,False,The present on admission (POA) indicator code for the diagnosis.,ICD-10 / Diagnosis coding,False,False
CLM_DX,All values associated with a claim are stored in the Claim External Value record. The CLM_DX table holds the diagnoses for the claim.,DX_TYPE,VARCHAR,False,False,This item stores the diagnosis type of the claim.,ICD-10 / Diagnosis coding,False,False
CLM_DX,All values associated with a claim are stored in the Claim External Value record. The CLM_DX table holds the diagnoses for the claim.,DX_INFO_TYPE,VARCHAR,False,False,This item stores the information type of the diagnosis info code.,ICD-10 / Diagnosis coding,False,False
CLM_DX,All values associated with a claim are stored in the Claim External Value record. The CLM_DX table holds the diagnoses for the claim.,CMS_DX_TYPE,VARCHAR,False,False,The CMS code classifying the diagnosis type.,ICD-10 / Diagnosis coding,False,False
CLM_VALUES,All values associated with a claim are stored in the Claim External Value record. The CLM_VALUES table holds claim-level values set by the system during claims processing or by user edits.,RECORD_ID,NUMERIC,False,False,This column stores the unique identifier for the claim record.,Claims / Denials,False,True
CLM_VALUES,All values associated with a claim are stored in the Claim External Value record. The CLM_VALUES table holds claim-level values set by the system during claims processing or by user edits.,BIL_PROV_TYP_QUAL,VARCHAR,False,False,The value indicating whether the billing provider on the claim is a person or a non-person.,Claims / Denials,False,False
CLM_VALUES,All values associated with a claim are stored in the Claim External Value record. The CLM_VALUES table holds claim-level values set by the system during claims processing or by user edits.,BIL_PROV_NAM_LAST,VARCHAR,False,False,The billing provider's last name (if a person) or the organization name (if a non-person).,Claims / Denials,False,False
CLM_VALUES,All values associated with a claim are stored in the Claim External Value record. The CLM_VALUES table holds claim-level values set by the system during claims processing or by user edits.,BIL_PROV_NAM_FIRST,VARCHAR,False,False,The billing provider's first name. It is only populated when the billing provider is a person.,Claims / Denials,False,False
CLM_VALUES,All values associated with a claim are stored in the Claim External Value record. The CLM_VALUES table holds claim-level values set by the system during claims processing or by user edits.,BIL_PROV_NAM_MID,VARCHAR,False,False,The billing provider's middle name. It is only populated when the billing provider is a person.,Claims / Denials,False,False
CLM_VALUES,All values associated with a claim are stored in the Claim External Value record. The CLM_VALUES table holds claim-level values set by the system during claims processing or by user edits.,BIL_PROV_NAM_SUF,VARCHAR,False,False,"The suffix to the billing provider's name (e.g., Jr, III). It is only populated when the billing provider is a person.",Claims / Denials,False,False
CLM_VALUES,All values associated with a claim are stored in the Claim External Value record. The CLM_VALUES table holds claim-level values set by the system during claims processing or by user edits.,BIL_PROV_NPI,VARCHAR,False,False,The billing provider's National Provider Identifier (NPI).,Claims / Denials,False,False
CLM_VALUES,All values associated with a claim are stored in the Claim External Value record. The CLM_VALUES table holds claim-level values set by the system during claims processing or by user edits.,BIL_PROV_TAXONOMY,VARCHAR,False,False,The billing provider's taxonomy code.,Claims / Denials,False,False
CLM_VALUES,All values associated with a claim are stored in the Claim External Value record. The CLM_VALUES table holds claim-level values set by the system during claims processing or by user edits.,BIL_PROV_TAXID_QUAL,VARCHAR,False,False,The qualifier for the billing provider's tax ID defining the type of ID reported as the tax ID.,Claims / Denials,False,False
CLM_VALUES,All values associated with a claim are stored in the Claim External Value record. The CLM_VALUES table holds claim-level values set by the system during claims processing or by user edits.,BIL_PROV_TAXID,VARCHAR,False,False,"The billing provider's tax ID. For individuals, this ID could be the SSN or tax ID.",Claims / Denials,False,False
CLM_VALUES,All values associated with a claim are stored in the Claim External Value record. The CLM_VALUES table holds claim-level values set by the system during claims processing or by user edits.,BIL_PROV_UPIN,VARCHAR,False,False,The billing provider's unique physician identification number (UPIN). It is only populated when the provider is a person.,Claims / Denials,False,False
CLM_VALUES,All values associated with a claim are stored in the Claim External Value record. The CLM_VALUES table holds claim-level values set by the system during claims processing or by user edits.,BIL_PROV_LIC_NUM,VARCHAR,False,False,The billing provider's license number. It is only populated when the billing provider is a person.,Claims / Denials,False,False
CLM_VALUES,All values associated with a claim are stored in the Claim External Value record. The CLM_VALUES table holds claim-level values set by the system during claims processing or by user edits.,BIL_PROV_ADDR_1,VARCHAR,False,False,The first line of the billing provider's street address.,Claims / Denials,False,False
CLM_VALUES,All values associated with a claim are stored in the Claim External Value record. The CLM_VALUES table holds claim-level values set by the system during claims processing or by user edits.,BIL_PROV_ADDR_2,VARCHAR,False,False,The second line of the billing provider's street address.,Claims / Denials,False,False
CLM_VALUES,All values associated with a claim are stored in the Claim External Value record. The CLM_VALUES table holds claim-level values set by the system during claims processing or by user edits.,BIL_PROV_CITY,VARCHAR,False,False,The billing provider's city.,Claims / Denials,False,False
CLM_VALUES,All values associated with a claim are stored in the Claim External Value record. The CLM_VALUES table holds claim-level values set by the system during claims processing or by user edits.,BIL_PROV_STATE,VARCHAR,False,False,The billing provider's state.,Claims / Denials,False,False
CLM_VALUES,All values associated with a claim are stored in the Claim External Value record. The CLM_VALUES table holds claim-level values set by the system during claims processing or by user edits.,BIL_PROV_ZIP,VARCHAR,False,False,The billing provider's ZIP Code.,Claims / Denials,False,False
CLM_VALUES,All values associated with a claim are stored in the Claim External Value record. The CLM_VALUES table holds claim-level values set by the system during claims processing or by user edits.,BIL_PROV_CNTRY,VARCHAR,False,False,The billing provider's country. It is only populated if the address is outside the United States.,Claims / Denials,False,False
CLM_VALUES,All values associated with a claim are stored in the Claim External Value record. The CLM_VALUES table holds claim-level values set by the system during claims processing or by user edits.,BIL_PROV_CNTRY_SUB,VARCHAR,False,False,"The billing provider's country subdivision (e.g., state, province). It is only populated if the address is outside the United States.",Claims / Denials,False,False
CLM_VALUES,All values associated with a claim are stored in the Claim External Value record. The CLM_VALUES table holds claim-level values set by the system during claims processing or by user edits.,CLM_CVG_SEQ_CD,VARCHAR,False,False,"The code identifying the filing order for the claim (e.g., primary, secondary, tertiary).",Claims / Denials,False,False
CLM_VALUES,All values associated with a claim are stored in the Claim External Value record. The CLM_VALUES table holds claim-level values set by the system during claims processing or by user edits.,CLM_CVG_PYR_NAM,VARCHAR,False,False,The payer name.,Claims / Denials,False,False
CLM_VALUES,All values associated with a claim are stored in the Claim External Value record. The CLM_VALUES table holds claim-level values set by the system during claims processing or by user edits.,CLM_CVG_GRP_NUM,VARCHAR,False,False,The group number entered in the coverage record.,Claims / Denials,False,False
CLM_VALUES,All values associated with a claim are stored in the Claim External Value record. The CLM_VALUES table holds claim-level values set by the system during claims processing or by user edits.,CLM_CVG_GRP_NAM,VARCHAR,False,False,The group name entered in the coverage record.,Claims / Denials,False,False
CLM_VALUES,All values associated with a claim are stored in the Claim External Value record. The CLM_VALUES table holds claim-level values set by the system during claims processing or by user edits.,CLM_CVG_INS_TYP,VARCHAR,False,False,The insurance type code for the claim.,Claims / Denials,False,False
CLM_VALUES,All values associated with a claim are stored in the Claim External Value record. The CLM_VALUES table holds claim-level values set by the system during claims processing or by user edits.,CLM_CVG_FILING_IND,VARCHAR,False,False,The indicator identifying the type of claim.,Claims / Denials,False,False
CLM_VALUES,All values associated with a claim are stored in the Claim External Value record. The CLM_VALUES table holds claim-level values set by the system during claims processing or by user edits.,CLM_CVG_PYR_ID_TYP,VARCHAR,False,False,The qualifier that describes the type of ID used to identify the payer.,Claims / Denials,False,False
CLM_VALUES,All values associated with a claim are stored in the Claim External Value record. The CLM_VALUES table holds claim-level values set by the system during claims processing or by user edits.,CLM_CVG_PYR_ID,VARCHAR,False,False,The primary ID for the payer.,Claims / Denials,False,False
CLM_VALUES,All values associated with a claim are stored in the Claim External Value record. The CLM_VALUES table holds claim-level values set by the system during claims processing or by user edits.,CLM_CVG_ACPT_ASGN,VARCHAR,False,False,The indicator that the provider accepts assignment from the payer.,Claims / Denials,False,False
CLM_VALUES,All values associated with a claim are stored in the Claim External Value record. The CLM_VALUES table holds claim-level values set by the system during claims processing or by user edits.,CLM_CVG_AUTH_PMT,VARCHAR,False,False,The indicator that the insured assigns benefits to the provider.,Claims / Denials,False,False
CLM_VALUES,All values associated with a claim are stored in the Claim External Value record. The CLM_VALUES table holds claim-level values set by the system during claims processing or by user edits.,CLM_CVG_REL_INFO,VARCHAR,False,False,The indicator that the insured has authorized the release of information to the payer.,Claims / Denials,False,False
CLM_VALUES,All values associated with a claim are stored in the Claim External Value record. The CLM_VALUES table holds claim-level values set by the system during claims processing or by user edits.,PYR_ADDR_1,VARCHAR,False,False,The first line of the payer's street address.,Claims / Denials,False,False
CLM_VALUES,All values associated with a claim are stored in the Claim External Value record. The CLM_VALUES table holds claim-level values set by the system during claims processing or by user edits.,PYR_ADDR_2,VARCHAR,False,False,The second line of the payer's street address.,Claims / Denials,False,False
CLM_VALUES,All values associated with a claim are stored in the Claim External Value record. The CLM_VALUES table holds claim-level values set by the system during claims processing or by user edits.,PYR_CITY,VARCHAR,False,False,The payer's city.,Claims / Denials,False,False
CLM_VALUES,All values associated with a claim are stored in the Claim External Value record. The CLM_VALUES table holds claim-level values set by the system during claims processing or by user edits.,PYR_STATE,VARCHAR,False,False,The payer's state.,Claims / Denials,False,False
CLM_VALUES,All values associated with a claim are stored in the Claim External Value record. The CLM_VALUES table holds claim-level values set by the system during claims processing or by user edits.,PYR_ZIP,VARCHAR,False,False,The payer's ZIP Code.,Claims / Denials,False,False
CLM_VALUES,All values associated with a claim are stored in the Claim External Value record. The CLM_VALUES table holds claim-level values set by the system during claims processing or by user edits.,PYR_CNTRY,VARCHAR,False,False,The payer's country. It is only populated if the address is outside the United States.,Claims / Denials,False,False
CLM_VALUES,All values associated with a claim are stored in the Claim External Value record. The CLM_VALUES table holds claim-level values set by the system during claims processing or by user edits.,PYR_CNTRY_SUB,VARCHAR,False,False,"The payer's country subdivision (e.g., state, province). It is only populated if the address is outside the United States.",Claims / Denials,False,False
CLM_VALUES,All values associated with a claim are stored in the Claim External Value record. The CLM_VALUES table holds claim-level values set by the system during claims processing or by user edits.,PAT_NAM_LAST,VARCHAR,False,False,The patient's last name.,Claims / Denials,False,False
CLM_VALUES,All values associated with a claim are stored in the Claim External Value record. The CLM_VALUES table holds claim-level values set by the system during claims processing or by user edits.,PAT_NAM_FIRST,VARCHAR,False,False,The patient's first name.,Claims / Denials,False,False
CLM_VALUES,All values associated with a claim are stored in the Claim External Value record. The CLM_VALUES table holds claim-level values set by the system during claims processing or by user edits.,PAT_NAM_MID,VARCHAR,False,False,The patient's middle name.,Claims / Denials,False,False
CLM_VALUES,All values associated with a claim are stored in the Claim External Value record. The CLM_VALUES table holds claim-level values set by the system during claims processing or by user edits.,PAT_NAM_SUF,VARCHAR,False,False,"The suffix to the patient's name (e.g., Jr, III).",Claims / Denials,False,False
CLM_VALUES,All values associated with a claim are stored in the Claim External Value record. The CLM_VALUES table holds claim-level values set by the system during claims processing or by user edits.,PAT_MRN,VARCHAR,False,False,The patient's medical record number.,Claims / Denials,False,False
CLM_VALUES,All values associated with a claim are stored in the Claim External Value record. The CLM_VALUES table holds claim-level values set by the system during claims processing or by user edits.,PAT_CVG_MEM_ID,VARCHAR,False,False,The coverage member ID for the patient.,Claims / Denials,False,False
CLM_VALUES,All values associated with a claim are stored in the Claim External Value record. The CLM_VALUES table holds claim-level values set by the system during claims processing or by user edits.,PAT_REL_TO_INS,VARCHAR,False,False,The patient's relationship to the coverage subscriber.,Claims / Denials,False,False
CLM_VALUES,All values associated with a claim are stored in the Claim External Value record. The CLM_VALUES table holds claim-level values set by the system during claims processing or by user edits.,PAT_BIRTH_DATE,DATETIME,False,False,The patient's birthdate.,Claims / Denials,True,False
CLM_VALUES,All values associated with a claim are stored in the Claim External Value record. The CLM_VALUES table holds claim-level values set by the system during claims processing or by user edits.,PAT_SEX,VARCHAR,False,False,The patient's gender.,Claims / Denials,False,False
CLM_VALUES,All values associated with a claim are stored in the Claim External Value record. The CLM_VALUES table holds claim-level values set by the system during claims processing or by user edits.,PAT_SIG_ON_FILE,VARCHAR,False,False,The indicator that the patient has signed the necessary release forms and the forms are on file at the provider.,Claims / Denials,False,False
CLM_VALUES,All values associated with a claim are stored in the Claim External Value record. The CLM_VALUES table holds claim-level values set by the system during claims processing or by user edits.,PAT_SIG_SRC,VARCHAR,False,False,The indicator that the release forms were signed on the patient's behalf.,Claims / Denials,False,False
CLM_VALUES,All values associated with a claim are stored in the Claim External Value record. The CLM_VALUES table holds claim-level values set by the system during claims processing or by user edits.,PAT_DEATH_DATE,DATETIME,False,False,The date of the patient's death.,Claims / Denials,True,False
CLM_VALUES,All values associated with a claim are stored in the Claim External Value record. The CLM_VALUES table holds claim-level values set by the system during claims processing or by user edits.,PAT_WT,NUMERIC,False,False,The patient's weight (in pounds) when needed for the claim.,Claims / Denials,False,False
CLM_VALUES,All values associated with a claim are stored in the Claim External Value record. The CLM_VALUES table holds claim-level values set by the system during claims processing or by user edits.,PAT_PREG_IND,VARCHAR,False,False,The indicator that the patient is pregnant.,Claims / Denials,False,False
CLM_VALUES,All values associated with a claim are stored in the Claim External Value record. The CLM_VALUES table holds claim-level values set by the system during claims processing or by user edits.,PAT_WK_COMP_NUM,VARCHAR,False,False,The identification number used for workers' comp claims.,Claims / Denials,False,False
CLM_VALUES,All values associated with a claim are stored in the Claim External Value record. The CLM_VALUES table holds claim-level values set by the system during claims processing or by user edits.,PAT_MAR_STAT,VARCHAR,False,False,The patient's marital status.,Claims / Denials,False,False
CLM_VALUES,All values associated with a claim are stored in the Claim External Value record. The CLM_VALUES table holds claim-level values set by the system during claims processing or by user edits.,PAT_EMPY_STAT,VARCHAR,False,False,The patient's employment status.,Claims / Denials,False,False
CLM_VALUES,All values associated with a claim are stored in the Claim External Value record. The CLM_VALUES table holds claim-level values set by the system during claims processing or by user edits.,PAT_PH,VARCHAR,False,False,The patient's phone number.,Claims / Denials,False,False
CLM_VALUES,All values associated with a claim are stored in the Claim External Value record. The CLM_VALUES table holds claim-level values set by the system during claims processing or by user edits.,PAT_ADDR_1,VARCHAR,False,False,The first line of the patient's street address.,Claims / Denials,False,False
CLM_VALUES,All values associated with a claim are stored in the Claim External Value record. The CLM_VALUES table holds claim-level values set by the system during claims processing or by user edits.,PAT_ADDR_2,VARCHAR,False,False,The second line of the patient's street address.,Claims / Denials,False,False
CLM_VALUES,All values associated with a claim are stored in the Claim External Value record. The CLM_VALUES table holds claim-level values set by the system during claims processing or by user edits.,PAT_CITY,VARCHAR,False,False,The patient's city.,Claims / Denials,False,False
CLM_VALUES,All values associated with a claim are stored in the Claim External Value record. The CLM_VALUES table holds claim-level values set by the system during claims processing or by user edits.,PAT_STATE,VARCHAR,False,False,The patient's state.,Claims / Denials,False,False
CLM_VALUES,All values associated with a claim are stored in the Claim External Value record. The CLM_VALUES table holds claim-level values set by the system during claims processing or by user edits.,PAT_ZIP,VARCHAR,False,False,The patient's ZIP Code.,Claims / Denials,False,False
CLM_VALUES,All values associated with a claim are stored in the Claim External Value record. The CLM_VALUES table holds claim-level values set by the system during claims processing or by user edits.,PAT_CNTRY,VARCHAR,False,False,The patient's country. It is only populated if the address is outside the United States.,Claims / Denials,False,False
CLM_VALUES,All values associated with a claim are stored in the Claim External Value record. The CLM_VALUES table holds claim-level values set by the system during claims processing or by user edits.,PAT_CNTRY_SUB,VARCHAR,False,False,"The patient's country subdivision (e.g., state, province). It is only populated if the address is outside the United States.",Claims / Denials,False,False
CLM_VALUES,All values associated with a claim are stored in the Claim External Value record. The CLM_VALUES table holds claim-level values set by the system during claims processing or by user edits.,INV_NUM,VARCHAR,False,False,The invoice number that uniquely identifies the claim in the billing system.,Claims / Denials,False,False
CLM_VALUES,All values associated with a claim are stored in the Claim External Value record. The CLM_VALUES table holds claim-level values set by the system during claims processing or by user edits.,ICN,VARCHAR,False,False,The payer's internal control number (ICN) that uniquely identifies the claim in the payer's system.,Claims / Denials,False,False
CLM_VALUES,All values associated with a claim are stored in the Claim External Value record. The CLM_VALUES table holds claim-level values set by the system during claims processing or by user edits.,TTL_CHG_AMT,NUMERIC,False,False,The total charge amount for the claim.,Claims / Denials,False,False
CLM_VALUES,All values associated with a claim are stored in the Claim External Value record. The CLM_VALUES table holds claim-level values set by the system during claims processing or by user edits.,BILL_TYP_FAC_CD,VARCHAR,False,False,The facility code portion of the bill type (first and second digits).,Claims / Denials,False,False
CLM_VALUES,All values associated with a claim are stored in the Claim External Value record. The CLM_VALUES table holds claim-level values set by the system during claims processing or by user edits.,BILL_TYP_FREQ_CD,VARCHAR,False,False,The frequency code portion of the bill type (third digit).,Claims / Denials,False,False
CLM_VALUES,All values associated with a claim are stored in the Claim External Value record. The CLM_VALUES table holds claim-level values set by the system during claims processing or by user edits.,MOMS_MRN,VARCHAR,False,False,The mother's medical record number when the patient is a newborn.,Claims / Denials,False,False
CLM_VALUES,All values associated with a claim are stored in the Claim External Value record. The CLM_VALUES table holds claim-level values set by the system during claims processing or by user edits.,PAYTO_ADDR_TYP_QUAL,VARCHAR,False,False,The indicator that the pay-to address entity on the claim is a person or a non-person.,Claims / Denials,False,False
CLM_VALUES_2,All values associated with a claim are stored in the Claim External Value record. The CLM_VALUES_2 table holds claim-level values set by the system during claims processing or by user edits.,RECORD_ID,NUMERIC,False,False,The unique identifier for the claim values record.,Claims / Denials,False,True
CLM_VALUES_2,All values associated with a claim are stored in the Claim External Value record. The CLM_VALUES_2 table holds claim-level values set by the system during claims processing or by user edits.,ADMSN_TYP,VARCHAR,False,False,The admission type for the claim.,Claims / Denials,False,False
CLM_VALUES_2,All values associated with a claim are stored in the Claim External Value record. The CLM_VALUES_2 table holds claim-level values set by the system during claims processing or by user edits.,ADMSN_SRC,VARCHAR,False,False,The admission source for the claim.,Claims / Denials,False,False
CLM_VALUES_2,All values associated with a claim are stored in the Claim External Value record. The CLM_VALUES_2 table holds claim-level values set by the system during claims processing or by user edits.,DISCHRG_DISP,VARCHAR,False,False,"The patient's discharge status, also referred to as the discharge disposition.",Claims / Denials,False,False
CLM_VALUES_2,All values associated with a claim are stored in the Claim External Value record. The CLM_VALUES_2 table holds claim-level values set by the system during claims processing or by user edits.,RFL_NUM,VARCHAR,False,False,The referral number for the claim.,Claims / Denials,False,False
CLM_VALUES_2,All values associated with a claim are stored in the Claim External Value record. The CLM_VALUES_2 table holds claim-level values set by the system during claims processing or by user edits.,AUTH_NUM,VARCHAR,False,False,The prior authorization number for the claim.,Claims / Denials,False,False
CLM_VALUES_2,All values associated with a claim are stored in the Claim External Value record. The CLM_VALUES_2 table holds claim-level values set by the system during claims processing or by user edits.,SPEC_PROG_IND,VARCHAR,False,False,The indicator that the services on the claim were rendered under one of a list of special programs.,Claims / Denials,False,False
CLM_VALUES_2,All values associated with a claim are stored in the Claim External Value record. The CLM_VALUES_2 table holds claim-level values set by the system during claims processing or by user edits.,CLM_DELAY_RSN,VARCHAR,False,False,The reason code explaining why the claim was submitted after the payer's normal filing deadline.,Claims / Denials,False,False
CLM_VALUES_2,All values associated with a claim are stored in the Claim External Value record. The CLM_VALUES_2 table holds claim-level values set by the system during claims processing or by user edits.,AUTH_EXCEPT_CD,VARCHAR,False,False,The code explaining why services that normally need authorization were performed without the necessary authorization.,Claims / Denials,False,False
CLM_VALUES_2,All values associated with a claim are stored in the Claim External Value record. The CLM_VALUES_2 table holds claim-level values set by the system during claims processing or by user edits.,PAT_AMT_PAID,NUMERIC,False,False,The amount already paid by the patient.,Claims / Denials,False,False
CLM_VALUES_2,All values associated with a claim are stored in the Claim External Value record. The CLM_VALUES_2 table holds claim-level values set by the system during claims processing or by user edits.,PAT_AMT_DUE,NUMERIC,False,False,The amount estimated to be the patient's responsibility.,Claims / Denials,False,False
CLM_VALUES_2,All values associated with a claim are stored in the Claim External Value record. The CLM_VALUES_2 table holds claim-level values set by the system during claims processing or by user edits.,AUTO_ACDNT_STATE,VARCHAR,False,False,The state in which an automobile accident occurred.,Claims / Denials,False,False
CLM_VALUES_2,All values associated with a claim are stored in the Claim External Value record. The CLM_VALUES_2 table holds claim-level values set by the system during claims processing or by user edits.,AUTO_ACDNT_CNTRY,VARCHAR,False,False,The country in which an automobile accident occurred. It is only populated when the accident occurred outside the United States.,Claims / Denials,False,False
CLM_VALUES_2,All values associated with a claim are stored in the Claim External Value record. The CLM_VALUES_2 table holds claim-level values set by the system during claims processing or by user edits.,MAMM_CERT_NUM,VARCHAR,False,False,The provider's certification number when the claim contains mammography services.,Claims / Denials,False,False
CLM_VALUES_2,All values associated with a claim are stored in the Claim External Value record. The CLM_VALUES_2 table holds claim-level values set by the system during claims processing or by user edits.,CLIA_NUM,VARCHAR,False,False,The Clinical Laboratory Improvement Amendment (CLIA) number when the claim contains lab services.,Claims / Denials,False,False
CLM_VALUES_2,All values associated with a claim are stored in the Claim External Value record. The CLM_VALUES_2 table holds claim-level values set by the system during claims processing or by user edits.,DEMO_PRJ_ID,VARCHAR,False,False,"The identifier for claims billed under atypical rules (e.g., pilot programs, clinical trials).",Claims / Denials,False,False
CLM_VALUES_2,All values associated with a claim are stored in the Claim External Value record. The CLM_VALUES_2 table holds claim-level values set by the system during claims processing or by user edits.,SPINAL_MAN_COND_CD,VARCHAR,False,False,The patient's condition when the claim contains chiropractic services.,Claims / Denials,False,False
CLM_VALUES_2,All values associated with a claim are stored in the Claim External Value record. The CLM_VALUES_2 table holds claim-level values set by the system during claims processing or by user edits.,EPSDT_CERT_APPLIES,VARCHAR,False,False,"The indicator that identifies whether an Early and Periodic Screening, Diagnostic, and Treatment (EPSDT) referral was given to the patient.",Claims / Denials,False,False
CLM_VALUES_2,All values associated with a claim are stored in the Claim External Value record. The CLM_VALUES_2 table holds claim-level values set by the system during claims processing or by user edits.,ORTHO_TOT_MO,INTEGER,False,False,The total number of months of orthodontic treatment.,Claims / Denials,False,False
CLM_VALUES_2,All values associated with a claim are stored in the Claim External Value record. The CLM_VALUES_2 table holds claim-level values set by the system during claims processing or by user edits.,ORTHO_MO_REMAIN,INTEGER,False,False,The number of months of orthodontic treatment remaining for a transfer patient.,Claims / Denials,False,False
CLM_VALUES_2,All values associated with a claim are stored in the Claim External Value record. The CLM_VALUES_2 table holds claim-level values set by the system during claims processing or by user edits.,ADMSN_DX_QUAL,VARCHAR,False,False,The qualifier that identifies the code set for the admission diagnosis for the claim.,Claims / Denials,False,False
CLM_VALUES_2,All values associated with a claim are stored in the Claim External Value record. The CLM_VALUES_2 table holds claim-level values set by the system during claims processing or by user edits.,ADMSN_DX,VARCHAR,False,False,The admission diagnosis for the claim.,Claims / Denials,False,False
CLM_VALUES_2,All values associated with a claim are stored in the Claim External Value record. The CLM_VALUES_2 table holds claim-level values set by the system during claims processing or by user edits.,DRG,VARCHAR,False,False,The Diagnosis Related Group (DRG) determined for the claim.,Claims / Denials,False,False
CLM_VALUES_2,All values associated with a claim are stored in the Claim External Value record. The CLM_VALUES_2 table holds claim-level values set by the system during claims processing or by user edits.,ANES_SURG_PROC,VARCHAR,False,False,The HCPCS code of the surgical procedure performed under anesthesia when the code needs to be reported on the anesthesia claim.,Claims / Denials,False,False
CLM_VALUES_2,All values associated with a claim are stored in the Claim External Value record. The CLM_VALUES_2 table holds claim-level values set by the system during claims processing or by user edits.,OUTSIDE_LAB,VARCHAR,False,False,The indicator that the claim includes purchased services rendered by an independent provider.,Claims / Denials,False,False
CLM_VALUES_2,All values associated with a claim are stored in the Claim External Value record. The CLM_VALUES_2 table holds claim-level values set by the system during claims processing or by user edits.,OUTSIDE_LAB_CHG,NUMERIC,False,False,The price of the purchased services.,Claims / Denials,False,False
CLM_VALUES_2,All values associated with a claim are stored in the Claim External Value record. The CLM_VALUES_2 table holds claim-level values set by the system during claims processing or by user edits.,CLM_FROM_DT,DATETIME,False,False,The earliest date represented on the claim. This date could be the minimum service date for an outpatient or professional claim or the admission date for an inpatient claim.,Claims / Denials,True,False
CLM_VALUES_2,All values associated with a claim are stored in the Claim External Value record. The CLM_VALUES_2 table holds claim-level values set by the system during claims processing or by user edits.,CLM_TO_DT,DATETIME,False,False,The latest date represented on the claim. This date could be the maximum service date for an outpatient or professional claim or the discharge date for an inpatient claim.,Claims / Denials,True,False
CLM_VALUES_2,All values associated with a claim are stored in the Claim External Value record. The CLM_VALUES_2 table holds claim-level values set by the system during claims processing or by user edits.,ADMSN_DT,DATETIME,False,False,"The admission date on the claim. For outpatient claims, this date represents the visit or start of care date.",Claims / Denials,True,False
CLM_VALUES_2,All values associated with a claim are stored in the Claim External Value record. The CLM_VALUES_2 table holds claim-level values set by the system during claims processing or by user edits.,ADMSN_TM,DATETIME (Local),False,False,"The time at which the patient was admitted to the facility. This time is only available for institutional claims. Note that the value is the exact time, including both the hour and minutes.",Claims / Denials,False,False
CLM_VALUES_2,All values associated with a claim are stored in the Claim External Value record. The CLM_VALUES_2 table holds claim-level values set by the system during claims processing or by user edits.,DISCHG_DT,DATETIME,False,False,The discharge date on the claim.,Claims / Denials,True,False
CLM_VALUES_2,All values associated with a claim are stored in the Claim External Value record. The CLM_VALUES_2 table holds claim-level values set by the system during claims processing or by user edits.,DISCHG_TM,DATETIME (Local),False,False,"The time at which the patient was discharged. This time is only available for institutional claims. Note that the value is the exact time, including both the hour and minutes.",Claims / Denials,False,False
CLM_VALUES_2,All values associated with a claim are stored in the Claim External Value record. The CLM_VALUES_2 table holds claim-level values set by the system during claims processing or by user edits.,ILL_INJ_DT,DATETIME,False,False,The date in which the patient was injured or when the current illness was first noticed.,Claims / Denials,True,False
CLM_VALUES_2,All values associated with a claim are stored in the Claim External Value record. The CLM_VALUES_2 table holds claim-level values set by the system during claims processing or by user edits.,INIT_TREAT_DT,DATETIME,False,False,"The initial treatment date when the claim represents a series of visits (e.g., physical therapy, spinal manipulation, dialysis, pregnancy).",Claims / Denials,True,False
CLM_VALUES_2,All values associated with a claim are stored in the Claim External Value record. The CLM_VALUES_2 table holds claim-level values set by the system during claims processing or by user edits.,LST_SEEN_DT,DATETIME,False,False,The date the patient was last seen by the attending or supervising provider.,Claims / Denials,True,False
CLM_VALUES_2,All values associated with a claim are stored in the Claim External Value record. The CLM_VALUES_2 table holds claim-level values set by the system during claims processing or by user edits.,ACUTE_MANIF_DT,DATETIME,False,False,The date acute symptoms first manifested.,Claims / Denials,True,False
CLM_VALUES_2,All values associated with a claim are stored in the Claim External Value record. The CLM_VALUES_2 table holds claim-level values set by the system during claims processing or by user edits.,ACDNT_DT,DATETIME,False,False,The date the automobile accident occurred.,Claims / Denials,True,False
CLM_VALUES_2,All values associated with a claim are stored in the Claim External Value record. The CLM_VALUES_2 table holds claim-level values set by the system during claims processing or by user edits.,LMP_DT,DATETIME,False,False,The date of the last menstrual period.,Claims / Denials,True,False
CLM_VALUES_2,All values associated with a claim are stored in the Claim External Value record. The CLM_VALUES_2 table holds claim-level values set by the system during claims processing or by user edits.,LST_XRAY_DT,DATETIME,False,False,The date of the last X-Ray.,Claims / Denials,True,False
CLM_VALUES_2,All values associated with a claim are stored in the Claim External Value record. The CLM_VALUES_2 table holds claim-level values set by the system during claims processing or by user edits.,HEAR_VIS_RX_DT,DATETIME,False,False,The date on which the prescription was written for hearing devices or vision frames and lenses.,Claims / Denials,True,False
CLM_VALUES_2,All values associated with a claim are stored in the Claim External Value record. The CLM_VALUES_2 table holds claim-level values set by the system during claims processing or by user edits.,DISAB_START_DT,DATETIME,False,False,The earliest date on which the patient was disabled and could not work.,Claims / Denials,True,False
CLM_VALUES_2,All values associated with a claim are stored in the Claim External Value record. The CLM_VALUES_2 table holds claim-level values set by the system during claims processing or by user edits.,DISAB_END_DT,DATETIME,False,False,The latest date on which the patient was disabled and could not work.,Claims / Denials,True,False
CLM_VALUES_2,All values associated with a claim are stored in the Claim External Value record. The CLM_VALUES_2 table holds claim-level values set by the system during claims processing or by user edits.,LST_WK_DT,DATETIME,False,False,The last date on which the patient was able to perform his or her duties at work.,Claims / Denials,True,False
CLM_VALUES_2,All values associated with a claim are stored in the Claim External Value record. The CLM_VALUES_2 table holds claim-level values set by the system during claims processing or by user edits.,AUTH_RETURN_WK_DT,DATETIME,False,False,The date on which the patient can return to work.,Claims / Denials,True,False
CLM_VALUES_2,All values associated with a claim are stored in the Claim External Value record. The CLM_VALUES_2 table holds claim-level values set by the system during claims processing or by user edits.,ASSUM_CARE_DT,DATETIME,False,False,The date on which care was assumed by another provider during post-operative care.,Claims / Denials,True,False
CLM_VALUES_2,All values associated with a claim are stored in the Claim External Value record. The CLM_VALUES_2 table holds claim-level values set by the system during claims processing or by user edits.,RELINQ_CARE_DT,DATETIME,False,False,The date on which the provider of the claim ceased post-operative care.,Claims / Denials,True,False
CLM_VALUES_2,All values associated with a claim are stored in the Claim External Value record. The CLM_VALUES_2 table holds claim-level values set by the system during claims processing or by user edits.,ORTHO_BAND_DT,DATETIME,False,False,The date orthodontic appliances were placed.,Claims / Denials,True,False
CLM_VALUES_2,All values associated with a claim are stored in the Claim External Value record. The CLM_VALUES_2 table holds claim-level values set by the system during claims processing or by user edits.,DENT_SRV_DT,DATETIME,False,False,The date on which dental services were performed.,Claims / Denials,True,False
CLM_VALUES_2,All values associated with a claim are stored in the Claim External Value record. The CLM_VALUES_2 table holds claim-level values set by the system during claims processing or by user edits.,SIMILAR_ILL_DT,DATETIME,False,False,The earliest date on which symptoms of the same or similar illness were noticed.,Claims / Denials,True,False
CLM_VALUES_2,All values associated with a claim are stored in the Claim External Value record. The CLM_VALUES_2 table holds claim-level values set by the system during claims processing or by user edits.,AMB_PAT_WT,NUMERIC,False,False,The patient's weight (in pounds) when the patient is transported by an ambulance.,Claims / Denials,False,False
CLM_VALUES_2,All values associated with a claim are stored in the Claim External Value record. The CLM_VALUES_2 table holds claim-level values set by the system during claims processing or by user edits.,AMB_TRANS_RSN_CD,VARCHAR,False,False,The code explaining why the patient was transported by ambulance.,Claims / Denials,False,False
CLM_VALUES_2,All values associated with a claim are stored in the Claim External Value record. The CLM_VALUES_2 table holds claim-level values set by the system during claims processing or by user edits.,AMB_TRANS_DIST,NUMERIC,False,False,The distance (in miles) the patient was transported.,Claims / Denials,False,False
CLM_VALUES_2,All values associated with a claim are stored in the Claim External Value record. The CLM_VALUES_2 table holds claim-level values set by the system during claims processing or by user edits.,AMB_RND_TRIP_DESC,VARCHAR,False,False,The note explaining the need for round trip transportation.,Claims / Denials,False,False
CLM_VALUES_2,All values associated with a claim are stored in the Claim External Value record. The CLM_VALUES_2 table holds claim-level values set by the system during claims processing or by user edits.,AMB_STRETCHER_DESC,VARCHAR,False,False,The note explaining the need for a stretcher.,Claims / Denials,False,False
CLM_VALUES_2,All values associated with a claim are stored in the Claim External Value record. The CLM_VALUES_2 table holds claim-level values set by the system during claims processing or by user edits.,CNTRCT_TYP,VARCHAR,False,False,The code representing the type of contract between the provider and the payer.,Claims / Denials,False,False
CLM_VALUES_2,All values associated with a claim are stored in the Claim External Value record. The CLM_VALUES_2 table holds claim-level values set by the system during claims processing or by user edits.,CNTRCT_AMT,NUMERIC,False,False,The amount assigned by the contract between the provider and the payer.,Claims / Denials,False,False
CLM_VALUES_2,All values associated with a claim are stored in the Claim External Value record. The CLM_VALUES_2 table holds claim-level values set by the system during claims processing or by user edits.,CNTRCT_PCT,NUMERIC,False,False,The contract percentage for the claim assigned by the contract between the provider and the payer.,Claims / Denials,False,False
CLM_VALUES_2,All values associated with a claim are stored in the Claim External Value record. The CLM_VALUES_2 table holds claim-level values set by the system during claims processing or by user edits.,CNTRCT_CD,VARCHAR,False,False,The code representing the claim type under the contract between the provider and the payer.,Claims / Denials,False,False
CLM_VALUES_2,All values associated with a claim are stored in the Claim External Value record. The CLM_VALUES_2 table holds claim-level values set by the system during claims processing or by user edits.,CNTRCT_DISCNT_PCT,NUMERIC,False,False,The discount percentage assigned by the contract between the provider and the payer.,Claims / Denials,False,False
CLM_VALUES_2,All values associated with a claim are stored in the Claim External Value record. The CLM_VALUES_2 table holds claim-level values set by the system during claims processing or by user edits.,CNTRCT_VERS_ID,VARCHAR,False,False,The version of the contract used on the claim.,Claims / Denials,False,False
CLM_VALUES_2,All values associated with a claim are stored in the Claim External Value record. The CLM_VALUES_2 table holds claim-level values set by the system during claims processing or by user edits.,ATT_PROV_NAM_LAST,VARCHAR,False,False,The attending provider's last name.,Claims / Denials,False,False
CLM_VALUES_2,All values associated with a claim are stored in the Claim External Value record. The CLM_VALUES_2 table holds claim-level values set by the system during claims processing or by user edits.,ATT_PROV_NAM_FIRST,VARCHAR,False,False,The attending provider's first name.,Claims / Denials,False,False
CLM_VALUES_2,All values associated with a claim are stored in the Claim External Value record. The CLM_VALUES_2 table holds claim-level values set by the system during claims processing or by user edits.,ATT_PROV_NAM_MID,VARCHAR,False,False,The attending provider's middle name.,Claims / Denials,False,False
CLM_VALUES_2,All values associated with a claim are stored in the Claim External Value record. The CLM_VALUES_2 table holds claim-level values set by the system during claims processing or by user edits.,ATT_PROV_NAM_SUF,VARCHAR,False,False,"The suffix to the attending provider's name (e.g., Jr, III).",Claims / Denials,False,False
CLM_VALUES_2,All values associated with a claim are stored in the Claim External Value record. The CLM_VALUES_2 table holds claim-level values set by the system during claims processing or by user edits.,ATT_PROV_NPI,VARCHAR,False,False,The attending provider's National Provider Identifier (NPI).,Claims / Denials,False,False
CLM_VALUES_2,All values associated with a claim are stored in the Claim External Value record. The CLM_VALUES_2 table holds claim-level values set by the system during claims processing or by user edits.,ATT_PROV_TAXONOMY,VARCHAR,False,False,The attending provider's taxonomy code.,Claims / Denials,False,False
CLM_VALUES_2,All values associated with a claim are stored in the Claim External Value record. The CLM_VALUES_2 table holds claim-level values set by the system during claims processing or by user edits.,OPER_PROV_NAM_LAST,VARCHAR,False,False,The operating provider's last name.,Claims / Denials,False,False
CLM_VALUES_2,All values associated with a claim are stored in the Claim External Value record. The CLM_VALUES_2 table holds claim-level values set by the system during claims processing or by user edits.,OPER_PROV_NAM_FIRST,VARCHAR,False,False,The operating provider's first name.,Claims / Denials,False,False
CLM_VALUES_2,All values associated with a claim are stored in the Claim External Value record. The CLM_VALUES_2 table holds claim-level values set by the system during claims processing or by user edits.,OPER_PROV_NAM_MID,VARCHAR,False,False,The operating provider's middle name.,Claims / Denials,False,False
CLM_VALUES_2,All values associated with a claim are stored in the Claim External Value record. The CLM_VALUES_2 table holds claim-level values set by the system during claims processing or by user edits.,OPER_PROV_NAM_SUF,VARCHAR,False,False,"The suffix to the operating provider's name (e.g., Jr, III).",Claims / Denials,False,False
CLM_VALUES_2,All values associated with a claim are stored in the Claim External Value record. The CLM_VALUES_2 table holds claim-level values set by the system during claims processing or by user edits.,OPER_PROV_NPI,VARCHAR,False,False,The operating provider's National Provider Identifier (NPI).,Claims / Denials,False,False
CLM_VALUES_2,All values associated with a claim are stored in the Claim External Value record. The CLM_VALUES_2 table holds claim-level values set by the system during claims processing or by user edits.,OTH_PROV_NAM_LAST,VARCHAR,False,False,The other operating provider's last name.,Claims / Denials,False,False
CLM_VALUES_2,All values associated with a claim are stored in the Claim External Value record. The CLM_VALUES_2 table holds claim-level values set by the system during claims processing or by user edits.,OTH_PROV_NAM_FIRST,VARCHAR,False,False,The other operating provider's first name.,Claims / Denials,False,False
CLM_VALUES_2,All values associated with a claim are stored in the Claim External Value record. The CLM_VALUES_2 table holds claim-level values set by the system during claims processing or by user edits.,OTH_PROV_NAM_MID,VARCHAR,False,False,The other operating provider's middle name.,Claims / Denials,False,False
CLM_VALUES_2,All values associated with a claim are stored in the Claim External Value record. The CLM_VALUES_2 table holds claim-level values set by the system during claims processing or by user edits.,OTH_PROV_NAM_SUF,VARCHAR,False,False,"The suffix to the other operating provider's name (e.g., Jr, III).",Claims / Denials,False,False
CLM_VALUES_2,All values associated with a claim are stored in the Claim External Value record. The CLM_VALUES_2 table holds claim-level values set by the system during claims processing or by user edits.,OTH_PROV_NPI,VARCHAR,False,False,The other operating provider's National Provider Identifier (NPI).,Claims / Denials,False,False
CLM_VALUES_2,All values associated with a claim are stored in the Claim External Value record. The CLM_VALUES_2 table holds claim-level values set by the system during claims processing or by user edits.,REND_PROV_TYP,VARCHAR,False,False,The rendering provider on the claim is a person or a non-person.,Claims / Denials,False,False
CLM_VALUES_2,All values associated with a claim are stored in the Claim External Value record. The CLM_VALUES_2 table holds claim-level values set by the system during claims processing or by user edits.,REND_PROV_NAM_LAST,VARCHAR,False,False,The rendering provider's last name (if a person) or the organization name (if a non-person).,Claims / Denials,False,False
CLM_VALUES_2,All values associated with a claim are stored in the Claim External Value record. The CLM_VALUES_2 table holds claim-level values set by the system during claims processing or by user edits.,REND_PROV_NAM_FIRST,VARCHAR,False,False,The rendering provider's first name. It is only populated when the provider is a person.,Claims / Denials,False,False
CLM_VALUES_2,All values associated with a claim are stored in the Claim External Value record. The CLM_VALUES_2 table holds claim-level values set by the system during claims processing or by user edits.,REND_PROV_NAM_MID,VARCHAR,False,False,The rendering provider's middle name. It is only populated when the provider is a person.,Claims / Denials,False,False
CLM_VALUES_2,All values associated with a claim are stored in the Claim External Value record. The CLM_VALUES_2 table holds claim-level values set by the system during claims processing or by user edits.,REND_PROV_NAM_SUF,VARCHAR,False,False,"The suffix to the rendering provider's name (e.g., Jr, III). It is only populated when the provider is a person.",Claims / Denials,False,False
CLM_VALUES_2,All values associated with a claim are stored in the Claim External Value record. The CLM_VALUES_2 table holds claim-level values set by the system during claims processing or by user edits.,REND_PROV_NPI,VARCHAR,False,False,The rendering provider's National Provider Identifier (NPI).,Claims / Denials,False,False
CLM_VALUES_2,All values associated with a claim are stored in the Claim External Value record. The CLM_VALUES_2 table holds claim-level values set by the system during claims processing or by user edits.,REND_PROV_TAXONOMY,VARCHAR,False,False,The rendering provider's taxonomy code.,Claims / Denials,False,False
CLM_VALUES_2,All values associated with a claim are stored in the Claim External Value record. The CLM_VALUES_2 table holds claim-level values set by the system during claims processing or by user edits.,REF_PROV_NAM_LAST,VARCHAR,False,False,The referring provider's last name.,Claims / Denials,False,False
CLM_VALUES_2,All values associated with a claim are stored in the Claim External Value record. The CLM_VALUES_2 table holds claim-level values set by the system during claims processing or by user edits.,REF_PROV_NAM_FIRST,VARCHAR,False,False,The referring provider's first name.,Claims / Denials,False,False
CLM_VALUES_2,All values associated with a claim are stored in the Claim External Value record. The CLM_VALUES_2 table holds claim-level values set by the system during claims processing or by user edits.,REF_PROV_NAM_MID,VARCHAR,False,False,The referring provider's middle name.,Claims / Denials,False,False
CLM_VALUES_2,All values associated with a claim are stored in the Claim External Value record. The CLM_VALUES_2 table holds claim-level values set by the system during claims processing or by user edits.,REF_PROV_NAM_SUF,VARCHAR,False,False,"The suffix to the referring provider's name (e.g., Jr, III).",Claims / Denials,False,False
CLM_VALUES_2,All values associated with a claim are stored in the Claim External Value record. The CLM_VALUES_2 table holds claim-level values set by the system during claims processing or by user edits.,REF_PROV_NPI,VARCHAR,False,False,The referring provider's National Provider Identifier (NPI).,Claims / Denials,False,False
CLM_VALUES_2,All values associated with a claim are stored in the Claim External Value record. The CLM_VALUES_2 table holds claim-level values set by the system during claims processing or by user edits.,REF_PROV_TAXONOMY,VARCHAR,False,False,The referring provider's taxonomy code.,Claims / Denials,False,False
CLM_VALUES_2,All values associated with a claim are stored in the Claim External Value record. The CLM_VALUES_2 table holds claim-level values set by the system during claims processing or by user edits.,SUP_PROV_NAM_LAST,VARCHAR,False,False,The supervising provider's last name.,Claims / Denials,False,False
CLM_VALUES_2,All values associated with a claim are stored in the Claim External Value record. The CLM_VALUES_2 table holds claim-level values set by the system during claims processing or by user edits.,SUP_PROV_NAM_FIRST,VARCHAR,False,False,The supervising provider's first name.,Claims / Denials,False,False
CLM_VALUES_2,All values associated with a claim are stored in the Claim External Value record. The CLM_VALUES_2 table holds claim-level values set by the system during claims processing or by user edits.,SUP_PROV_NAM_MID,VARCHAR,False,False,The supervising provider's middle name.,Claims / Denials,False,False
CLM_VALUES_2,All values associated with a claim are stored in the Claim External Value record. The CLM_VALUES_2 table holds claim-level values set by the system during claims processing or by user edits.,SUP_PROV_NAM_SUF,VARCHAR,False,False,"The suffix to the supervising provider's name (e.g., Jr, III).",Claims / Denials,False,False
CLM_VALUES_2,All values associated with a claim are stored in the Claim External Value record. The CLM_VALUES_2 table holds claim-level values set by the system during claims processing or by user edits.,SUP_PROV_NPI,VARCHAR,False,False,The supervising provider's National Provider Identifier (NPI).,Claims / Denials,False,False
CLM_VALUES_2,All values associated with a claim are stored in the Claim External Value record. The CLM_VALUES_2 table holds claim-level values set by the system during claims processing or by user edits.,ASST_SURG_NAM_LAST,VARCHAR,False,False,The assistant dental surgeon's last name.,Claims / Denials,False,False
CLM_VALUES_2,All values associated with a claim are stored in the Claim External Value record. The CLM_VALUES_2 table holds claim-level values set by the system during claims processing or by user edits.,ASST_SURG_NAM_FIRST,VARCHAR,False,False,The assistant dental surgeon's first name.,Claims / Denials,False,False
CLM_VALUES_2,All values associated with a claim are stored in the Claim External Value record. The CLM_VALUES_2 table holds claim-level values set by the system during claims processing or by user edits.,ASST_SURG_NAM_MID,VARCHAR,False,False,The assistant dental surgeon's middle name.,Claims / Denials,False,False
CLM_VALUES_3,All values associated with a claim are stored in the Claim External Value record. The CLM_VALUES_3 table holds claim level values set by the system during claims processing or by user edits.,RECORD_ID,NUMERIC,False,False,The unique identifier for the claim values record.,Claims / Denials,False,True
CLM_VALUES_3,All values associated with a claim are stored in the Claim External Value record. The CLM_VALUES_3 table holds claim level values set by the system during claims processing or by user edits.,ASST_SURG_NAM_SUF,VARCHAR,False,False,The suffix to the assistant dental surgeon's name.,Claims / Denials,False,False
CLM_VALUES_3,All values associated with a claim are stored in the Claim External Value record. The CLM_VALUES_3 table holds claim level values set by the system during claims processing or by user edits.,ASST_SURG_NPI,VARCHAR,False,False,The assistant dental surgeon's National Provider Identifier (NPI).,Claims / Denials,False,False
CLM_VALUES_3,All values associated with a claim are stored in the Claim External Value record. The CLM_VALUES_3 table holds claim level values set by the system during claims processing or by user edits.,ASST_SURG_TAXONOMY,VARCHAR,False,False,The assistant dental surgeon's taxonomy code.,Claims / Denials,False,False
CLM_VALUES_3,All values associated with a claim are stored in the Claim External Value record. The CLM_VALUES_3 table holds claim level values set by the system during claims processing or by user edits.,SVC_FAC_NAM,VARCHAR,False,False,The name of the external location where the services were performed.,Claims / Denials,False,False
CLM_VALUES_3,All values associated with a claim are stored in the Claim External Value record. The CLM_VALUES_3 table holds claim level values set by the system during claims processing or by user edits.,SVC_FAC_NPI,VARCHAR,False,False,The NPI of the external location where the services were performed.,Claims / Denials,False,False
CLM_VALUES_3,All values associated with a claim are stored in the Claim External Value record. The CLM_VALUES_3 table holds claim level values set by the system during claims processing or by user edits.,SVC_FAC_CNCT_NAM,VARCHAR,False,False,The contact name for the external location.,Claims / Denials,False,False
CLM_VALUES_3,All values associated with a claim are stored in the Claim External Value record. The CLM_VALUES_3 table holds claim level values set by the system during claims processing or by user edits.,SVC_FAC_CNCT_PH,VARCHAR,False,False,The contact phone number for the external location.,Claims / Denials,False,False
CLM_VALUES_3,All values associated with a claim are stored in the Claim External Value record. The CLM_VALUES_3 table holds claim level values set by the system during claims processing or by user edits.,SVC_FAC_CNCT_EXT,VARCHAR,False,False,The contact phone extension for the external location.,Claims / Denials,False,False
CLM_VALUES_3,All values associated with a claim are stored in the Claim External Value record. The CLM_VALUES_3 table holds claim level values set by the system during claims processing or by user edits.,SVC_FAC_ADDR_1,VARCHAR,False,False,The first line of the external location street address.,Claims / Denials,False,False
CLM_VALUES_3,All values associated with a claim are stored in the Claim External Value record. The CLM_VALUES_3 table holds claim level values set by the system during claims processing or by user edits.,SVC_FAC_ADDR_2,VARCHAR,False,False,The second line of the external location street address.,Claims / Denials,False,False
CLM_VALUES_3,All values associated with a claim are stored in the Claim External Value record. The CLM_VALUES_3 table holds claim level values set by the system during claims processing or by user edits.,SVC_FAC_CITY,VARCHAR,False,False,The external location's city.,Claims / Denials,False,False
CLM_VALUES_3,All values associated with a claim are stored in the Claim External Value record. The CLM_VALUES_3 table holds claim level values set by the system during claims processing or by user edits.,SVC_FAC_STATE,VARCHAR,False,False,The external location's state.,Claims / Denials,False,False
CLM_VALUES_3,All values associated with a claim are stored in the Claim External Value record. The CLM_VALUES_3 table holds claim level values set by the system during claims processing or by user edits.,SVC_FAC_ZIP,VARCHAR,False,False,The external location's ZIP code.,Claims / Denials,False,False
CLM_VALUES_3,All values associated with a claim are stored in the Claim External Value record. The CLM_VALUES_3 table holds claim level values set by the system during claims processing or by user edits.,SVC_FAC_CNTRY,VARCHAR,False,False,The external location's country. It is only populated if the address is outside the United States.,Claims / Denials,False,False
CLM_VALUES_3,All values associated with a claim are stored in the Claim External Value record. The CLM_VALUES_3 table holds claim level values set by the system during claims processing or by user edits.,SVC_FAC_CNTRY_SUB,VARCHAR,False,False,"The external location's country subdivision (state, province, etc). It is only populated if the address is outside the United States.",Claims / Denials,False,False
CLM_VALUES_3,All values associated with a claim are stored in the Claim External Value record. The CLM_VALUES_3 table holds claim level values set by the system during claims processing or by user edits.,PICK_UP_ADDR_1,VARCHAR,False,False,The first line of the ambulance pick-up location street address.,Claims / Denials,False,False
CLM_VALUES_3,All values associated with a claim are stored in the Claim External Value record. The CLM_VALUES_3 table holds claim level values set by the system during claims processing or by user edits.,PICK_UP_ADDR_2,VARCHAR,False,False,The second line of the ambulance pick-up location street address.,Claims / Denials,False,False
CLM_VALUES_3,All values associated with a claim are stored in the Claim External Value record. The CLM_VALUES_3 table holds claim level values set by the system during claims processing or by user edits.,PICK_UP_CITY,VARCHAR,False,False,The ambulance pick-up location's city.,Claims / Denials,False,False
CLM_VALUES_3,All values associated with a claim are stored in the Claim External Value record. The CLM_VALUES_3 table holds claim level values set by the system during claims processing or by user edits.,PICK_UP_STATE,VARCHAR,False,False,The ambulance pick-up location's state.,Claims / Denials,False,False
CLM_VALUES_3,All values associated with a claim are stored in the Claim External Value record. The CLM_VALUES_3 table holds claim level values set by the system during claims processing or by user edits.,PICK_UP_ZIP,VARCHAR,False,False,The ambulance pick-up location's ZIP code.,Claims / Denials,False,False
CLM_VALUES_3,All values associated with a claim are stored in the Claim External Value record. The CLM_VALUES_3 table holds claim level values set by the system during claims processing or by user edits.,PICK_UP_CNTRY,VARCHAR,False,False,The ambulance pick-up location's country. It is only populated if the address is outside the United States.,Claims / Denials,False,False
CLM_VALUES_3,All values associated with a claim are stored in the Claim External Value record. The CLM_VALUES_3 table holds claim level values set by the system during claims processing or by user edits.,PICK_UP_CNTRY_SUB,VARCHAR,False,False,"The ambulance pick-up location's country subdivision (e.g., state, province). It is only populated if the address is outside the United States.",Claims / Denials,False,False
CLM_VALUES_3,All values associated with a claim are stored in the Claim External Value record. The CLM_VALUES_3 table holds claim level values set by the system during claims processing or by user edits.,DROP_OFF_NAM,VARCHAR,False,False,The name of the ambulance drop-off location.,Claims / Denials,False,False
CLM_VALUES_3,All values associated with a claim are stored in the Claim External Value record. The CLM_VALUES_3 table holds claim level values set by the system during claims processing or by user edits.,DROP_OFF_ADDR_1,VARCHAR,False,False,The first line of the ambulance drop-off location street address.,Claims / Denials,False,False
CLM_VALUES_3,All values associated with a claim are stored in the Claim External Value record. The CLM_VALUES_3 table holds claim level values set by the system during claims processing or by user edits.,DROP_OFF_ADDR_2,VARCHAR,False,False,The second line of the ambulance drop-off location street address.,Claims / Denials,False,False
CLM_VALUES_3,All values associated with a claim are stored in the Claim External Value record. The CLM_VALUES_3 table holds claim level values set by the system during claims processing or by user edits.,DROP_OFF_CITY,VARCHAR,False,False,The ambulance drop-off location's city.,Claims / Denials,False,False
CLM_VALUES_3,All values associated with a claim are stored in the Claim External Value record. The CLM_VALUES_3 table holds claim level values set by the system during claims processing or by user edits.,DROP_OFF_STATE,VARCHAR,False,False,The ambulance drop-off location's state.,Claims / Denials,False,False
CLM_VALUES_3,All values associated with a claim are stored in the Claim External Value record. The CLM_VALUES_3 table holds claim level values set by the system during claims processing or by user edits.,DROP_OFF_ZIP,VARCHAR,False,False,The ambulance drop-off location's ZIP code.,Claims / Denials,False,False
CLM_VALUES_3,All values associated with a claim are stored in the Claim External Value record. The CLM_VALUES_3 table holds claim level values set by the system during claims processing or by user edits.,DROP_OFF_CNTRY,VARCHAR,False,False,The ambulance drop-off location's country. It is only populated if the address is outside the United States.,Claims / Denials,False,False
CLM_VALUES_3,All values associated with a claim are stored in the Claim External Value record. The CLM_VALUES_3 table holds claim level values set by the system during claims processing or by user edits.,DROP_OFF_CNTRY_SUB,VARCHAR,False,False,"The ambulance drop-off location's country subdivision (e.g., state, province). It is only populated if the address is outside the United States.",Claims / Denials,False,False
CLM_VALUES_3,All values associated with a claim are stored in the Claim External Value record. The CLM_VALUES_3 table holds claim level values set by the system during claims processing or by user edits.,CREATE_DT,DATETIME,False,False,The date the claim was created. It is used for paper institutional claims.,Claims / Denials,True,False
CLM_VALUES_3,All values associated with a claim are stored in the Claim External Value record. The CLM_VALUES_3 table holds claim level values set by the system during claims processing or by user edits.,CLM_CVG_AMT_PAID,NUMERIC,False,False,The amount already paid by the payer of the current coverage.,Claims / Denials,False,False
CLM_VALUES_3,All values associated with a claim are stored in the Claim External Value record. The CLM_VALUES_3 table holds claim level values set by the system during claims processing or by user edits.,PAT_PROP_CAS_ID_TYP,VARCHAR,False,False,The qualifier for the Property and Casualty Patient ID used on American National Standards Institute (ANSI) version 5010 claims.,Claims / Denials,False,False
CLM_VALUES_3,All values associated with a claim are stored in the Claim External Value record. The CLM_VALUES_3 table holds claim level values set by the system during claims processing or by user edits.,PAT_PROP_CAS_ID,VARCHAR,False,False,This column stores the patient identifier for property and casualty claims used on American National Standards Institute (ANSI) version 5010 claims.,Claims / Denials,False,False
CLM_VALUES_3,All values associated with a claim are stored in the Claim External Value record. The CLM_VALUES_3 table holds claim level values set by the system during claims processing or by user edits.,ADMSN_QUAL,VARCHAR,False,False,The qualifier to identify when the admission hour is reported along with the admission date.,Claims / Denials,False,False
CLM_VALUES_3,All values associated with a claim are stored in the Claim External Value record. The CLM_VALUES_3 table holds claim level values set by the system during claims processing or by user edits.,REMARK,VARCHAR,False,False,The claim remark printed on institutional claims as the billing note.,Claims / Denials,False,False
CLM_VALUES_3,All values associated with a claim are stored in the Claim External Value record. The CLM_VALUES_3 table holds claim level values set by the system during claims processing or by user edits.,CLM_CVG_AMT_DUE,NUMERIC,False,False,The amount due by the payer of the current coverage.,Claims / Denials,False,False
CLM_VALUES_3,All values associated with a claim are stored in the Claim External Value record. The CLM_VALUES_3 table holds claim level values set by the system during claims processing or by user edits.,CLM_CVG_COMPLMT_ID,VARCHAR,False,False,The complementary payer ID for the payer of the current coverage.,Claims / Denials,False,False
CLM_VALUES_3,All values associated with a claim are stored in the Claim External Value record. The CLM_VALUES_3 table holds claim level values set by the system during claims processing or by user edits.,CLM_CVG_REL_INFO_DT,DATETIME,False,False,The date on which the insured authorized the release of information to the payer.,Claims / Denials,True,False
CLM_VALUES_3,All values associated with a claim are stored in the Claim External Value record. The CLM_VALUES_3 table holds claim level values set by the system during claims processing or by user edits.,LOCAL_USE_CMS,VARCHAR,False,False,"The value to print in Reserved for Local Use Box 10d on the paper 1500 version 08/05 Centers for Medicare and Medicaid Services (CMS) claim form. On the 1500 version 02/12 form, this field was removed and no longer used.",Claims / Denials,False,False
CLM_VALUES_3,All values associated with a claim are stored in the Claim External Value record. The CLM_VALUES_3 table holds claim level values set by the system during claims processing or by user edits.,DISABILITY_QUAL,VARCHAR,False,False,The qualifier for the disability date and time.,Claims / Denials,False,False
CLM_VALUES_3,All values associated with a claim are stored in the Claim External Value record. The CLM_VALUES_3 table holds claim level values set by the system during claims processing or by user edits.,DISABILITY_TM_QUAL,VARCHAR,False,False,The disability time format qualifier.,Claims / Denials,False,False
CLM_VALUES_3,All values associated with a claim are stored in the Claim External Value record. The CLM_VALUES_3 table holds claim level values set by the system during claims processing or by user edits.,CAS_SRC_CEV_ID,NUMERIC,False,False,The source claim values record to which this reason code claim values record is attached.,Claims / Denials,False,False
CLM_VALUES_3,All values associated with a claim are stored in the Claim External Value record. The CLM_VALUES_3 table holds claim level values set by the system during claims processing or by user edits.,CAS_LVL_C_NAME,VARCHAR,False,False,The indicator that the claim values record includes claim-level or line-level explanation of benefits data.,Claims / Denials,False,False
CLM_VALUES_3,All values associated with a claim are stored in the Claim External Value record. The CLM_VALUES_3 table holds claim level values set by the system during claims processing or by user edits.,CAS_CVG_LN_NUM,INTEGER,False,False,The coverage line number in the source claim values record for claim-level explanation of benefits.,Claims / Denials,False,False
CLM_VALUES_3,All values associated with a claim are stored in the Claim External Value record. The CLM_VALUES_3 table holds claim level values set by the system during claims processing or by user edits.,CAS_SVC_LN_NUM,INTEGER,False,False,The service line number in the source claim values record.,Claims / Denials,False,False
CLM_VALUES_3,All values associated with a claim are stored in the Claim External Value record. The CLM_VALUES_3 table holds claim level values set by the system during claims processing or by user edits.,NCPDP_RECORD_TYPE,VARCHAR,False,False,The National Council for Prescription Drug Programs (NCPDP) transaction type being submitted.,Claims / Denials,False,False
CLM_VALUES_3,All values associated with a claim are stored in the Claim External Value record. The CLM_VALUES_3 table holds claim level values set by the system during claims processing or by user edits.,TXST_TRANSMISSION_ACTION,VARCHAR,False,False,"The indicator that the file being loaded is a replacement file, update file, or delete file.",Claims / Denials,False,False
CLM_VALUES_3,All values associated with a claim are stored in the Claim External Value record. The CLM_VALUES_3 table holds claim level values set by the system during claims processing or by user edits.,TXST_SUBMISSION_NUMBER,VARCHAR,False,False,The number of times data set has been re-sent.,Claims / Denials,False,False
CLM_VALUES_4,All values associated with a claim are stored in the Claim External Value record. The CLM_VALUES_4 table holds claim-level values set by the system during claims processing or by user edits.,RECORD_ID,NUMERIC,False,False,The unique identifier for the claim value record.,Claims / Denials,False,True
CLM_VALUES_4,All values associated with a claim are stored in the Claim External Value record. The CLM_VALUES_4 table holds claim-level values set by the system during claims processing or by user edits.,REP_CLM_NUM,VARCHAR,False,False,The repriced claim reference number.,Claims / Denials,False,False
CLM_VALUES_4,All values associated with a claim are stored in the Claim External Value record. The CLM_VALUES_4 table holds claim-level values set by the system during claims processing or by user edits.,ADJ_REP_CLM_NUM,VARCHAR,False,False,The adjusted repriced claim number.,Claims / Denials,False,False
CLM_VALUES_4,All values associated with a claim are stored in the Claim External Value record. The CLM_VALUES_4 table holds claim-level values set by the system during claims processing or by user edits.,CLM_TRANS_INTMD,VARCHAR,False,False,The identifier for claim transmission intermediaries.,Claims / Denials,False,False
CLM_VALUES_4,All values associated with a claim are stored in the Claim External Value record. The CLM_VALUES_4 table holds claim-level values set by the system during claims processing or by user edits.,CLM_PRO_APP_NUM,VARCHAR,False,False,The Peer Review Organization (PRO) Approval Number for the claim.,Claims / Denials,False,False
CLM_VALUES_4,All values associated with a claim are stored in the Claim External Value record. The CLM_VALUES_4 table holds claim-level values set by the system during claims processing or by user edits.,CLM_PRICING_METHDLG,VARCHAR,False,False,The claim pricing methodology.,Claims / Denials,False,False
CLM_VALUES_4,All values associated with a claim are stored in the Claim External Value record. The CLM_VALUES_4 table holds claim-level values set by the system during claims processing or by user edits.,CLM_REP_ALWD_AMT,NUMERIC,False,False,The claim re-pricing allowed amount.,Claims / Denials,False,False
CLM_VALUES_4,All values associated with a claim are stored in the Claim External Value record. The CLM_VALUES_4 table holds claim-level values set by the system during claims processing or by user edits.,CLM_REP_SVNG_AMT,NUMERIC,False,False,The claim Repriced Saving Amount.,Claims / Denials,False,False
CLM_VALUES_4,All values associated with a claim are stored in the Claim External Value record. The CLM_VALUES_4 table holds claim-level values set by the system during claims processing or by user edits.,CLM_REP_ORGID,VARCHAR,False,False,The Repricing Organization Identifier for the claim.,Claims / Denials,False,False
CLM_VALUES_4,All values associated with a claim are stored in the Claim External Value record. The CLM_VALUES_4 table holds claim-level values set by the system during claims processing or by user edits.,REP_PDIEM_FLTRT_AMT,NUMERIC,False,False,The Repricing Per Diem or Flat Rate Amount for the claim.,Claims / Denials,False,False
CLM_VALUES_4,All values associated with a claim are stored in the Claim External Value record. The CLM_VALUES_4 table holds claim-level values set by the system during claims processing or by user edits.,REP_APRVD_DRG_CODE,VARCHAR,False,False,The Repriced Approved Diagnosis Related Group Code for the claim.,Claims / Denials,False,False
CLM_VALUES_4,All values associated with a claim are stored in the Claim External Value record. The CLM_VALUES_4 table holds claim-level values set by the system during claims processing or by user edits.,REP_APPRVD_AMT,NUMERIC,False,False,The Repriced Approved Amount for the claim.,Claims / Denials,False,False
CLM_VALUES_4,All values associated with a claim are stored in the Claim External Value record. The CLM_VALUES_4 table holds claim-level values set by the system during claims processing or by user edits.,REP_APRVD_REV_CODE,VARCHAR,False,False,The Repriced Approved Revenue Code for the claim.,Claims / Denials,False,False
CLM_VALUES_4,All values associated with a claim are stored in the Claim External Value record. The CLM_VALUES_4 table holds claim-level values set by the system during claims processing or by user edits.,REP_ASU_MSRMNT_CODE,VARCHAR,False,False,"The basis of measurement (e.g., Days, Units) for Repriced Approved Service Unit Count.",Claims / Denials,False,False
CLM_VALUES_4,All values associated with a claim are stored in the Claim External Value record. The CLM_VALUES_4 table holds claim-level values set by the system during claims processing or by user edits.,REP_APR_SERV_CNT,NUMERIC,False,False,The Repriced Approved Service Unit Count for the claim.,Claims / Denials,False,False
CLM_VALUES_4,All values associated with a claim are stored in the Claim External Value record. The CLM_VALUES_4 table holds claim-level values set by the system during claims processing or by user edits.,PAYTO_PLAN_TAXID,VARCHAR,False,False,The Pay-To Plan Tax Identification Number.,Claims / Denials,False,False
CLM_VALUES_4,All values associated with a claim are stored in the Claim External Value record. The CLM_VALUES_4 table holds claim-level values set by the system during claims processing or by user edits.,FIRST_CNCT_DT,DATETIME,False,False,The Property and Casualty Date of First Contact.,Claims / Denials,True,False
CLM_VALUES_4,All values associated with a claim are stored in the Claim External Value record. The CLM_VALUES_4 table holds claim-level values set by the system during claims processing or by user edits.,REPRICER_RECVD_DT,DATETIME,False,False,The Repricer Received Date.,Claims / Denials,True,False
CLM_VALUES_4,All values associated with a claim are stored in the Claim External Value record. The CLM_VALUES_4 table holds claim-level values set by the system during claims processing or by user edits.,MCARE_XOVER_IND,VARCHAR,False,False,The Mandatory Medicare Crossover Indicator.,Claims / Denials,False,False
CLM_VALUES_4,All values associated with a claim are stored in the Claim External Value record. The CLM_VALUES_4 table holds claim-level values set by the system during claims processing or by user edits.,CARE_PLN_NUM,VARCHAR,False,False,The Care Plan Oversight Number.,Claims / Denials,False,False
CLM_VALUES_4,All values associated with a claim are stored in the Claim External Value record. The CLM_VALUES_4 table holds claim-level values set by the system during claims processing or by user edits.,HOMEBOUND_COND_QUAL,VARCHAR,False,False,The Homebound Condition Qualifier.,Claims / Denials,False,False
CLM_VALUES_4,All values associated with a claim are stored in the Claim External Value record. The CLM_VALUES_4 table holds claim-level values set by the system during claims processing or by user edits.,HOMEBOUND_COND_CD,VARCHAR,False,False,The Homebound Condition Code.,Claims / Denials,False,False
CLM_VALUES_4,All values associated with a claim are stored in the Claim External Value record. The CLM_VALUES_4 table holds claim-level values set by the system during claims processing or by user edits.,DENTAL_SVC_FROM_DT,DATETIME,False,False,The Dental Service From Date. It will only be populated when using a dental form.,Claims / Denials,True,False
CLM_VALUES_4,All values associated with a claim are stored in the Claim External Value record. The CLM_VALUES_4 table holds claim-level values set by the system during claims processing or by user edits.,DENTAL_SVC_TO_DT,DATETIME,False,False,The Dental Service To Date. It will only be populated when using a dental form.,Claims / Denials,True,False
CLM_VALUES_4,All values associated with a claim are stored in the Claim External Value record. The CLM_VALUES_4 table holds claim-level values set by the system during claims processing or by user edits.,DENTAL_SVC_DT_QUAL,VARCHAR,False,False,The dental date range qualifier. It will only be populated on a dental form.,Claims / Denials,False,False
CLM_VALUES_4,All values associated with a claim are stored in the Claim External Value record. The CLM_VALUES_4 table holds claim-level values set by the system during claims processing or by user edits.,ORTHO_TREAT_IND,VARCHAR,False,False,The Orthodontic Treatment Indicator. This column will only have data when a dental claim has orthodontic services without any months of orthodontic treatment being reported.,Claims / Denials,False,False
CLM_VALUES_4,All values associated with a claim are stored in the Claim External Value record. The CLM_VALUES_4 table holds claim-level values set by the system during claims processing or by user edits.,DENT_PREDET_CODE,VARCHAR,False,False,"The code identifying whether a claim is a pre-authorization dental claim. If the claim is a predetermination of benefits claim (pre-auth), this column will be populated with ""PB"". If the claim is a statement of actual services, this column will be null.",Claims / Denials,False,False
CLM_VALUES_4,All values associated with a claim are stored in the Claim External Value record. The CLM_VALUES_4 table holds claim-level values set by the system during claims processing or by user edits.,OTH_ACC_EMER_YN,VARCHAR,False,False,The indicator that the claim includes emergency services.,Claims / Denials,False,False
CLM_VALUES_4,All values associated with a claim are stored in the Claim External Value record. The CLM_VALUES_4 table holds claim-level values set by the system during claims processing or by user edits.,STER_ABOR_YN,VARCHAR,False,False,The indicator that a visit was related to a sterilization or abortion.,Claims / Denials,False,False
CLM_VALUES_4,All values associated with a claim are stored in the Claim External Value record. The CLM_VALUES_4 table holds claim-level values set by the system during claims processing or by user edits.,PAYEE_NUM,VARCHAR,False,False,The payee number for Medicaid.,Claims / Denials,False,False
CLM_VALUES_4,All values associated with a claim are stored in the Claim External Value record. The CLM_VALUES_4 table holds claim-level values set by the system during claims processing or by user edits.,CLM_LVL_TOS,VARCHAR,False,False,The claim-level type of service code.,Claims / Denials,False,False
CLM_VALUES_4,All values associated with a claim are stored in the Claim External Value record. The CLM_VALUES_4 table holds claim-level values set by the system during claims processing or by user edits.,CLM_LVL_EPSDT_YN,VARCHAR,False,False,"The indicator that the claim was related to an Early and Periodic Screening, Diagnostic, and Treatment (EPSDT) visit.",Claims / Denials,False,False
CLM_VALUES_4,All values associated with a claim are stored in the Claim External Value record. The CLM_VALUES_4 table holds claim-level values set by the system during claims processing or by user edits.,CLM_LVL_FAM_PLAN_YN,VARCHAR,False,False,The indicator that the claim was related to family planning.,Claims / Denials,False,False
CLM_VALUES_4,All values associated with a claim are stored in the Claim External Value record. The CLM_VALUES_4 table holds claim-level values set by the system during claims processing or by user edits.,CLM_LVL_EMER_YN,VARCHAR,False,False,The indicator that the claim was related to emergency services.,Claims / Denials,False,False
CLM_VALUES_4,All values associated with a claim are stored in the Claim External Value record. The CLM_VALUES_4 table holds claim-level values set by the system during claims processing or by user edits.,PAT_LOCATION_IDENT,VARCHAR,False,False,The county code corresponding to the patient address.,Claims / Denials,False,False
CLM_VALUES_4,All values associated with a claim are stored in the Claim External Value record. The CLM_VALUES_4 table holds claim-level values set by the system during claims processing or by user edits.,PAT_PERSONAL_IDENT,VARCHAR,False,False,The combination of patient name characters and digits from their SSN used by the Statewide Planning and Research Cooperative System (SPARCS) to identify the patient.,Claims / Denials,False,False
CLM_VALUES_4,All values associated with a claim are stored in the Claim External Value record. The CLM_VALUES_4 table holds claim-level values set by the system during claims processing or by user edits.,DRG_SOI,VARCHAR,False,False,The Severity Of Illness (SOI) of Diagnosis Related Group (DRG) determined for the claim.,Claims / Denials,False,False
CLM_VALUES_4,All values associated with a claim are stored in the Claim External Value record. The CLM_VALUES_4 table holds claim-level values set by the system during claims processing or by user edits.,DRG_ROM,VARCHAR,False,False,The Risk Of Mortality (ROM) of Diagnosis Related Group (DRG) determined for the claim.,Claims / Denials,False,False
CLM_VALUES_4,All values associated with a claim are stored in the Claim External Value record. The CLM_VALUES_4 table holds claim-level values set by the system during claims processing or by user edits.,CAS_SVC_POS_NUM,INTEGER,False,False,The position number within the service line in the source claim CEV.,Claims / Denials,False,False
CLM_VALUES_4,All values associated with a claim are stored in the Claim External Value record. The CLM_VALUES_4 table holds claim-level values set by the system during claims processing or by user edits.,CLM_RECORD_INDICATOR,VARCHAR,False,False,The action to be taken on the claim.,Claims / Denials,False,False
CLM_VALUES_4,All values associated with a claim are stored in the Claim External Value record. The CLM_VALUES_4 table holds claim-level values set by the system during claims processing or by user edits.,LINE_OF_BUSINESS_CODE,VARCHAR,False,False,The line of business (LOB) code under which claim was paid.,Claims / Denials,False,False
CLM_VALUES_4,All values associated with a claim are stored in the Claim External Value record. The CLM_VALUES_4 table holds claim-level values set by the system during claims processing or by user edits.,BENEFIT_ID,VARCHAR,False,False,"The identifier for a set of parameters, benefits, or coverage criteria used to adjudicate a claim.",Claims / Denials,False,False
CLM_VALUES_4,All values associated with a claim are stored in the Claim External Value record. The CLM_VALUES_4 table holds claim-level values set by the system during claims processing or by user edits.,PLAN_TYPE,VARCHAR,False,False,The type of plan identifier.,Claims / Denials,False,False
CLM_VALUES_4,All values associated with a claim are stored in the Claim External Value record. The CLM_VALUES_4 table holds claim-level values set by the system during claims processing or by user edits.,PRESC_PROV_TAXONOMY,VARCHAR,False,False,The prescribing provider taxonomy code.,Claims / Denials,False,False
CLM_VALUES_4,All values associated with a claim are stored in the Claim External Value record. The CLM_VALUES_4 table holds claim-level values set by the system during claims processing or by user edits.,ADJUD_DATE,DATETIME,False,False,The date the claim was processed.,Claims / Denials,True,False
CLM_VALUES_4,All values associated with a claim are stored in the Claim External Value record. The CLM_VALUES_4 table holds claim-level values set by the system during claims processing or by user edits.,ADJUD_TM,DATETIME (Local),False,False,The time the claim was processed.,Claims / Denials,False,False
CLM_VALUES_4,All values associated with a claim are stored in the Claim External Value record. The CLM_VALUES_4 table holds claim-level values set by the system during claims processing or by user edits.,REJECT_OVERRIDE_CODE,VARCHAR,False,False,The reason for paying a claim when override is used.,Claims / Denials,False,False
CLM_VALUES_4,All values associated with a claim are stored in the Claim External Value record. The CLM_VALUES_4 table holds claim-level values set by the system during claims processing or by user edits.,CROSS_REF_ICN,VARCHAR,False,False,The ID associated with the original claim for adjustment claims.,Claims / Denials,False,False
CLM_VALUES_4,All values associated with a claim are stored in the Claim External Value record. The CLM_VALUES_4 table holds claim-level values set by the system during claims processing or by user edits.,PAYMENT_CLARIFICATION_CODE,VARCHAR,False,False,The additional information on the status of the payment of the claim.,Claims / Denials,False,False
CLM_VALUES_4,All values associated with a claim are stored in the Claim External Value record. The CLM_VALUES_4 table holds claim-level values set by the system during claims processing or by user edits.,ADJUSTMENT_TYPE,VARCHAR,False,False,The type of adjustment whether debit or credit.,Claims / Denials,False,False
CLM_VALUES_4,All values associated with a claim are stored in the Claim External Value record. The CLM_VALUES_4 table holds claim-level values set by the system during claims processing or by user edits.,STER_ABOR_CODE,VARCHAR,False,False,The single-letter sterilization/abortion code appearing in field 22D on the eMedNY 150003 claim form,Claims / Denials,False,False
CLM_VALUES_4,All values associated with a claim are stored in the Claim External Value record. The CLM_VALUES_4 table holds claim-level values set by the system during claims processing or by user edits.,POSSIBLE_DISABILITY_YN,VARCHAR,False,False,The indicator that the service was for treatment of a condition which appeared to be of a disabling nature for field 22F on the eMedNY 150003.,Claims / Denials,False,False
CLM_VALUES_4,All values associated with a claim are stored in the Claim External Value record. The CLM_VALUES_4 table holds claim-level values set by the system during claims processing or by user edits.,PMT_SRC_MCR_INVOLVE,VARCHAR,False,False,The single-digit source code indicator that indicates Medicare's involvement in paying for these charges for field 23B box M on the eMedNY 150003 claim form.,Claims / Denials,False,False
CLM_VALUES_4,All values associated with a claim are stored in the Claim External Value record. The CLM_VALUES_4 table holds claim-level values set by the system during claims processing or by user edits.,PMT_SRC_OTHR_INVOLV,VARCHAR,False,False,The single-digit code indicating whether the patient has a coverage besides Medicare and Medicaid for field 23B box O on the eMedNY 150003 claim form.,Claims / Denials,False,False
CLM_VALUES_4,All values associated with a claim are stored in the Claim External Value record. The CLM_VALUES_4 table holds claim-level values set by the system during claims processing or by user edits.,PMT_SRC_INS_CODE,VARCHAR,False,False,"The two-digit insurance code for the commercial coverage, if any, for field 23B box O on the eMedNY 150003 claim form.",Claims / Denials,False,False
CLM_VALUES_4,All values associated with a claim are stored in the Claim External Value record. The CLM_VALUES_4 table holds claim-level values set by the system during claims processing or by user edits.,LOCATOR_CODE,VARCHAR,False,False,The locator code assigned by Medicaid for the address where the service was performed for field 25C on the eMedNY 150003 paper claim form.,Claims / Denials,False,False
CLM_VALUES_4,All values associated with a claim are stored in the Claim External Value record. The CLM_VALUES_4 table holds claim-level values set by the system during claims processing or by user edits.,MEM_SUBMIT_PMT_RELEASE_DATE,DATETIME,False,False,"The date the member submitted claim became payable, which could differ from the check date.",Claims / Denials,True,False
CLM_VALUES_4,All values associated with a claim are stored in the Claim External Value record. The CLM_VALUES_4 table holds claim-level values set by the system during claims processing or by user edits.,CHECK_DATE,DATETIME,False,False,The claim check date.,Claims / Denials,True,False
CLM_VALUES_4,All values associated with a claim are stored in the Claim External Value record. The CLM_VALUES_4 table holds claim-level values set by the system during claims processing or by user edits.,PAT_DEM_CODE_QUAL,VARCHAR,False,False,The patient demographic code qualifier.,Claims / Denials,False,False
CLM_VALUES_4,All values associated with a claim are stored in the Claim External Value record. The CLM_VALUES_4 table holds claim-level values set by the system during claims processing or by user edits.,PAT_DEM_CODE,VARCHAR,False,False,The patient demographic code.,Claims / Denials,False,False
CLM_VALUES_4,All values associated with a claim are stored in the Claim External Value record. The CLM_VALUES_4 table holds claim-level values set by the system during claims processing or by user edits.,DRG_CODE_SET,VARCHAR,False,False,"The code set of the Diagnosis Related Group (e.g., APR-DRG, MS-DRG).",Claims / Denials,False,False
CLM_VALUES_4,All values associated with a claim are stored in the Claim External Value record. The CLM_VALUES_4 table holds claim-level values set by the system during claims processing or by user edits.,CLM_STATUS,VARCHAR,False,False,"The submitter's claim status (e.g., clean, denied).",Claims / Denials,False,False
CLM_VALUES_4,All values associated with a claim are stored in the Claim External Value record. The CLM_VALUES_4 table holds claim-level values set by the system during claims processing or by user edits.,DRG_CODE_VERSION,VARCHAR,False,False,"The version of the code set that the Diagnosis Related Group (DRG) code on the claim is associated with (e.g., Version 31, Version 32)",Claims / Denials,False,False
CLM_VALUES_4,All values associated with a claim are stored in the Claim External Value record. The CLM_VALUES_4 table holds claim-level values set by the system during claims processing or by user edits.,IS_CLINICALLY_INVALID_IDENT,VARCHAR,False,False,The external identifier representing if the claim is clinically invalid or not.,Claims / Denials,False,False
CLM_VALUES_4,All values associated with a claim are stored in the Claim External Value record. The CLM_VALUES_4 table holds claim-level values set by the system during claims processing or by user edits.,DRG_CODE_SET_IDENT,VARCHAR,False,False,The external identifier representing the Diagnosis Related Group (DRG) code set.,Claims / Denials,False,False
CLM_VALUES_4,All values associated with a claim are stored in the Claim External Value record. The CLM_VALUES_4 table holds claim-level values set by the system during claims processing or by user edits.,DRG_CODE_VER_IDENT,VARCHAR,False,False,The external identifier representing the Diagnosis Related Group (DRG) version.,Claims / Denials,False,False
CLM_VALUES_5,All values associated with a claim are stored in the Claim External Value record. The CLM_VALUES_5 table holds claim-level values set by the system during claims processing or by user edits.,RECORD_ID,NUMERIC,False,False,The unique identifier for the claim value record,Claims / Denials,False,True
CLM_VALUES_5,All values associated with a claim are stored in the Claim External Value record. The CLM_VALUES_5 table holds claim-level values set by the system during claims processing or by user edits.,FHIR_GROUP_IDENTIFIER,VARCHAR,False,False,The bulk FHIR group ID for which the claim was received.,Claims / Denials,False,False
CLM_VALUES_5,All values associated with a claim are stored in the Claim External Value record. The CLM_VALUES_5 table holds claim-level values set by the system during claims processing or by user edits.,DEPT_ALT_CODE,VARCHAR,False,False,"This item stores the alternate code for the department. The alternate code comes from MPI. For Norway, this item stores the IK44 code.",Claims / Denials,False,False
CLM_VALUES_5,All values associated with a claim are stored in the Claim External Value record. The CLM_VALUES_5 table holds claim-level values set by the system during claims processing or by user edits.,PAYER_ENTERPRISE_IDENTIFIER,VARCHAR,False,False,Patient's enterprise ID assigned by the payer.,Claims / Denials,False,False
CLM_VALUES_5,All values associated with a claim are stored in the Claim External Value record. The CLM_VALUES_5 table holds claim-level values set by the system during claims processing or by user edits.,ATT_PROV_SPECIALTY,VARCHAR,False,False,The specialty of the attending provider.,Claims / Denials,False,False
CLM_VALUES_5,All values associated with a claim are stored in the Claim External Value record. The CLM_VALUES_5 table holds claim-level values set by the system during claims processing or by user edits.,NON_PAYMENT_RSN_DESC,VARCHAR,False,False,Claim level denial reason code description.,Claims / Denials,False,False
CLM_VALUES_5,All values associated with a claim are stored in the Claim External Value record. The CLM_VALUES_5 table holds claim-level values set by the system during claims processing or by user edits.,CARRIER_PAYMENT_DNL_CD,VARCHAR,False,False,Carrier claim payment denial code.,Claims / Denials,False,False
CLM_VALUES_5,All values associated with a claim are stored in the Claim External Value record. The CLM_VALUES_5 table holds claim-level values set by the system during claims processing or by user edits.,NON_PAYMENT_RSN_CD,VARCHAR,False,False,Claim level denial reason code.,Claims / Denials,False,False
CLM_VALUES_5,All values associated with a claim are stored in the Claim External Value record. The CLM_VALUES_5 table holds claim-level values set by the system during claims processing or by user edits.,CARRIER_PAYMENT_DNL_DESC,VARCHAR,False,False,Carrier claim payment denial code description.,Claims / Denials,False,False
CLM_VALUES_5,All values associated with a claim are stored in the Claim External Value record. The CLM_VALUES_5 table holds claim-level values set by the system during claims processing or by user edits.,BCDA_GROUP_IDENT,VARCHAR,False,False,Claim Group Identifier provided by Beneficiary Claims Data API,Claims / Denials,False,False
CLM_VALUES_5,All values associated with a claim are stored in the Claim External Value record. The CLM_VALUES_5 table holds claim-level values set by the system during claims processing or by user edits.,PRIMARY_PAYER_CD,VARCHAR,False,False,Code used to determine if Medicare was the primary payer of this claim.,Claims / Denials,False,False
CLM_VALUES_5,All values associated with a claim are stored in the Claim External Value record. The CLM_VALUES_5 table holds claim-level values set by the system during claims processing or by user edits.,BIL_PROV_SPEC_CODE_SET,VARCHAR,False,False,Stores the code set for the Billing Provider Specialty Code.,Claims / Denials,False,False
CLM_VALUES_5,All values associated with a claim are stored in the Claim External Value record. The CLM_VALUES_5 table holds claim-level values set by the system during claims processing or by user edits.,OPER_PROV_TAXONOMY,VARCHAR,False,False,Holds the Operating Provider Taxonomy Code for a claim.,Claims / Denials,False,False
CLM_VALUES_5,All values associated with a claim are stored in the Claim External Value record. The CLM_VALUES_5 table holds claim-level values set by the system during claims processing or by user edits.,PREDETERMIN_IDENT,VARCHAR,False,False,This is the predetermination of benefits identifier for the claim.,Claims / Denials,False,False
CLM_VALUES_5,All values associated with a claim are stored in the Claim External Value record. The CLM_VALUES_5 table holds claim-level values set by the system during claims processing or by user edits.,ADJ_TO_CLAIM_ID,VARCHAR,False,False,Holds the adjustment to claim ID for the claim received from raw data,Claims / Denials,False,False
CLM_VALUES_5,All values associated with a claim are stored in the Claim External Value record. The CLM_VALUES_5 table holds claim-level values set by the system during claims processing or by user edits.,REV_TO_CLAIM_ID,VARCHAR,False,False,Holds the reversal to claim ID for the claim received from raw data,Claims / Denials,False,False
CLM_VALUES_5,All values associated with a claim are stored in the Claim External Value record. The CLM_VALUES_5 table holds claim-level values set by the system during claims processing or by user edits.,ADJ_SEQUENCE,VARCHAR,False,False,Holds the adjustment sequence for the claim received from raw data,Claims / Denials,False,False
CLM_VALUES_5,All values associated with a claim are stored in the Claim External Value record. The CLM_VALUES_5 table holds claim-level values set by the system during claims processing or by user edits.,PLAN_NAME,VARCHAR,False,False,The plan name from raw claims data.,Claims / Denials,False,False
CLM_VALUES_5,All values associated with a claim are stored in the Claim External Value record. The CLM_VALUES_5 table holds claim-level values set by the system during claims processing or by user edits.,CORPORATION_NAME,VARCHAR,False,False,Corporation name from raw claims data.,Claims / Denials,False,False
CLM_VALUES_5,All values associated with a claim are stored in the Claim External Value record. The CLM_VALUES_5 table holds claim-level values set by the system during claims processing or by user edits.,NETWORK_LEVEL,VARCHAR,False,False,Specifies the network level of the claim.,Claims / Denials,False,False
CLM_VALUES_5,All values associated with a claim are stored in the Claim External Value record. The CLM_VALUES_5 table holds claim-level values set by the system during claims processing or by user edits.,REGION_NAME,VARCHAR,False,False,The name of the region associated with the claim.,Claims / Denials,False,False
CLM_VALUES_5,All values associated with a claim are stored in the Claim External Value record. The CLM_VALUES_5 table holds claim-level values set by the system during claims processing or by user edits.,LINE_OF_BUSINESS_NAME,VARCHAR,False,False,The name of the line of business associated with the claim.,Claims / Denials,False,False
CLM_VALUES_5,All values associated with a claim are stored in the Claim External Value record. The CLM_VALUES_5 table holds claim-level values set by the system during claims processing or by user edits.,SVC_PROV_IN_NETWORK,VARCHAR,False,False,This value indicates if the service provider / pharmacy is in-network.,Claims / Denials,False,False
CLM_VALUES_5,All values associated with a claim are stored in the Claim External Value record. The CLM_VALUES_5 table holds claim-level values set by the system during claims processing or by user edits.,MEDICARE_DRUG_CVG_CODE,VARCHAR,False,False,Identifies if a claim was processed under the Medicare Part B benefit or Part D benefit.,Claims / Denials,False,False
CLM_VALUES_5,All values associated with a claim are stored in the Claim External Value record. The CLM_VALUES_5 table holds claim-level values set by the system during claims processing or by user edits.,SVC_FAC_CCN,VARCHAR,False,False,Centers for Medicare and Medicaid Services Certification Number (CCN) for the service facility location.,Claims / Denials,False,False
CLM_VALUES_5,All values associated with a claim are stored in the Claim External Value record. The CLM_VALUES_5 table holds claim-level values set by the system during claims processing or by user edits.,PCP_REF_PROV_NAM_LAST,VARCHAR,False,False,This item holds the PCP referring provider's last name (NM1*P3).,Claims / Denials,False,False
CLM_VALUES_5,All values associated with a claim are stored in the Claim External Value record. The CLM_VALUES_5 table holds claim-level values set by the system during claims processing or by user edits.,PCP_REF_PROV_NAM_FIRST,VARCHAR,False,False,This item holds the PCP referring provider's first name (NM1*P3).,Claims / Denials,False,False
CLM_VALUES_5,All values associated with a claim are stored in the Claim External Value record. The CLM_VALUES_5 table holds claim-level values set by the system during claims processing or by user edits.,PCP_REF_PROV_NAM_MID,VARCHAR,False,False,This item holds the PCP referring provider's middle name (NM1*P3).,Claims / Denials,False,False
CLM_VALUES_5,All values associated with a claim are stored in the Claim External Value record. The CLM_VALUES_5 table holds claim-level values set by the system during claims processing or by user edits.,PCP_REF_PROV_NAM_SUF,VARCHAR,False,False,This item holds the PCP referring provider's suffix (NM1*P3).,Claims / Denials,False,False
CLM_VALUES_5,All values associated with a claim are stored in the Claim External Value record. The CLM_VALUES_5 table holds claim-level values set by the system during claims processing or by user edits.,PCP_REF_PROV_NPI,VARCHAR,False,False,This item holds the PCP referring provider's NPI (NM1*P3).,Claims / Denials,False,False
CLM_VALUES_5,All values associated with a claim are stored in the Claim External Value record. The CLM_VALUES_5 table holds claim-level values set by the system during claims processing or by user edits.,PCP_REF_PROV_TAXONOMY,VARCHAR,False,False,This item holds the referring provider's taxonomy code.,Claims / Denials,False,False
CLM_VALUES_5,All values associated with a claim are stored in the Claim External Value record. The CLM_VALUES_5 table holds claim-level values set by the system during claims processing or by user edits.,REF_PROV_FROM_LINE_YN,VARCHAR,False,False,"Identifies whether the referring provider was received at the header level, or rolled up from the line level.",Claims / Denials,False,False
CLM_VALUES_5,All values associated with a claim are stored in the Claim External Value record. The CLM_VALUES_5 table holds claim-level values set by the system during claims processing or by user edits.,REN_PROV_FROM_LINE_YN,VARCHAR,False,False,"Identifies whether the rendering provider was received at the header level, or rolled up from the line level.",Claims / Denials,False,False
CLM_VALUES_5,All values associated with a claim are stored in the Claim External Value record. The CLM_VALUES_5 table holds claim-level values set by the system during claims processing or by user edits.,OPER_PROV_FROM_LINE_YN,VARCHAR,False,False,"Identifies whether the operating provider was received at the header level, or rolled up from the line level.",Claims / Denials,False,False
CLM_VALUES_5,All values associated with a claim are stored in the Claim External Value record. The CLM_VALUES_5 table holds claim-level values set by the system during claims processing or by user edits.,OTHOP_PROV_FROM_LINE_YN,VARCHAR,False,False,"Identifies whether the other operating provider was received at the header level, or rolled up from the line level.",Claims / Denials,False,False
CLM_VALUES_5,All values associated with a claim are stored in the Claim External Value record. The CLM_VALUES_5 table holds claim-level values set by the system during claims processing or by user edits.,PAT_RESIDENCE_CODE,VARCHAR,False,False,The code identifying the patient's place of residence. This data is only populated for Pharmacy claims.,Claims / Denials,False,False
CLM_VALUES_5,All values associated with a claim are stored in the Claim External Value record. The CLM_VALUES_5 table holds claim-level values set by the system during claims processing or by user edits.,SVC_FAC_CMS_PARTD_FLAG,VARCHAR,False,False,Indicates whether the patient resides in a facility that qualifies for the CMS Part D benefit. This data is only populated for Pharmacy claims.,Claims / Denials,False,False
CLM_VALUES_5,All values associated with a claim are stored in the Claim External Value record. The CLM_VALUES_5 table holds claim-level values set by the system during claims processing or by user edits.,BANK_IDENT_NUM,VARCHAR,False,False,The card issuer ID or bank ID number used for network routing. This data is only populated for Pharmacy claims.,Claims / Denials,False,False
CLM_VALUES_5,All values associated with a claim are stored in the Claim External Value record. The CLM_VALUES_5 table holds claim-level values set by the system during claims processing or by user edits.,PROCESSOR_CTL_NUM,VARCHAR,False,False,The number assigned by the processor. This data is only populated for Pharmacy claims.,Claims / Denials,False,False
CLM_VALUES_5,All values associated with a claim are stored in the Claim External Value record. The CLM_VALUES_5 table holds claim-level values set by the system during claims processing or by user edits.,RX_PRIOR_AUTH_TYPE,VARCHAR,False,False,The code clarifying the prior authorization number submitted or benefit/plan exemption.,Claims / Denials,False,False
CLM_VALUES_5,All values associated with a claim are stored in the Claim External Value record. The CLM_VALUES_5 table holds claim-level values set by the system during claims processing or by user edits.,PRESCRIBER_LAST_NAME,VARCHAR,False,False,The last name of the prescribing provider. This data is only populated for Pharmacy claims.,Claims / Denials,False,False
CLM_VALUES_5,All values associated with a claim are stored in the Claim External Value record. The CLM_VALUES_5 table holds claim-level values set by the system during claims processing or by user edits.,SNAPSHOT_CEV_YN,VARCHAR,False,False,Contains a flag for whether or not the CEV respresents a snapshot of the data sent on an outgoing 837. Snapshot CEV records are created for rejected Tapestry claims that are added to Claim Export workqueues.,Claims / Denials,False,False
CLM_VALUES_5,All values associated with a claim are stored in the Claim External Value record. The CLM_VALUES_5 table holds claim-level values set by the system during claims processing or by user edits.,SNAPSHOT_CEV_RECORD_ID,NUMERIC,False,False,"Contains the ID, if one exists, of the CEV containing the data sent on an outgoing 837 for an editable CEV record.",Claims / Denials,False,False
CLM_VALUES_5,All values associated with a claim are stored in the Claim External Value record. The CLM_VALUES_5 table holds claim-level values set by the system during claims processing or by user edits.,PICK_UP_CNTY,VARCHAR,False,False,Stores the Ambulance Pick-Up Location County,Claims / Denials,False,False
CLM_VALUES_5,All values associated with a claim are stored in the Claim External Value record. The CLM_VALUES_5 table holds claim-level values set by the system during claims processing or by user edits.,DROP_OFF_CNTY,VARCHAR,False,False,Stores the Ambulance Drop-Off Location County,Claims / Denials,False,False
CLM_VALUES_5,All values associated with a claim are stored in the Claim External Value record. The CLM_VALUES_5 table holds claim-level values set by the system during claims processing or by user edits.,LAST_SRP_DATE,DATETIME,False,False,The Last Scaling and Root Planing Procedure Date for the claim.,Claims / Denials,True,False
CLM_VALUES_5,All values associated with a claim are stored in the Claim External Value record. The CLM_VALUES_5 table holds claim-level values set by the system during claims processing or by user edits.,NCH_CLAIM_TYPE,VARCHAR,False,False,The CMS National Claims History (NCH) code indicating the type of claim submitted.,Claims / Denials,False,False
CLM_VALUES_5,All values associated with a claim are stored in the Claim External Value record. The CLM_VALUES_5 table holds claim-level values set by the system during claims processing or by user edits.,CMS_ADJSTMT_DLTN_CD,VARCHAR,False,False,The CMS Adjustment Deletion Code for the claim. This value distinguishes an adjusted or deleted PDE claim from an original.,Claims / Denials,False,False
CLM_VALUES_5,All values associated with a claim are stored in the Claim External Value record. The CLM_VALUES_5 table holds claim-level values set by the system during claims processing or by user edits.,CLAIM_TYPE_OUT_IN,VARCHAR,False,False,Claim type for use on Canadian claims,Claims / Denials,False,False
CLM_VALUES_5,All values associated with a claim are stored in the Claim External Value record. The CLM_VALUES_5 table holds claim-level values set by the system during claims processing or by user edits.,COVERAGE_EXPIRY_DATE,DATETIME,False,False,"Expiry date of the plan registration number, for use with Canadian Claims",Claims / Denials,True,False
CLM_VALUES_5,All values associated with a claim are stored in the Claim External Value record. The CLM_VALUES_5 table holds claim-level values set by the system during claims processing or by user edits.,DECEASED_INDICATOR,VARCHAR,False,False,"Deceased indicator, for use with Canadian Claims",Claims / Denials,False,False
CLM_VALUES_5,All values associated with a claim are stored in the Claim External Value record. The CLM_VALUES_5 table holds claim-level values set by the system during claims processing or by user edits.,CLAIM_NET_AMOUNT,NUMERIC,False,False,The net amount of the claim expected to be paid by the payer to the provider.,Claims / Denials,False,False
CLM_VALUES_5,All values associated with a claim are stored in the Claim External Value record. The CLM_VALUES_5 table holds claim-level values set by the system during claims processing or by user edits.,VALUE_ADDED_TAX,NUMERIC,False,False,The total Value Added Tax (VAT) charged on a claim.,Claims / Denials,False,False
CLM_VALUES_5,All values associated with a claim are stored in the Claim External Value record. The CLM_VALUES_5 table holds claim-level values set by the system during claims processing or by user edits.,ENC_TYPE,VARCHAR,False,False,The encounter type for a claim. Also known as Admitting Category.,Claims / Denials,False,False
CLM_VALUES_5,All values associated with a claim are stored in the Claim External Value record. The CLM_VALUES_5 table holds claim-level values set by the system during claims processing or by user edits.,ENC_TRANSFER_SOURCE,VARCHAR,False,False,The transfer source location for the encounter on the claim. Also known as Point of Origin.,Claims / Denials,False,False
CLM_VALUES_5,All values associated with a claim are stored in the Claim External Value record. The CLM_VALUES_5 table holds claim-level values set by the system during claims processing or by user edits.,ENC_TRANSFER_DEST,VARCHAR,False,False,The transfer destination for the encounter on the claim. Also known as Discharge Destination.,Claims / Denials,False,False
CLM_VALUES_6,All values associated with a claim are stored in the Claim External Value record. The CLM_VALUES_6 table holds claim-level values set by the system during claims processing or by user edits.,RECORD_ID,NUMERIC,False,False,The unique identifier (.1 item) for the claim value record.,Claims / Denials,False,True
CLM_VALUES_6,All values associated with a claim are stored in the Claim External Value record. The CLM_VALUES_6 table holds claim-level values set by the system during claims processing or by user edits.,RESUBMISSION_COMMENT,VARCHAR,False,False,This item stores the resubmission comments for the claim.,Claims / Denials,False,False
CLM_VALUES_6,All values associated with a claim are stored in the Claim External Value record. The CLM_VALUES_6 table holds claim-level values set by the system during claims processing or by user edits.,SUBSCR_EMPLOYER_PHONE,VARCHAR,False,False,This item holds the subscriber's employer's phone number.,Claims / Denials,False,False
CLM_VALUES_6,All values associated with a claim are stored in the Claim External Value record. The CLM_VALUES_6 table holds claim-level values set by the system during claims processing or by user edits.,PAT_SEX_ASSIGNED_AT_BIRTH,VARCHAR,False,False,Patient Sex Assigned at Birth,Claims / Denials,False,False
CLM_VALUES_6,All values associated with a claim are stored in the Claim External Value record. The CLM_VALUES_6 table holds claim-level values set by the system during claims processing or by user edits.,ENC_START_DATE,DATETIME,False,False,This item stores the encounter start date for the claim.,Claims / Denials,True,False
CLM_VALUES_6,All values associated with a claim are stored in the Claim External Value record. The CLM_VALUES_6 table holds claim-level values set by the system during claims processing or by user edits.,ENC_START_TIME_TM,DATETIME (Local),False,False,This item stores the encounter start time for the claim.,Claims / Denials,False,False
CLM_VALUES_6,All values associated with a claim are stored in the Claim External Value record. The CLM_VALUES_6 table holds claim-level values set by the system during claims processing or by user edits.,ENC_END_DATE,DATETIME,False,False,This item stores the encounter end date for the claim.,Claims / Denials,True,False
CLM_VALUES_6,All values associated with a claim are stored in the Claim External Value record. The CLM_VALUES_6 table holds claim-level values set by the system during claims processing or by user edits.,ENC_END_TIME_TM,DATETIME (Local),False,False,This item stores the encounter end time for the claim.,Claims / Denials,False,False
CLM_VALUES_6,All values associated with a claim are stored in the Claim External Value record. The CLM_VALUES_6 table holds claim-level values set by the system during claims processing or by user edits.,ENC_END_TYPE,VARCHAR,False,False,This item stores the encounter end type for the claim.,Claims / Denials,False,False
CLM_VALUES_6,All values associated with a claim are stored in the Claim External Value record. The CLM_VALUES_6 table holds claim-level values set by the system during claims processing or by user edits.,SVC_PROV_NAME,VARCHAR,False,False,Freetext name assigned to a pharmacy,Claims / Denials,False,False
CLM_VALUES_6,All values associated with a claim are stored in the Claim External Value record. The CLM_VALUES_6 table holds claim-level values set by the system during claims processing or by user edits.,CONTRACT_NUMBER,VARCHAR,False,False,Account number assigned during installation for segments of business.,Claims / Denials,False,False
CLM_VALUES_DENT_STAT,This table contains information for dental-specific tooth statuses (Missing/To Be Extracted).,RECORD_ID,NUMERIC,False,False,The unique identifier for the claim value record.,Claims / Denials,False,True
CLM_VALUES_DENT_STAT,This table contains information for dental-specific tooth statuses (Missing/To Be Extracted).,LINE,INTEGER,False,False,The line number for the information associated with this record. Multiple pieces of information can be associated with this record.,Claims / Denials,False,True
CLM_VALUES_DENT_STAT,This table contains information for dental-specific tooth statuses (Missing/To Be Extracted).,TOOTH_NUM,VARCHAR,False,False,The ADA Universal Numbering System tooth number.,Claims / Denials,False,False
CLM_VALUES_DENT_STAT,This table contains information for dental-specific tooth statuses (Missing/To Be Extracted).,TOOTH_STAT_CODE,VARCHAR,False,False,The current status of the tooth.,Claims / Denials,False,False
CLM_VALUES_PAT_IDENT,This table contains information for patient identifiers.,RECORD_ID,NUMERIC,False,False,The unique identifier for the claim value record,Claims / Denials,False,True
CLM_VALUES_PAT_IDENT,This table contains information for patient identifiers.,LINE,INTEGER,False,False,The line number for the information associated with this record. Multiple pieces of information can be associated with this record.,Claims / Denials,False,True
CLM_VALUES_PAT_IDENT,This table contains information for patient identifiers.,PAT_IDENT_QUAL,VARCHAR,False,False,The type of patient ID being reported.,Claims / Denials,False,False
CLM_VALUES_PAT_IDENT,This table contains information for patient identifiers.,PAT_IDENT,VARCHAR,False,False,Patient identifier. This does not necessarily correspond to a Chronicles Patient ID and should not be used to join to the PATIENT table.,Claims / Denials,False,False
CLM_VALUES_PRESC_PROV_ID,This table contains information for prescribing provider identifiers.,RECORD_ID,NUMERIC,False,False,The unique identifier for the claim value record,Claims / Denials,False,True
CLM_VALUES_PRESC_PROV_ID,This table contains information for prescribing provider identifiers.,LINE,INTEGER,False,False,The line number for the information associated with this record. Multiple pieces of information can be associated with this record.,Claims / Denials,False,True
CLM_VALUES_PRESC_PROV_ID,This table contains information for prescribing provider identifiers.,PROV_IDENT_QUAL,VARCHAR,False,False,Type of prescribing provider ID.,Claims / Denials,False,False
CLM_VALUES_PRESC_PROV_ID,This table contains information for prescribing provider identifiers.,PROV_IDENT,VARCHAR,False,False,Prescribing provider identifier. This does not necessarily correspond to a Chronicles Provider ID and should not be used to join to the CLARITY_SER table.,Claims / Denials,False,False
CLM_VALUES_REFERRAL_DX,This table stores the referral diagnoses associated with the claim.,RECORD_ID,NUMERIC,False,False,The unique identifier for the claim value record.,ICD-10 / Diagnosis coding;Claims / Denials,False,True
CLM_VALUES_REFERRAL_DX,This table stores the referral diagnoses associated with the claim.,LINE,INTEGER,False,False,The line number for the information associated with this record. Multiple pieces of information can be associated with this record.,ICD-10 / Diagnosis coding;Claims / Denials,False,True
CLM_VALUES_REFERRAL_DX,This table stores the referral diagnoses associated with the claim.,REFERRAL_DX,VARCHAR,False,False,The diagnoses stated by the referring provider.,ICD-10 / Diagnosis coding;Claims / Denials,False,False
CLM_VALUES_REFERRAL_DX,This table stores the referral diagnoses associated with the claim.,REFERRAL_DX_QUAL,VARCHAR,False,False,This code set for the diagnoses stated by the referring provider.,ICD-10 / Diagnosis coding;Claims / Denials,False,False
CLM_VALUES_REFERRAL_DX,This table stores the referral diagnoses associated with the claim.,REFERRAL_DX_CODE_SET_OID,VARCHAR,False,False,The OID for the referral diagnosis code set.,ICD-10 / Diagnosis coding;Claims / Denials,False,False
CLM_VALUES_REJECT_CODE,This table contains information for pharmacy claim reject codes.,RECORD_ID,NUMERIC,False,False,The unique identifier for the claim value record,Claims / Denials,False,True
CLM_VALUES_REJECT_CODE,This table contains information for pharmacy claim reject codes.,LINE,INTEGER,False,False,The line number for the information associated with this record. Multiple pieces of information can be associated with this record.,Claims / Denials,False,True
CLM_VALUES_REJECT_CODE,This table contains information for pharmacy claim reject codes.,REJECT_CODE,VARCHAR,False,False,Code indicating the error encountered.,Claims / Denials,False,False
CLM_VALUES_SVC_PROV_ID,This table contains information for service provider identifiers,RECORD_ID,NUMERIC,False,False,The unique identifier for the claim value record,Claims / Denials,False,True
CLM_VALUES_SVC_PROV_ID,This table contains information for service provider identifiers,LINE,INTEGER,False,False,The line number for the information associated with this record. Multiple pieces of information can be associated with this record.,Claims / Denials,False,True
CLM_VALUES_SVC_PROV_ID,This table contains information for service provider identifiers,SVC_PROV_IDENT_QUAL,VARCHAR,False,False,Type of service provider ID.,Claims / Denials,False,False
CLM_VALUES_SVC_PROV_ID,This table contains information for service provider identifiers,SVC_PROV_IDENT,VARCHAR,False,False,Identifier for the service provider/pharmacy.,Claims / Denials,False,False
CLM_VALUES_SVC_PROV_ID,This table contains information for service provider identifiers,SVC_PROV_TAXONOMY,VARCHAR,False,False,Stores the taxonomy code of the pharmacy.,Claims / Denials,False,False
CLM_VALUES_SVC_PROV_ID,This table contains information for service provider identifiers,SVC_PROV_FROM_LINE_YN,VARCHAR,False,False,This item is set to 1-Yes if the provider is populated by rolling line level provider data up to the header level.,Claims / Denials,False,False
CLM_WC_DIAGNOSIS,Worker's comp diagnoses.,CLAIM_ID,NUMERIC,False,False,The unique identifier for the claim information record.,ICD-10 / Diagnosis coding,False,True
CLM_WC_DIAGNOSIS,Worker's comp diagnoses.,LINE,INTEGER,False,False,The line number for the information associated with this record. Multiple pieces of information can be associated with this record.,ICD-10 / Diagnosis coding,False,True
CLM_WC_DIAGNOSIS,Worker's comp diagnoses.,WK_COMP_DX,VARCHAR,False,False,The diagnoses for workers' compensation.,ICD-10 / Diagnosis coding,False,False
CL_ICD_PX,The CL_ICD_PX table is the master table for ICD procedures.,ICD_PX_ID,VARCHAR,False,False,The unique ID of the ICD procedure record.,ICD-10 / Diagnosis coding,False,True
CL_ICD_PX,The CL_ICD_PX table is the master table for ICD procedures.,ICD_PX_ID_ICD_PX_NAME,VARCHAR,False,False,The name of the ICD procedure record.,ICD-10 / Diagnosis coding,False,False
CL_ICD_PX,The CL_ICD_PX table is the master table for ICD procedures.,ICD_PX_NAME,VARCHAR,False,False,The name of the ICD procedure record.,ICD-10 / Diagnosis coding,False,False
COD_ADMISSION_DX,Admission diagnoses for the patient.,CODING_RECORD_ID,NUMERIC,False,False,The unique identifier (.1 item) for the coding record.,ICD-10 / Diagnosis coding,False,True
COD_ADMISSION_DX,Admission diagnoses for the patient.,CONTACT_DATE_REAL,FLOAT,False,False,"A unique contact date in decimal format. The integer portion of the number indicates the date of contact. The digits after the decimal distinguish different contacts on the same date and are unique for each contact on that date. For example, .00 is the first/only contact, .01 is the second contact, etc.",ICD-10 / Diagnosis coding,False,True
COD_ADMISSION_DX,Admission diagnoses for the patient.,LINE,INTEGER,False,False,The line number for the information associated with this contact. Multiple pieces of information can be associated with this contact.,ICD-10 / Diagnosis coding,False,True
COD_ADMISSION_DX,Admission diagnoses for the patient.,CONTACT_DATE,DATETIME,False,False,The date of this contact in calendar format.,ICD-10 / Diagnosis coding,True,False
COD_ADMISSION_DX,Admission diagnoses for the patient.,ADMISSION_DX_ID_DX_NAME,VARCHAR,False,False,The name of the diagnosis.,ICD-10 / Diagnosis coding,False,False
COD_ADMISSION_DX_SOURCE,Source information about the admission diagonsis value.,CODING_RECORD_ID,NUMERIC,False,False,The unique identifier (.1 item) for the coding record.,ICD-10 / Diagnosis coding,False,True
COD_ADMISSION_DX_SOURCE,Source information about the admission diagonsis value.,CONTACT_DATE_REAL,FLOAT,False,False,"A unique contact date in decimal format. The integer portion of the number indicates the date of contact. The digits after the decimal distinguish different contacts on the same date and are unique for each contact on that date. For example, .00 is the first/only contact, .01 is the second contact, etc.",ICD-10 / Diagnosis coding,False,True
COD_ADMISSION_DX_SOURCE,Source information about the admission diagonsis value.,GROUP_LINE,INTEGER,False,False,The line number for the information associated with this contact.,ICD-10 / Diagnosis coding,False,True
COD_ADMISSION_DX_SOURCE,Source information about the admission diagonsis value.,VALUE_LINE,INTEGER,False,False,The line number of one of the multiple values associated with a specific group of data within this contact.,ICD-10 / Diagnosis coding,False,True
COD_ADMISSION_DX_SOURCE,Source information about the admission diagonsis value.,CONTACT_DATE,DATETIME,False,False,The date of this contact in calendar format.,ICD-10 / Diagnosis coding,True,False
COD_ADMISSION_DX_SRC_REF,Source information about the admission diagnosis value. Corresponds to line numbers in the source table.,CODING_RECORD_ID,NUMERIC,False,False,The unique identifier (.1 item) for the coding record.,ICD-10 / Diagnosis coding,False,True
COD_ADMISSION_DX_SRC_REF,Source information about the admission diagnosis value. Corresponds to line numbers in the source table.,CONTACT_DATE_REAL,FLOAT,False,False,"A unique contact date in decimal format. The integer portion of the number indicates the date of contact. The digits after the decimal distinguish different contacts on the same date and are unique for each contact on that date. For example, .00 is the first/only contact, .01 is the second contact, etc.",ICD-10 / Diagnosis coding,False,True
COD_ADMISSION_DX_SRC_REF,Source information about the admission diagnosis value. Corresponds to line numbers in the source table.,GROUP_LINE,INTEGER,False,False,The line number for the information associated with this contact.,ICD-10 / Diagnosis coding,False,True
COD_ADMISSION_DX_SRC_REF,Source information about the admission diagnosis value. Corresponds to line numbers in the source table.,VALUE_LINE,INTEGER,False,False,The line number of one of the multiple values associated with a specific group of data within this contact.,ICD-10 / Diagnosis coding,False,True
COD_ADMISSION_DX_SRC_REF,Source information about the admission diagnosis value. Corresponds to line numbers in the source table.,CONTACT_DATE,DATETIME,False,False,The date of this contact in calendar format.,ICD-10 / Diagnosis coding,True,False
COD_CPT_CODE,CPT/HCPCs codes for the patient.,CODING_RECORD_ID,NUMERIC,False,False,The unique identifier (.1 item) for the coding record.,E/M level / CPT coding,False,True
COD_CPT_CODE,CPT/HCPCs codes for the patient.,CONTACT_DATE_REAL,FLOAT,False,False,"A unique contact date in decimal format. The integer portion of the number indicates the date of contact. The digits after the decimal distinguish different contacts on the same date and are unique for each contact on that date. For example, .00 is the first/only contact, .01 is the second contact, etc.",E/M level / CPT coding,False,True
COD_CPT_CODE,CPT/HCPCs codes for the patient.,LINE,INTEGER,False,False,The line number for the information associated with this contact. Multiple pieces of information can be associated with this contact.,E/M level / CPT coding,False,True
COD_CPT_CODE,CPT/HCPCs codes for the patient.,CONTACT_DATE,DATETIME,False,False,The date of this contact in calendar format.,E/M level / CPT coding,True,False
COD_CPT_CODE,CPT/HCPCs codes for the patient.,CPT_CODE,VARCHAR,False,False,CPT/HCPCs codes for the patient.,E/M level / CPT coding,False,False
COD_CPT_CODE,CPT/HCPCs codes for the patient.,CPT_DATE,DATETIME,False,False,Stores the date of the associated CPT/HCPCS procedure code.,E/M level / CPT coding,True,False
COD_CPT_CODE,CPT/HCPCs codes for the patient.,CPT_PROV_ID_PROV_NAME,VARCHAR,False,False,The name of the service provider. This item may be hidden in a public view of the CLARITY_SER table.,E/M level / CPT coding,False,False
COD_CPT_CODE,CPT/HCPCs codes for the patient.,CPT_MODIFIERS,VARCHAR,False,False,Stores the modifiers associated with a CPT/HCPCS procedure code.,E/M level / CPT coding,False,False
COD_CPT_CODE_SOURCE,Source information about the CPT/HCPCs values.,CODING_RECORD_ID,NUMERIC,False,False,The unique identifier (.1 item) for the coding record.,E/M level / CPT coding,False,True
COD_CPT_CODE_SOURCE,Source information about the CPT/HCPCs values.,CONTACT_DATE_REAL,FLOAT,False,False,"A unique contact date in decimal format. The integer portion of the number indicates the date of contact. The digits after the decimal distinguish different contacts on the same date and are unique for each contact on that date. For example, .00 is the first/only contact, .01 is the second contact, etc.",E/M level / CPT coding,False,True
COD_CPT_CODE_SOURCE,Source information about the CPT/HCPCs values.,GROUP_LINE,INTEGER,False,False,The line number for the information associated with this contact.,E/M level / CPT coding,False,True
COD_CPT_CODE_SOURCE,Source information about the CPT/HCPCs values.,VALUE_LINE,INTEGER,False,False,The line number of one of the multiple values associated with a specific group of data within this contact.,E/M level / CPT coding,False,True
COD_CPT_CODE_SOURCE,Source information about the CPT/HCPCs values.,CONTACT_DATE,DATETIME,False,False,The date of this contact in calendar format.,E/M level / CPT coding,True,False
COD_CPT_CODE_SRC_REFERENC,Source information about the CPT/HCPCs values. Corresponds to line numbers in the source table.,CODING_RECORD_ID,NUMERIC,False,False,The unique identifier (.1 item) for the coding record.,E/M level / CPT coding,False,True
COD_CPT_CODE_SRC_REFERENC,Source information about the CPT/HCPCs values. Corresponds to line numbers in the source table.,CONTACT_DATE_REAL,FLOAT,False,False,"A unique contact date in decimal format. The integer portion of the number indicates the date of contact. The digits after the decimal distinguish different contacts on the same date and are unique for each contact on that date. For example, .00 is the first/only contact, .01 is the second contact, etc.",E/M level / CPT coding,False,True
COD_CPT_CODE_SRC_REFERENC,Source information about the CPT/HCPCs values. Corresponds to line numbers in the source table.,GROUP_LINE,INTEGER,False,False,The line number for the information associated with this contact.,E/M level / CPT coding,False,True
COD_CPT_CODE_SRC_REFERENC,Source information about the CPT/HCPCs values. Corresponds to line numbers in the source table.,VALUE_LINE,INTEGER,False,False,The line number of one of the multiple values associated with a specific group of data within this contact.,E/M level / CPT coding,False,True
COD_CPT_CODE_SRC_REFERENC,Source information about the CPT/HCPCs values. Corresponds to line numbers in the source table.,CONTACT_DATE,DATETIME,False,False,The date of this contact in calendar format.,E/M level / CPT coding,True,False
COD_ICD_PROC_SOURCE,The source of the ICD Procedure.,CODING_RECORD_ID,NUMERIC,False,False,The unique identifier (.1 item) for the coding record.,ICD-10 / Diagnosis coding,False,True
COD_ICD_PROC_SOURCE,The source of the ICD Procedure.,CONTACT_DATE_REAL,FLOAT,False,False,"A unique contact date in decimal format. The integer portion of the number indicates the date of contact. The digits after the decimal distinguish different contacts on the same date and are unique for each contact on that date. For example, .00 is the first/only contact, .01 is the second contact, etc.",ICD-10 / Diagnosis coding,False,True
COD_ICD_PROC_SOURCE,The source of the ICD Procedure.,GROUP_LINE,INTEGER,False,False,The line number for the information associated with this contact.,ICD-10 / Diagnosis coding,False,True
COD_ICD_PROC_SOURCE,The source of the ICD Procedure.,VALUE_LINE,INTEGER,False,False,The line number of one of the multiple values associated with a specific group of data within this contact.,ICD-10 / Diagnosis coding,False,True
COD_ICD_PROC_SOURCE,The source of the ICD Procedure.,CONTACT_DATE,DATETIME,False,False,The date of this contact in calendar format.,ICD-10 / Diagnosis coding,True,False
COD_ICD_PROC_SRC_REFERENC,Source references for the ICD procedures.,CODING_RECORD_ID,NUMERIC,False,False,The unique identifier (.1 item) for the coding record.,ICD-10 / Diagnosis coding,False,True
COD_ICD_PROC_SRC_REFERENC,Source references for the ICD procedures.,CONTACT_DATE_REAL,FLOAT,False,False,"A unique contact date in decimal format. The integer portion of the number indicates the date of contact. The digits after the decimal distinguish different contacts on the same date and are unique for each contact on that date. For example, .00 is the first/only contact, .01 is the second contact, etc.",ICD-10 / Diagnosis coding,False,True
COD_ICD_PROC_SRC_REFERENC,Source references for the ICD procedures.,GROUP_LINE,INTEGER,False,False,The line number for the information associated with this contact.,ICD-10 / Diagnosis coding,False,True
COD_ICD_PROC_SRC_REFERENC,Source references for the ICD procedures.,VALUE_LINE,INTEGER,False,False,The line number of one of the multiple values associated with a specific group of data within this contact.,ICD-10 / Diagnosis coding,False,True
COD_ICD_PROC_SRC_REFERENC,Source references for the ICD procedures.,CONTACT_DATE,DATETIME,False,False,The date of this contact in calendar format.,ICD-10 / Diagnosis coding,True,False
COD_PRIMARY_DX_SOURCE,Source information for the primary diagnosis.,CODING_RECORD_ID,NUMERIC,False,False,The unique identifier (.1 item) for the coding record.,ICD-10 / Diagnosis coding,False,True
COD_PRIMARY_DX_SOURCE,Source information for the primary diagnosis.,CONTACT_DATE_REAL,FLOAT,False,False,"A unique contact date in decimal format. The integer portion of the number indicates the date of contact. The digits after the decimal distinguish different contacts on the same date and are unique for each contact on that date. For example, .00 is the first/only contact, .01 is the second contact, etc.",ICD-10 / Diagnosis coding,False,True
COD_PRIMARY_DX_SOURCE,Source information for the primary diagnosis.,GROUP_LINE,INTEGER,False,False,The line number for the information associated with this contact.,ICD-10 / Diagnosis coding,False,True
COD_PRIMARY_DX_SOURCE,Source information for the primary diagnosis.,VALUE_LINE,INTEGER,False,False,The line number of one of the multiple values associated with a specific group of data within this contact.,ICD-10 / Diagnosis coding,False,True
COD_PRIMARY_DX_SOURCE,Source information for the primary diagnosis.,CONTACT_DATE,DATETIME,False,False,The date of this contact in calendar format.,ICD-10 / Diagnosis coding,True,False
COD_PRIM_DX_SRC_REFERENCE,Source references for the primary diagnosis.,CODING_RECORD_ID,NUMERIC,False,False,The unique identifier (.1 item) for the coding record.,ICD-10 / Diagnosis coding,False,True
COD_PRIM_DX_SRC_REFERENCE,Source references for the primary diagnosis.,CONTACT_DATE_REAL,FLOAT,False,False,"A unique contact date in decimal format. The integer portion of the number indicates the date of contact. The digits after the decimal distinguish different contacts on the same date and are unique for each contact on that date. For example, .00 is the first/only contact, .01 is the second contact, etc.",ICD-10 / Diagnosis coding,False,True
COD_PRIM_DX_SRC_REFERENCE,Source references for the primary diagnosis.,GROUP_LINE,INTEGER,False,False,The line number for the information associated with this contact.,ICD-10 / Diagnosis coding,False,True
COD_PRIM_DX_SRC_REFERENCE,Source references for the primary diagnosis.,VALUE_LINE,INTEGER,False,False,The line number of one of the multiple values associated with a specific group of data within this contact.,ICD-10 / Diagnosis coding,False,True
COD_PRIM_DX_SRC_REFERENCE,Source references for the primary diagnosis.,CONTACT_DATE,DATETIME,False,False,The date of this contact in calendar format.,ICD-10 / Diagnosis coding,True,False
COMPLICATION_DX_MODE,The COMPLICATION_DX_MODE table contains the test or technique used to diagnose the patient.,PROBLEM_LIST_ID,NUMERIC,False,False,The unique identifier for the problem record.,ICD-10 / Diagnosis coding,False,True
COMPLICATION_DX_MODE,The COMPLICATION_DX_MODE table contains the test or technique used to diagnose the patient.,LINE,INTEGER,False,False,The line number for the information associated with this record. Multiple pieces of information can be associated with this record.,ICD-10 / Diagnosis coding,False,True
COMPLICATION_DX_MODE,The COMPLICATION_DX_MODE table contains the test or technique used to diagnose the patient.,MODE_OF_DX_C_NAME,VARCHAR,True,False,This item indicates the test or technique used to diagnose the patient.,ICD-10 / Diagnosis coding,False,False
CRR_SUBMISSION_DX,This table contains the list of diagnoses for a chart review record submission.,CLAIM_RECON_ID,VARCHAR,False,False,The unique identifier (.1 item) for the claim status update record.,ICD-10 / Diagnosis coding,False,True
CRR_SUBMISSION_DX,This table contains the list of diagnoses for a chart review record submission.,LINE,INTEGER,False,False,The line number for the information associated with this record. Multiple pieces of information can be associated with this record.,ICD-10 / Diagnosis coding,False,True
CRR_SUBMISSION_DX,This table contains the list of diagnoses for a chart review record submission.,CR_SUBMISSION_DX_ID_DX_NAME,VARCHAR,False,False,The name of the diagnosis.,ICD-10 / Diagnosis coding,False,False
CUST_SERVICE_TRANS_DX,The CUST_SERVICE_TRANS_DX table contains diagnosis-related information collected for a transfer patient in both free text and coded form.,COMM_ID,NUMERIC,False,False,The unique identifier for the customer service communication.,ICD-10 / Diagnosis coding,False,True
CUST_SERVICE_TRANS_DX,The CUST_SERVICE_TRANS_DX table contains diagnosis-related information collected for a transfer patient in both free text and coded form.,LINE,INTEGER,False,False,The line number for the information associated with this record. Multiple pieces of information can be associated with this record.,ICD-10 / Diagnosis coding,False,True
CUST_SERVICE_TRANS_DX,The CUST_SERVICE_TRANS_DX table contains diagnosis-related information collected for a transfer patient in both free text and coded form.,TRANS_DX_TEXT,VARCHAR,False,False,Free text diagnoses for the transfer patient.,ICD-10 / Diagnosis coding,False,False
CUST_SERVICE_TRANS_DX,The CUST_SERVICE_TRANS_DX table contains diagnosis-related information collected for a transfer patient in both free text and coded form.,TRANS_DX_ID_DX_NAME,VARCHAR,False,False,The name of the diagnosis.,ICD-10 / Diagnosis coding,False,False
CUST_SERVICE_TRANS_DX,The CUST_SERVICE_TRANS_DX table contains diagnosis-related information collected for a transfer patient in both free text and coded form.,TRANS_DX_CATEGORY_C_NAME,VARCHAR,True,False,"Enter the diagnosis category for the transfer patient. If an encounter is created from this request, data from this item will be copied to I EPT 10151.",ICD-10 / Diagnosis coding,False,False
CVG_MEM_RISK_ADJ_FACT,This table holds member level risk adjustment factor.,CVG_ID,NUMERIC,False,False,The unique identifier for the coverage record.,HCC / Risk adjustment,False,True
CVG_MEM_RISK_ADJ_FACT,This table holds member level risk adjustment factor.,LINE,INTEGER,False,False,The line number for the information associated with this record. Multiple pieces of information can be associated with this record.,HCC / Risk adjustment,False,True
CVG_MEM_RISK_ADJ_FACT,This table holds member level risk adjustment factor.,PAT_ID,VARCHAR,False,False,The member that the risk adjustment factor applies to.,HCC / Risk adjustment,False,False
CVG_MEM_RISK_ADJ_FACT,This table holds member level risk adjustment factor.,EFF_DATE,DATETIME,False,False,The effective date of the risk adjustment factor.,HCC / Risk adjustment,True,False
CVG_MEM_RISK_ADJ_FACT,This table holds member level risk adjustment factor.,TERM_DATE,DATETIME,False,False,The termination date of the risk adjustment factor.,HCC / Risk adjustment,True,False
CVG_MEM_RISK_ADJ_FACT,This table holds member level risk adjustment factor.,RISK_ADJ_FACT_MODEL_C_NAME,VARCHAR,True,False,The model of the risk adjustment factor.,HCC / Risk adjustment,False,False
CVG_MEM_RISK_ADJ_FACT,This table holds member level risk adjustment factor.,RISK_ADJ_FACT_TYPE_C_NAME,VARCHAR,True,False,The type of the risk adjustment factor.,HCC / Risk adjustment,False,False
CVG_MEM_RISK_ADJ_FACT,This table holds member level risk adjustment factor.,RISK_ADJ_FACTOR,NUMERIC,False,False,The risk adjustment factor.,HCC / Risk adjustment,False,False
CVG_MEM_RISK_ADJ_FACT_HX,The historical values of the CVG_MEM_RISK_ADJ_FACT table over time.,CVG_ID,NUMERIC,False,False,The unique identifier for the coverage record.,HCC / Risk adjustment,False,True
CVG_MEM_RISK_ADJ_FACT_HX,The historical values of the CVG_MEM_RISK_ADJ_FACT table over time.,LINE,INTEGER,False,False,The line number for the information associated with this contact. Multiple pieces of information can be associated with this record.,HCC / Risk adjustment,False,True
CVG_MEM_RISK_ADJ_FACT_HX,The historical values of the CVG_MEM_RISK_ADJ_FACT table over time.,PAT_ID,VARCHAR,False,False,The member that the risk adjustment factor applies to.,HCC / Risk adjustment,False,False
CVG_MEM_RISK_ADJ_FACT_HX,The historical values of the CVG_MEM_RISK_ADJ_FACT table over time.,EFF_DATE,DATETIME,False,False,The effective date of the risk adjustment factor.,HCC / Risk adjustment,True,False
CVG_MEM_RISK_ADJ_FACT_HX,The historical values of the CVG_MEM_RISK_ADJ_FACT table over time.,TERM_DATE,DATETIME,False,False,The termination date of the risk adjustment factor.,HCC / Risk adjustment,True,False
CVG_MEM_RISK_ADJ_FACT_HX,The historical values of the CVG_MEM_RISK_ADJ_FACT table over time.,RISK_ADJ_FACT_MODEL_C_NAME,VARCHAR,True,False,The model of the risk adjustment factor.,HCC / Risk adjustment,False,False
CVG_MEM_RISK_ADJ_FACT_HX,The historical values of the CVG_MEM_RISK_ADJ_FACT table over time.,RISK_ADJ_FACT_TYPE_C_NAME,VARCHAR,True,False,The type of the risk adjustment factor.,HCC / Risk adjustment,False,False
CVG_MEM_RISK_ADJ_FACT_HX,The historical values of the CVG_MEM_RISK_ADJ_FACT table over time.,RSK_ADJ_FACTOR,NUMERIC,False,False,The risk adjustment factor.,HCC / Risk adjustment,False,False
CVG_MEM_RISK_ADJ_FACT_HX,The historical values of the CVG_MEM_RISK_ADJ_FACT table over time.,ITM_HX_START_LOCAL_DTTM,DATETIME (Local),False,False,The start instant of when the coverage/line combination is valid in local time.,HCC / Risk adjustment,False,False
CVG_MEM_RISK_ADJ_FACT_HX,The historical values of the CVG_MEM_RISK_ADJ_FACT table over time.,ITM_HX_START_UTC_DTTM,DATETIME (UTC),False,False,The start instant of when the coverage/line combination is valid in UTC.,HCC / Risk adjustment,False,False
CVG_MEM_RISK_ADJ_FACT_HX,The historical values of the CVG_MEM_RISK_ADJ_FACT table over time.,ITM_HX_END_LOCAL_DTTM,DATETIME (Local),False,False,The end instant of when the coverage/line combination is valid in local time.,HCC / Risk adjustment,False,False
CVG_MEM_RISK_ADJ_FACT_HX,The historical values of the CVG_MEM_RISK_ADJ_FACT table over time.,ITM_HX_END_UTC_DTTM,DATETIME (UTC),False,False,The end instant of when the coverage/line combination is valid in UTC.,HCC / Risk adjustment,False,False
CVG_MEM_RISK_ADJ_FACT_HX,The historical values of the CVG_MEM_RISK_ADJ_FACT table over time.,CVG_ITM_HX_REL_ACT_GUID,VARCHAR,False,False,This ID links this audit batch to one or more actions in the coverage action history table.,HCC / Risk adjustment,False,True
DENTAL_PROC_DIAGNOSES,This table contains information about associated diagnoses for a procedure.,FINDING_ID,NUMERIC,False,False,The unique identifier for the finding record,ICD-10 / Diagnosis coding,False,True
DENTAL_PROC_DIAGNOSES,This table contains information about associated diagnoses for a procedure.,LINE,INTEGER,False,False,The line number for the information associated with this record. Multiple pieces of information can be associated with this record.,ICD-10 / Diagnosis coding,False,True
DENTAL_PROC_DIAGNOSES,This table contains information about associated diagnoses for a procedure.,DENTAL_DX_ID_DX_NAME,VARCHAR,False,False,The name of the diagnosis.,ICD-10 / Diagnosis coding,False,False
DENTAL_RES_DX_HX_RM,This table extracts the related multiple response Dental: Associated Diagnoses History (I RES 17519) item.,FINDING_ID,NUMERIC,False,False,The unique identifier for the finding record,ICD-10 / Diagnosis coding,False,True
DENTAL_RES_DX_HX_RM,This table extracts the related multiple response Dental: Associated Diagnoses History (I RES 17519) item.,GROUP_LINE,INTEGER,False,False,"The line number of the historical instant in the dental procedure record. Together with FINDING_ID, this forms the foreign key to the DENTAL_RES_DX_HX table.",ICD-10 / Diagnosis coding,False,True
DENTAL_RES_DX_HX_RM,This table extracts the related multiple response Dental: Associated Diagnoses History (I RES 17519) item.,VALUE_LINE,INTEGER,False,False,The line number of one of the multiple diagnoses associated with the procedure and the historical instant from the DENTAL_RES_DX_HX table,ICD-10 / Diagnosis coding,False,True
DENTAL_RES_DX_HX_RM,This table extracts the related multiple response Dental: Associated Diagnoses History (I RES 17519) item.,DENTAL_DX_HX_ID_DX_NAME,VARCHAR,False,False,The name of the diagnosis.,ICD-10 / Diagnosis coding,False,False
DIAGNOSIS_REVIEW,This table stores the log diagnosis review status.,LOG_ID,VARCHAR,False,False,The unique identifier for the log record.,ICD-10 / Diagnosis coding,False,True
DIAGNOSIS_REVIEW,This table stores the log diagnosis review status.,LINE,INTEGER,False,False,The line number for the information associated with this record. Multiple pieces of information can be associated with this record.,ICD-10 / Diagnosis coding,False,True
DIAGNOSIS_REVIEW,This table stores the log diagnosis review status.,DIAGNOSIS_REVIEW_C_NAME,VARCHAR,True,False,The review of the diagnosis.,ICD-10 / Diagnosis coding,False,False
DIFF_DX_MOD_TYPE,This item stores the types of modifiers that have been applied to this diagnosis.,PAT_ENC_CSN_ID,NUMERIC,False,False,"The unique contact serial number for this contact. This number is unique across all patient encounters in your system. If you use IntraConnect, this is the Unique Contact Identifier (UCI).",ICD-10 / Diagnosis coding,False,True
DIFF_DX_MOD_TYPE,This item stores the types of modifiers that have been applied to this diagnosis.,GROUP_LINE,INTEGER,False,False,The line number for the information associated with this contact.,ICD-10 / Diagnosis coding,False,True
DIFF_DX_MOD_TYPE,This item stores the types of modifiers that have been applied to this diagnosis.,VALUE_LINE,INTEGER,False,False,The line number of one of the multiple modifiers associated with a specific diagnosis within this contact.,ICD-10 / Diagnosis coding,False,True
DIFF_DX_MOD_TYPE,This item stores the types of modifiers that have been applied to this diagnosis.,PAT_ENC_DATE_REAL,FLOAT,False,False,"A unique contact date in decimal format. The integer portion of the number indicates the date of contact. The digits after the decimal distinguish different contacts on the same date and are unique for each contact on that date. For example, .00 is the first/only contact, .01 is the second contact, etc.",ICD-10 / Diagnosis coding,False,False
DIFF_DX_MOD_TYPE,This item stores the types of modifiers that have been applied to this diagnosis.,CONTACT_DATE,DATETIME,False,False,The date of this contact in calendar format.,ICD-10 / Diagnosis coding,True,False
DIFF_DX_MOD_TYPE,This item stores the types of modifiers that have been applied to this diagnosis.,DDX_MODIFIER_TYPE_C_NAME,VARCHAR,True,False,"Stores the types of selected modifiers when a diagnosis is copied from the problem list, for example the laterality or chronicity of a problem.",ICD-10 / Diagnosis coding,False,False
DIFF_DX_MOD_VALUES,This item stores the values of the modifiers selected for this diagnosis.,PAT_ENC_CSN_ID,NUMERIC,False,False,"The unique contact serial number for this contact. This number is unique across all patient encounters in your system. If you use IntraConnect, this is the Unique Contact Identifier (UCI).",ICD-10 / Diagnosis coding,False,True
DIFF_DX_MOD_VALUES,This item stores the values of the modifiers selected for this diagnosis.,GROUP_LINE,INTEGER,False,False,The line number of one of the diagnoses associated with this contact.,ICD-10 / Diagnosis coding,False,True
DIFF_DX_MOD_VALUES,This item stores the values of the modifiers selected for this diagnosis.,VALUE_LINE,INTEGER,False,False,The line number of one of the multiple modifiers associated with a specific differential diagnosis within this contact.,ICD-10 / Diagnosis coding,False,True
DIFF_DX_MOD_VALUES,This item stores the values of the modifiers selected for this diagnosis.,PAT_ENC_DATE_REAL,FLOAT,False,False,"A unique contact date in decimal format. The integer portion of the number indicates the date of contact. The digits after the decimal distinguish different contacts on the same date and are unique for each contact on that date. For example, .00 is the first/only contact, .01 is the second contact, etc.",ICD-10 / Diagnosis coding,False,False
DIFF_DX_MOD_VALUES,This item stores the values of the modifiers selected for this diagnosis.,CONTACT_DATE,DATETIME,False,False,The date of this contact in calendar format.,ICD-10 / Diagnosis coding,True,False
DIFF_DX_MOD_VALUES,This item stores the values of the modifiers selected for this diagnosis.,DDX_MODIFIER_VALS_C_NAME,VARCHAR,True,False,"Stores the values of the modifiers selected when a diagnosis is copied from the problem list, for example the laterality or chronicity of a problem.",ICD-10 / Diagnosis coding,False,False
DOCS_RCVD_DX,This table stores discrete diagnosis information received from outside sources.,DOCUMENT_ID,NUMERIC,False,False,This item stores the Received Document record ID.,ICD-10 / Diagnosis coding,False,True
DOCS_RCVD_DX,This table stores discrete diagnosis information received from outside sources.,CONTACT_DATE_REAL,FLOAT,False,False,"A unique contact date in decimal format. The integer portion of the number indicates the date of contact. The digits after the decimal distinguish different contacts on the same date and are unique for each contact on that date. For example, .00 is the first/only contact, .01 is the second contact, etc.",ICD-10 / Diagnosis coding,False,True
DOCS_RCVD_DX,This table stores discrete diagnosis information received from outside sources.,LINE,INTEGER,False,False,The line number for the information associated with this contact. Multiple pieces of information can be associated with this contact.,ICD-10 / Diagnosis coding,False,True
DOCS_RCVD_DX,This table stores discrete diagnosis information received from outside sources.,CONTACT_DATE,DATETIME,False,False,The date of this contact in calendar format.,ICD-10 / Diagnosis coding,True,False
DOCS_RCVD_DX,This table stores discrete diagnosis information received from outside sources.,DX_REF_ID,VARCHAR,False,False,Reference ID for this diagnosis.,ICD-10 / Diagnosis coding,False,False
DOCS_RCVD_DX,This table stores discrete diagnosis information received from outside sources.,DX_ENC_ID,VARCHAR,False,False,Reference ID of the encounter associated with this diagnosis.,ICD-10 / Diagnosis coding,False,False
DOCS_RCVD_DX,This table stores discrete diagnosis information received from outside sources.,DX_NAME,VARCHAR,False,False,Display name of this diagnosis.,ICD-10 / Diagnosis coding,False,False
DOCS_RCVD_DX,This table stores discrete diagnosis information received from outside sources.,DX_CONTEXT_C_NAME,VARCHAR,False,False,The type of diagnosis.,ICD-10 / Diagnosis coding,False,False
DOCS_RCVD_DX,This table stores discrete diagnosis information received from outside sources.,DX_SRC_CSN,NUMERIC,False,False,Contains the Contact Serial Number (CSN) of the source external document record that has the external diagnosis information.,ICD-10 / Diagnosis coding,False,False
DOCS_RCVD_DX,This table stores discrete diagnosis information received from outside sources.,DX_START_DTTM,DATETIME (Local),False,False,Start time for this diagnosis.,ICD-10 / Diagnosis coding,False,False
DOCS_RCVD_DX,This table stores discrete diagnosis information received from outside sources.,DX_END_DTTM,DATETIME (Local),False,False,End time for this diagnosis.,ICD-10 / Diagnosis coding,False,False
DOCS_RCVD_DX,This table stores discrete diagnosis information received from outside sources.,DX_EDG_ID_DX_NAME,VARCHAR,False,False,The name of the diagnosis.,ICD-10 / Diagnosis coding,False,False
DOCS_RCVD_DX,This table stores discrete diagnosis information received from outside sources.,DX_LST_UPD_INST_DTTM,DATETIME (UTC),False,False,Stores the last update instant of the diagnosis in UTC.,ICD-10 / Diagnosis coding,False,False
DOCS_RCVD_DX,This table stores discrete diagnosis information received from outside sources.,DX_PRIMARY_YN,VARCHAR,False,False,Denotes if this diagnosis is the primary diagnosis.,ICD-10 / Diagnosis coding,False,False
DOCS_RCVD_DX,This table stores discrete diagnosis information received from outside sources.,DX_FILTER_RSN_C_NAME,VARCHAR,False,False,Stores the reason why an external diagnosis should be filtered from the composite external document record,ICD-10 / Diagnosis coding,False,False
DOCS_RCVD_DX,This table stores discrete diagnosis information received from outside sources.,DX_IS_ED_YN,VARCHAR,False,False,Denotes if this diagnosis was made in the ED.,ICD-10 / Diagnosis coding,False,False
DOCS_RCVD_DX,This table stores discrete diagnosis information received from outside sources.,DX_BULK_STAT_C_NAME,VARCHAR,False,False,The status of this data element within DINE.,ICD-10 / Diagnosis coding,False,False
DOCS_RCVD_DX,This table stores discrete diagnosis information received from outside sources.,DX_BULK_INCL_DATE,DATETIME,False,False,"The date to compare to the change tracking window when loading flat files in bulk via DINE. If the date is within the window, but the data element is missing from the load, then the data element is invalidated.",ICD-10 / Diagnosis coding,True,False
DOCS_RCVD_DX,This table stores discrete diagnosis information received from outside sources.,DX_GENERIC_NAME,VARCHAR,False,False,"The generic name for an Ambient-detected dianosis, representing what was heard in the visit recording.",ICD-10 / Diagnosis coding,False,False
DOCS_RCVD_DX,This table stores discrete diagnosis information received from outside sources.,DX_BEST_MATCH_DX_REFID,VARCHAR,False,False,"For an Ambient diagnosis, stores the ID from I DXR 11300 of the Ambient diagnosis that this is an alternative to. This allows Ambient vendors to send multiple variations of a single detected diagnosis for a provider to choose from.",ICD-10 / Diagnosis coding,False,False
DOCS_RCVD_DX,This table stores discrete diagnosis information received from outside sources.,DX_CONFIDENCE_RANK,INTEGER,False,False,"Ranking of confidence in an Ambient-detected diagnosis, compared to other alternatives presented, with 1 being the most confident.",ICD-10 / Diagnosis coding,False,False
DOCS_RCVD_DX,This table stores discrete diagnosis information received from outside sources.,DX_STATE_HOLOGRAM_ID,NUMERIC,False,False,ID of the HOL record storing the current state of an Ambient-detected diagnosis,ICD-10 / Diagnosis coding,False,False
DOCS_RCVD_DX,This table stores discrete diagnosis information received from outside sources.,DX_TOPIC_NAME,VARCHAR,False,False,"The topic name for an Ambient-detected diagnosis. Diagnoses that share a topic name will be grouped together under that name when presented to the user in the ""Heard In Visit Recording"" workflow.",ICD-10 / Diagnosis coding,False,False
DOCS_RCVD_DX,This table stores discrete diagnosis information received from outside sources.,DX_NOTED_DATE,DATETIME,False,False,"This item stores the noted date for the visit diagnosis from a hospital admission, which comes from the hospital problem list.",ICD-10 / Diagnosis coding,True,False
DOCS_RCVD_DX,This table stores discrete diagnosis information received from outside sources.,DX_DOCUMENTED_INST_UTC_DTTM,DATETIME (UTC),False,False,This item stores the instant the diagnosis was first documented in UTC.,ICD-10 / Diagnosis coding,False,False
DOCS_RCVD_DX,This table stores discrete diagnosis information received from outside sources.,DX_POA_C_NAME,VARCHAR,True,False,This item stores the present on admission category value for the diagnosis.,ICD-10 / Diagnosis coding,False,False
DOCS_RCVD_DX_CD_CMPLD,"This table stores the data type, coding system, and code data received for a diagnosis reference ID.",DOCUMENT_ID,NUMERIC,False,False,This item stores the Received Document record ID.,ICD-10 / Diagnosis coding,False,True
DOCS_RCVD_DX_CD_CMPLD,"This table stores the data type, coding system, and code data received for a diagnosis reference ID.",CONTACT_DATE_REAL,FLOAT,False,False,"A unique contact date in decimal format. The integer portion of the number indicates the date of contact. The digits after the decimal distinguish different contacts on the same date and are unique for each contact on that date. For example, .00 is the first/only contact, .01 is the second contact, etc.",ICD-10 / Diagnosis coding,False,True
DOCS_RCVD_DX_CD_CMPLD,"This table stores the data type, coding system, and code data received for a diagnosis reference ID.",GROUP_LINE,INTEGER,False,False,The line number for the information associated with this contact.,ICD-10 / Diagnosis coding,False,True
DOCS_RCVD_DX_CD_CMPLD,"This table stores the data type, coding system, and code data received for a diagnosis reference ID.",VALUE_LINE,INTEGER,False,False,The line number of one of the multiple values associated with a specific group of data within this contact.,ICD-10 / Diagnosis coding,False,True
DOCS_RCVD_DX_CD_CMPLD,"This table stores the data type, coding system, and code data received for a diagnosis reference ID.",CONTACT_DATE,DATETIME,False,False,The date of this contact in calendar format.,ICD-10 / Diagnosis coding,True,False
DOCS_RCVD_DX_CD_CMPLD,"This table stores the data type, coding system, and code data received for a diagnosis reference ID.",DATA_TYPE_C,INTEGER,False,False,The mapping data type.,ICD-10 / Diagnosis coding,False,False
DOCS_RCVD_DX_CD_CMPLD,"This table stores the data type, coding system, and code data received for a diagnosis reference ID.",CODING_SYSTEM,VARCHAR,False,False,The mapping coding system associated with the code to represent the data.,ICD-10 / Diagnosis coding,False,False
DOCS_RCVD_DX_CD_CMPLD,"This table stores the data type, coding system, and code data received for a diagnosis reference ID.",CODE,VARCHAR,False,False,The mapping code associated with the coding system to represent the data.,ICD-10 / Diagnosis coding,False,False
DOCS_RCVD_DX_CD_DISPNM,This table stores the display name of all the mapping codes for one diagnosis reference ID.,DOCUMENT_ID,NUMERIC,False,False,This item stores the Received Document record ID.,ICD-10 / Diagnosis coding,False,True
DOCS_RCVD_DX_CD_DISPNM,This table stores the display name of all the mapping codes for one diagnosis reference ID.,CONTACT_DATE_REAL,FLOAT,False,False,"A unique contact date in decimal format. The integer portion of the number indicates the date of contact. The digits after the decimal distinguish different contacts on the same date and are unique for each contact on that date. For example, .00 is the first/only contact, .01 is the second contact, etc.",ICD-10 / Diagnosis coding,False,True
DOCS_RCVD_DX_CD_DISPNM,This table stores the display name of all the mapping codes for one diagnosis reference ID.,GROUP_LINE,INTEGER,False,False,The line number for the information associated with this contact.,ICD-10 / Diagnosis coding,False,True
DOCS_RCVD_DX_CD_DISPNM,This table stores the display name of all the mapping codes for one diagnosis reference ID.,VALUE_LINE,INTEGER,False,False,The line number of one of the multiple values associated with a specific group of data within this contact.,ICD-10 / Diagnosis coding,False,True
DOCS_RCVD_DX_CD_DISPNM,This table stores the display name of all the mapping codes for one diagnosis reference ID.,CONTACT_DATE,DATETIME,False,False,The date of this contact in calendar format.,ICD-10 / Diagnosis coding,True,False
DOCS_RCVD_DX_CD_DISPNM,This table stores the display name of all the mapping codes for one diagnosis reference ID.,DISPLAY_NAME,VARCHAR,False,False,The display names of all the mapping codes for one diagnosis reference ID,ICD-10 / Diagnosis coding,False,False
DOCS_RCVD_DX_CD_NLFLVR,This table stores the nullFlavor values of all the mapping codes for one diagnosis reference ID.,DOCUMENT_ID,NUMERIC,False,False,This item stores the Received Document record ID.,ICD-10 / Diagnosis coding,False,True
DOCS_RCVD_DX_CD_NLFLVR,This table stores the nullFlavor values of all the mapping codes for one diagnosis reference ID.,CONTACT_DATE_REAL,FLOAT,False,False,"A unique contact date in decimal format. The integer portion of the number indicates the date of contact. The digits after the decimal distinguish different contacts on the same date and are unique for each contact on that date. For example, .00 is the first/only contact, .01 is the second contact, etc.",ICD-10 / Diagnosis coding,False,True
DOCS_RCVD_DX_CD_NLFLVR,This table stores the nullFlavor values of all the mapping codes for one diagnosis reference ID.,GROUP_LINE,INTEGER,False,False,The line number for the information associated with this contact.,ICD-10 / Diagnosis coding,False,True
DOCS_RCVD_DX_CD_NLFLVR,This table stores the nullFlavor values of all the mapping codes for one diagnosis reference ID.,VALUE_LINE,INTEGER,False,False,The line number of one of the multiple values associated with a specific group of data within this contact.,ICD-10 / Diagnosis coding,False,True
DOCS_RCVD_DX_CD_NLFLVR,This table stores the nullFlavor values of all the mapping codes for one diagnosis reference ID.,CONTACT_DATE,DATETIME,False,False,The date of this contact in calendar format.,ICD-10 / Diagnosis coding,True,False
DOCS_RCVD_DX_CD_NLFLVR,This table stores the nullFlavor values of all the mapping codes for one diagnosis reference ID.,CODE_NULLFLAVOR_C_NAME,VARCHAR,False,False,The nullflavor values of all the mapping types for one diagnosis reference ID,ICD-10 / Diagnosis coding,False,False
DOCS_RCVD_DX_NOTES,This table stores the note elements associated with a diagnosis from an external source.,DOCUMENT_ID,NUMERIC,False,False,The unique identifier (.1 item) for the document record.,ICD-10 / Diagnosis coding,False,True
DOCS_RCVD_DX_NOTES,This table stores the note elements associated with a diagnosis from an external source.,CONTACT_DATE_REAL,FLOAT,False,False,"A unique contact date in decimal format. The integer portion of the number indicates the date of contact. The digits after the decimal distinguish different contacts on the same date and are unique for each contact on that date. For example, .00 is the first/only contact, .01 is the second contact, etc.",ICD-10 / Diagnosis coding,False,True
DOCS_RCVD_DX_NOTES,This table stores the note elements associated with a diagnosis from an external source.,GROUP_LINE,INTEGER,False,False,The line number for the information associated with this contact.,ICD-10 / Diagnosis coding,False,True
DOCS_RCVD_DX_NOTES,This table stores the note elements associated with a diagnosis from an external source.,VALUE_LINE,INTEGER,False,False,The line number of one of the multiple values associated with a specific group of data within this contact.,ICD-10 / Diagnosis coding,False,True
DOCS_RCVD_DX_NOTES,This table stores the note elements associated with a diagnosis from an external source.,CONTACT_DATE,DATETIME,False,False,The date of this contact in calendar format.,ICD-10 / Diagnosis coding,True,False
DOCS_RCVD_DX_NOTES,This table stores the note elements associated with a diagnosis from an external source.,DX_LINKED_NOTES,VARCHAR,False,False,Lists the IDs of the note elements in I DXR 41500 that are relevant to this diagnosis.,ICD-10 / Diagnosis coding,False,False
DOCS_RCVD_ENCOUNTER_DX,This table extracts the related multiple response Event Linked Diagnosis (I DXR 8025) item.,DOCUMENT_ID,NUMERIC,False,False,This item stores the Received Document record ID.,ICD-10 / Diagnosis coding,False,True
DOCS_RCVD_ENCOUNTER_DX,This table extracts the related multiple response Event Linked Diagnosis (I DXR 8025) item.,CONTACT_DATE_REAL,FLOAT,False,False,"A unique contact date in decimal format. The integer portion of the number indicates the date of contact. The digits after the decimal distinguish different contacts on the same date and are unique for each contact on that date. For example, .00 is the first/only contact, .01 is the second contact, etc.",ICD-10 / Diagnosis coding,False,True
DOCS_RCVD_ENCOUNTER_DX,This table extracts the related multiple response Event Linked Diagnosis (I DXR 8025) item.,GROUP_LINE,INTEGER,False,False,The line number for the information associated with this contact.,ICD-10 / Diagnosis coding,False,True
DOCS_RCVD_ENCOUNTER_DX,This table extracts the related multiple response Event Linked Diagnosis (I DXR 8025) item.,VALUE_LINE,INTEGER,False,False,The line number of one of the multiple values associated with a specific group of data within this contact.,ICD-10 / Diagnosis coding,False,True
DOCS_RCVD_ENCOUNTER_DX,This table extracts the related multiple response Event Linked Diagnosis (I DXR 8025) item.,CONTACT_DATE,DATETIME,False,False,The date of this contact in calendar format.,ICD-10 / Diagnosis coding,True,False
DOCS_RCVD_ENCOUNTER_DX,This table extracts the related multiple response Event Linked Diagnosis (I DXR 8025) item.,EVENT_LINKED_DX_DX_NAME,VARCHAR,False,False,The name of the diagnosis.,ICD-10 / Diagnosis coding,False,False
DOCS_RCVD_ENDO_DX_INFO,Contains information about endoscopy procedure diagnoses extracted from customer systems for use in Cosmos.,DOCUMENT_ID,NUMERIC,False,False,The unique identifier (.1 item) for the document record.,ICD-10 / Diagnosis coding,False,True
DOCS_RCVD_ENDO_DX_INFO,Contains information about endoscopy procedure diagnoses extracted from customer systems for use in Cosmos.,CONTACT_DATE_REAL,FLOAT,False,False,"A unique contact date in decimal format. The integer portion of the number indicates the date of contact. The digits after the decimal distinguish different contacts on the same date and are unique for each contact on that date. For example, .00 is the first/only contact, .01 is the second contact, etc.",ICD-10 / Diagnosis coding,False,True
DOCS_RCVD_ENDO_DX_INFO,Contains information about endoscopy procedure diagnoses extracted from customer systems for use in Cosmos.,LINE,INTEGER,False,False,The line number for the information associated with this contact. Multiple pieces of information can be associated with this contact.,ICD-10 / Diagnosis coding,False,True
DOCS_RCVD_ENDO_DX_INFO,Contains information about endoscopy procedure diagnoses extracted from customer systems for use in Cosmos.,CONTACT_DATE,DATETIME,False,False,The date of this contact in calendar format.,ICD-10 / Diagnosis coding,True,False
DOCS_RCVD_ENDO_DX_INFO,Contains information about endoscopy procedure diagnoses extracted from customer systems for use in Cosmos.,ENDO_DX_REF_IDENT,VARCHAR,False,False,This item stores the unique reference id associated with the endoscopy diagnosis.,ICD-10 / Diagnosis coding,False,False
DOCS_RCVD_ENDO_DX_INFO,Contains information about endoscopy procedure diagnoses extracted from customer systems for use in Cosmos.,ENDO_DX_SRC_REFID,VARCHAR,False,False,Stores the reference ID of the endoscopy procedure this diagnosis is related to.,ICD-10 / Diagnosis coding,False,False
DOCS_RCVD_ENDO_DX_INFO,Contains information about endoscopy procedure diagnoses extracted from customer systems for use in Cosmos.,ENDO_DX_DDP_REFID,VARCHAR,False,False,Stores the deduplicated reference ID of the endoscopy procedure this diagnosis is related to.,ICD-10 / Diagnosis coding,False,False
DOCS_RCVD_ENDO_DX_INFO,Contains information about endoscopy procedure diagnoses extracted from customer systems for use in Cosmos.,ENDO_DX_IND_ID_DX_NAME,VARCHAR,False,False,The name of the diagnosis.,ICD-10 / Diagnosis coding,False,False
DOCS_RCVD_ENDO_DX_INFO,Contains information about endoscopy procedure diagnoses extracted from customer systems for use in Cosmos.,ENDO_DX_ID_DX_NAME,VARCHAR,False,False,The name of the diagnosis.,ICD-10 / Diagnosis coding,False,False
DOCS_RCVD_GENERIC_ORD_DX,This table stores the reference IDs of external diagnosis elements associated with external generic orders.,DOCUMENT_ID,NUMERIC,False,False,The unique identifier (.1 item) for the document record.,ICD-10 / Diagnosis coding,False,True
DOCS_RCVD_GENERIC_ORD_DX,This table stores the reference IDs of external diagnosis elements associated with external generic orders.,CONTACT_DATE_REAL,FLOAT,False,False,"A unique contact date in decimal format. The integer portion of the number indicates the date of contact. The digits after the decimal distinguish different contacts on the same date and are unique for each contact on that date. For example, .00 is the first/only contact, .01 is the second contact, etc.",ICD-10 / Diagnosis coding,False,True
DOCS_RCVD_GENERIC_ORD_DX,This table stores the reference IDs of external diagnosis elements associated with external generic orders.,GROUP_LINE,INTEGER,False,False,The line number for the information associated with this contact.,ICD-10 / Diagnosis coding,False,True
DOCS_RCVD_GENERIC_ORD_DX,This table stores the reference IDs of external diagnosis elements associated with external generic orders.,VALUE_LINE,INTEGER,False,False,The line number of one of the multiple values associated with a specific group of data within this contact.,ICD-10 / Diagnosis coding,False,True
DOCS_RCVD_GENERIC_ORD_DX,This table stores the reference IDs of external diagnosis elements associated with external generic orders.,CONTACT_DATE,DATETIME,False,False,The date of this contact in calendar format.,ICD-10 / Diagnosis coding,True,False
DOCS_RCVD_GENERIC_ORD_DX,This table stores the reference IDs of external diagnosis elements associated with external generic orders.,GENERIC_ORDER_ASSOCIATED_DXS,VARCHAR,False,False,Lists the IDs of the diagnosis elements in I DXR 11300 that are associated with this order.,ICD-10 / Diagnosis coding,False,False
DOCS_RCVD_MEDS_ASSOC_DX,This table stores the reference IDs of diagnoses associated with a medication from an external source.,DOCUMENT_ID,NUMERIC,False,False,The unique identifier (.1 item) for the document record.,ICD-10 / Diagnosis coding,False,True
DOCS_RCVD_MEDS_ASSOC_DX,This table stores the reference IDs of diagnoses associated with a medication from an external source.,CONTACT_DATE_REAL,FLOAT,False,False,"A unique contact date in decimal format. The integer portion of the number indicates the date of contact. The digits after the decimal distinguish different contacts on the same date and are unique for each contact on that date. For example, .00 is the first/only contact, .01 is the second contact, etc.",ICD-10 / Diagnosis coding,False,True
DOCS_RCVD_MEDS_ASSOC_DX,This table stores the reference IDs of diagnoses associated with a medication from an external source.,GROUP_LINE,INTEGER,False,False,The line number for the information associated with this contact.,ICD-10 / Diagnosis coding,False,True
DOCS_RCVD_MEDS_ASSOC_DX,This table stores the reference IDs of diagnoses associated with a medication from an external source.,VALUE_LINE,INTEGER,False,False,The line number of one of the multiple values associated with a specific group of data within this contact.,ICD-10 / Diagnosis coding,False,True
DOCS_RCVD_MEDS_ASSOC_DX,This table stores the reference IDs of diagnoses associated with a medication from an external source.,CONTACT_DATE,DATETIME,False,False,The date of this contact in calendar format.,ICD-10 / Diagnosis coding,True,False
DOCS_RCVD_MEDS_ASSOC_DX,This table stores the reference IDs of diagnoses associated with a medication from an external source.,MEDICATION_ASSOCIATED_DX,VARCHAR,False,False,Lists the IDs of the diagnosis elements in I DXR 11300 that are associated with this medication.,ICD-10 / Diagnosis coding,False,False
DOCS_RCVD_MINOR_DENIAL,Contains information about minor denials decisions included in a received document.,DOCUMENT_ID,NUMERIC,False,False,The unique identifier (.1 item) for the document record.,Claims / Denials,False,True
DOCS_RCVD_MINOR_DENIAL,Contains information about minor denials decisions included in a received document.,CONTACT_DATE_REAL,FLOAT,False,False,"A unique contact date in decimal format. The integer portion of the number indicates the date of contact. The digits after the decimal distinguish different contacts on the same date and are unique for each contact on that date. For example, .00 is the first/only contact, .01 is the second contact, etc.",Claims / Denials,False,True
DOCS_RCVD_MINOR_DENIAL,Contains information about minor denials decisions included in a received document.,CONTACT_DATE,DATETIME,False,False,The date of this contact in calendar format.,Claims / Denials,True,False
DOCS_RCVD_RISK_ADJ_CAT,This table stores risk adjustment categories received from outside sources.,DOCUMENT_ID,NUMERIC,False,False,The unique identifier (.1 item) for the document record.,HCC / Risk adjustment,False,True
DOCS_RCVD_RISK_ADJ_CAT,This table stores risk adjustment categories received from outside sources.,CONTACT_DATE_REAL,FLOAT,False,False,"A unique contact date in decimal format. The integer portion of the number indicates the date of contact. The digits after the decimal distinguish different contacts on the same date and are unique for each contact on that date. For example, .00 is the first/only contact, .01 is the second contact, etc.",HCC / Risk adjustment,False,True
DOCS_RCVD_RISK_ADJ_CAT,This table stores risk adjustment categories received from outside sources.,LINE,INTEGER,False,False,The line number for the information associated with this contact. Multiple pieces of information can be associated with this contact.,HCC / Risk adjustment,False,True
DOCS_RCVD_RISK_ADJ_CAT,This table stores risk adjustment categories received from outside sources.,CONTACT_DATE,DATETIME,False,False,The date of this contact in calendar format.,HCC / Risk adjustment,True,False
DOCS_RCVD_RISK_ADJ_CAT,This table stores risk adjustment categories received from outside sources.,RAD_REF_IDENT,VARCHAR,False,False,The unique reference identifier associated with the risk adjustment category.,HCC / Risk adjustment,False,False
DOCS_RCVD_RISK_ADJ_CAT,This table stores risk adjustment categories received from outside sources.,RAD_CALC_DATE,DATETIME,False,False,The date of the last time the external system generated the report for the risk adjustment category.,HCC / Risk adjustment,True,False
DOCS_RCVD_RISK_ADJ_CAT,This table stores risk adjustment categories received from outside sources.,RAD_START_DATE,DATETIME,False,False,The start date of the clinical evaluation period during which the risk adjustment category is documented.,HCC / Risk adjustment,True,False
DOCS_RCVD_RISK_ADJ_CAT,This table stores risk adjustment categories received from outside sources.,RAD_END_DATE,DATETIME,False,False,The end date of the clinical evaluation period during which the risk adjustment category is documented.,HCC / Risk adjustment,True,False
DOCS_RCVD_RISK_ADJ_CAT,This table stores risk adjustment categories received from outside sources.,RAD_CAT_NAME,VARCHAR,False,False,The name of the risk adjustment category representing the risk adjustment data.,HCC / Risk adjustment,False,False
DOCS_RCVD_RISK_ADJ_CAT,This table stores risk adjustment categories received from outside sources.,RAD_DESCRIPTOR,VARCHAR,False,False,"The descriptor of the risk adjustment data, which includes the model abbreviation, version abbreviation, and the category identifier.",HCC / Risk adjustment,False,False
DOCS_RCVD_RISK_ADJ_CAT,This table stores risk adjustment categories received from outside sources.,RAD_STATUS_C_NAME,VARCHAR,False,False,The status of the risk adjustment category to indicate if this category is historic or suspected.,HCC / Risk adjustment,False,False
DOCS_RCVD_RISK_ADJ_CAT,This table stores risk adjustment categories received from outside sources.,RAD_EVIDENCE_NOTE_ID,VARCHAR,False,False,A note (HNO) about the evidence for the risk adjustment category.,HCC / Risk adjustment,False,False
DOCS_RCVD_RISK_ADJ_CAT,This table stores risk adjustment categories received from outside sources.,RAD_DX_ID_DX_NAME,VARCHAR,False,False,The name of the diagnosis.,HCC / Risk adjustment,False,False
DOCS_RCVD_RISK_ADJ_CAT,This table stores risk adjustment categories received from outside sources.,RAD_EXT_DATA_FILTER_REASON_C_NAME,VARCHAR,False,False,Stores the reason why an external risk adjustment category should be filtered from the composite record.,HCC / Risk adjustment,False,False
DOCS_RCVD_RISK_ADJ_CAT,This table stores risk adjustment categories received from outside sources.,RAD_SRC_DOCUMENT_CSN_ID,NUMERIC,False,False,The contact serial number of the DXR record that owns the instance of this risk adjustment category.,HCC / Risk adjustment,False,False
DOCS_RCVD_RISK_ADJ_CAT,This table stores risk adjustment categories received from outside sources.,RAD_BULK_STAT_C_NAME,VARCHAR,False,False,The status of this risk adjustment data element within DINE.,HCC / Risk adjustment,False,False
DOCS_RCVD_RISK_ADJ_CAT,This table stores risk adjustment categories received from outside sources.,RAD_LAST_UPD_UTC_DTTM,DATETIME (UTC),False,False,This item stores the date and time when the risk adjustment data was last updated by the external system.,HCC / Risk adjustment,False,False
DOCS_RCVD_RISK_ADJ_CAT,This table stores risk adjustment categories received from outside sources.,RAD_CODING_STATUS_C_NAME,NUMERIC,False,False,The coding status of the risk adjustment category to indicate if this category is open or closed.,HCC / Risk adjustment,False,False
DX_MODS_TXT,Stores the free text associated with additional diagnoses modifiers (add code).,REFERRAL_ID,NUMERIC,False,False,The referral ID for the referral record.,ICD-10 / Diagnosis coding,False,True
DX_MODS_TXT,Stores the free text associated with additional diagnoses modifiers (add code).,GROUP_LINE,INTEGER,False,False,The line number for the information associated with this record.,ICD-10 / Diagnosis coding,False,True
DX_MODS_TXT,Stores the free text associated with additional diagnoses modifiers (add code).,VALUE_LINE,INTEGER,False,False,The line number of one of the multiple values associated with a specific group of data within this record.,ICD-10 / Diagnosis coding,False,True
DX_MODS_TXT,Stores the free text associated with additional diagnoses modifiers (add code).,DX_MODIFIER_TEXT,VARCHAR,False,False,Free text associated with each of additional diagnosis modifiers (I RFL 1001).,ICD-10 / Diagnosis coding,False,False
EM_CODE_CALC,"Tracks Evaluation and Management (EM) code calculations based on LOS codes. EM codes are used by physicians to report and bill medical services depending on medical history, physical examinations and the level of medical decision making. This table also tracks the source of EM codes - if they were entered manually or via documentation.",PAT_ENC_CSN_ID,NUMERIC,False,False,"The unique contact serial number for this contact. This number is unique across all patient encounters in your system. If you use IntraConnect, this is the Unique Contact Identifier (UCI).",E/M level / CPT coding,False,True
EM_CODE_CALC,"Tracks Evaluation and Management (EM) code calculations based on LOS codes. EM codes are used by physicians to report and bill medical services depending on medical history, physical examinations and the level of medical decision making. This table also tracks the source of EM codes - if they were entered manually or via documentation.",LINE,INTEGER,False,False,The line number for the EM code associated with this contact. Multiple pieces of information can be associated with this contact.,E/M level / CPT coding,False,True
EM_CODE_CALC,"Tracks Evaluation and Management (EM) code calculations based on LOS codes. EM codes are used by physicians to report and bill medical services depending on medical history, physical examinations and the level of medical decision making. This table also tracks the source of EM codes - if they were entered manually or via documentation.",PAT_ENC_DATE_REAL,FLOAT,False,False,"A unique contact date in decimal format. The integer portion of the number indicates the date of contact. The digits after the decimal distinguish different contacts on the same date and are unique for each contact on that date. For example, .00 is the first/only contact, .01 is the second contact, etc.",E/M level / CPT coding,False,False
EM_CODE_CALC,"Tracks Evaluation and Management (EM) code calculations based on LOS codes. EM codes are used by physicians to report and bill medical services depending on medical history, physical examinations and the level of medical decision making. This table also tracks the source of EM codes - if they were entered manually or via documentation.",CONTACT_DATE,DATETIME,False,False,The date of this contact in calendar format.,E/M level / CPT coding,True,False
EM_CODE_CALC,"Tracks Evaluation and Management (EM) code calculations based on LOS codes. EM codes are used by physicians to report and bill medical services depending on medical history, physical examinations and the level of medical decision making. This table also tracks the source of EM codes - if they were entered manually or via documentation.",EM_CODE_SECTION,VARCHAR,False,False,The section of the patient's chart used to calculate the EM code. Ex: Review of Systems (ROS) or History of Present Illness (HPI),E/M level / CPT coding,False,False
EM_CODE_CALC,"Tracks Evaluation and Management (EM) code calculations based on LOS codes. EM codes are used by physicians to report and bill medical services depending on medical history, physical examinations and the level of medical decision making. This table also tracks the source of EM codes - if they were entered manually or via documentation.",EM_CODE_ATTRIBUTE,VARCHAR,False,False,The attribute of the section of the chart used to calculate the EM code. Ex: A Neuro or GI section in the Review of Systems (ROS),E/M level / CPT coding,False,False
EM_CODE_CALC,"Tracks Evaluation and Management (EM) code calculations based on LOS codes. EM codes are used by physicians to report and bill medical services depending on medical history, physical examinations and the level of medical decision making. This table also tracks the source of EM codes - if they were entered manually or via documentation.",EMCODE_ASSO_NOTE_ID,VARCHAR,False,False,Stores the note record ID corresponding to the note where this EM code was filed.,E/M level / CPT coding,False,False
EM_CODE_CALC,"Tracks Evaluation and Management (EM) code calculations based on LOS codes. EM codes are used by physicians to report and bill medical services depending on medical history, physical examinations and the level of medical decision making. This table also tracks the source of EM codes - if they were entered manually or via documentation.",EMCODE_SDI,VARCHAR,False,False,This item stores the source SmartData Element Identifier (discrete piece of data) for the current line of EM code.,E/M level / CPT coding,False,False
EM_CODE_CALC,"Tracks Evaluation and Management (EM) code calculations based on LOS codes. EM codes are used by physicians to report and bill medical services depending on medical history, physical examinations and the level of medical decision making. This table also tracks the source of EM codes - if they were entered manually or via documentation.",EM_CODE_SOURCE_C_NAME,VARCHAR,False,False,This item tracks if a particular EM Code was filed manually (not automatically via documentation) and which manual source filed this code.,E/M level / CPT coding,False,False
EM_CODE_CALC,"Tracks Evaluation and Management (EM) code calculations based on LOS codes. EM codes are used by physicians to report and bill medical services depending on medical history, physical examinations and the level of medical decision making. This table also tracks the source of EM codes - if they were entered manually or via documentation.",EM_CODE,VARCHAR,False,False,The EM code value used to calculate level of service,E/M level / CPT coding,False,False
ENC_DX_ASSOC_AMBIENT_DX,This table contains the unique IDs of diagnoses provided by Ambient that were finalized to Visit Diagnoses on the encounter.,PAT_ENC_CSN_ID,NUMERIC,False,False,"The unique contact serial number for this contact. This number is unique across all patient encounters in your system. If you use IntraConnect, this is the Unique Contact Identifier (UCI).",ICD-10 / Diagnosis coding,False,True
ENC_DX_ASSOC_AMBIENT_DX,This table contains the unique IDs of diagnoses provided by Ambient that were finalized to Visit Diagnoses on the encounter.,GROUP_LINE,INTEGER,False,False,The line number for the information associated with this contact.,ICD-10 / Diagnosis coding,False,True
ENC_DX_ASSOC_AMBIENT_DX,This table contains the unique IDs of diagnoses provided by Ambient that were finalized to Visit Diagnoses on the encounter.,VALUE_LINE,INTEGER,False,False,The line number of one of the multiple values associated with a specific group of data within this contact.,ICD-10 / Diagnosis coding,False,True
ENC_DX_ASSOC_AMBIENT_DX,This table contains the unique IDs of diagnoses provided by Ambient that were finalized to Visit Diagnoses on the encounter.,PAT_ID,VARCHAR,False,False,The unique ID of the patient record for this row. This column is frequently used to link to the PATIENT table.,ICD-10 / Diagnosis coding,False,False
ENC_DX_ASSOC_AMBIENT_DX,This table contains the unique IDs of diagnoses provided by Ambient that were finalized to Visit Diagnoses on the encounter.,CONTACT_DATE,DATETIME,False,False,The date of this contact in calendar format.,ICD-10 / Diagnosis coding,True,False
ENC_DX_ASSOC_AMBIENT_DX,This table contains the unique IDs of diagnoses provided by Ambient that were finalized to Visit Diagnoses on the encounter.,CM_CT_OWNER_ID,VARCHAR,False,False,The Community ID (CID) of the instance that owns this contact. This is only populated if you use IntraConnect.,ICD-10 / Diagnosis coding,False,False
ENC_DX_ASSOC_AMBIENT_DX,This table contains the unique IDs of diagnoses provided by Ambient that were finalized to Visit Diagnoses on the encounter.,DX_ASSOC_AMBIENT_DX,VARCHAR,False,False,The unique ID of an Ambient diagnosis that was finalized to Visit Diagnoses.,ICD-10 / Diagnosis coding,False,False
ENC_DX_ASSOC_DATA,"This table contains data related to a patient's visit diagnoses. Each row corresponds to a visit diagnosis on an encounter. The data includes linked notes, SmartSections, and Ambient diagnosis data.",PAT_ENC_CSN_ID,NUMERIC,False,False,"The unique contact serial number for this contact. This number is unique across all patient encounters in your system. If you use IntraConnect, this is the Unique Contact Identifier (UCI).",ICD-10 / Diagnosis coding,False,True
ENC_DX_ASSOC_DATA,"This table contains data related to a patient's visit diagnoses. Each row corresponds to a visit diagnosis on an encounter. The data includes linked notes, SmartSections, and Ambient diagnosis data.",LINE,INTEGER,False,False,The line number for the information associated with this contact. Multiple pieces of information can be associated with this contact.,ICD-10 / Diagnosis coding,False,True
ENC_DX_ASSOC_DATA,"This table contains data related to a patient's visit diagnoses. Each row corresponds to a visit diagnosis on an encounter. The data includes linked notes, SmartSections, and Ambient diagnosis data.",PAT_ID,VARCHAR,False,False,The unique ID of the patient record for this row. This column is frequently used to link to the PATIENT table.,ICD-10 / Diagnosis coding,False,False
ENC_DX_ASSOC_DATA,"This table contains data related to a patient's visit diagnoses. Each row corresponds to a visit diagnosis on an encounter. The data includes linked notes, SmartSections, and Ambient diagnosis data.",CONTACT_DATE,DATETIME,False,False,The date of this contact in calendar format.,ICD-10 / Diagnosis coding,True,False
ENC_DX_ASSOC_DATA,"This table contains data related to a patient's visit diagnoses. Each row corresponds to a visit diagnosis on an encounter. The data includes linked notes, SmartSections, and Ambient diagnosis data.",CM_CT_OWNER_ID,VARCHAR,False,False,The Community ID (CID) of the instance that owns this contact. This is only populated if you use IntraConnect.,ICD-10 / Diagnosis coding,False,False
ENC_DX_ASSOC_NOTES,This table contains information about linked notes and SmartSections for visit diagnoses that appear in a Diagnosis-Aware Note.,PAT_ENC_CSN_ID,NUMERIC,False,False,"The unique contact serial number for this contact. This number is unique across all patient encounters in your system. If you use IntraConnect, this is the Unique Contact Identifier (UCI).",ICD-10 / Diagnosis coding,False,True
ENC_DX_ASSOC_NOTES,This table contains information about linked notes and SmartSections for visit diagnoses that appear in a Diagnosis-Aware Note.,GROUP_LINE,INTEGER,False,False,The line number for the information associated with this contact.,ICD-10 / Diagnosis coding,False,True
ENC_DX_ASSOC_NOTES,This table contains information about linked notes and SmartSections for visit diagnoses that appear in a Diagnosis-Aware Note.,VALUE_LINE,INTEGER,False,False,The line number of one of the multiple values associated with a specific group of data within this contact.,ICD-10 / Diagnosis coding,False,True
ENC_DX_ASSOC_NOTES,This table contains information about linked notes and SmartSections for visit diagnoses that appear in a Diagnosis-Aware Note.,PAT_ID,VARCHAR,False,False,The unique ID of the patient record for this row. This column is frequently used to link to the PATIENT table.,ICD-10 / Diagnosis coding,False,False
ENC_DX_ASSOC_NOTES,This table contains information about linked notes and SmartSections for visit diagnoses that appear in a Diagnosis-Aware Note.,CONTACT_DATE,DATETIME,False,False,The date of this contact in calendar format.,ICD-10 / Diagnosis coding,True,False
ENC_DX_ASSOC_NOTES,This table contains information about linked notes and SmartSections for visit diagnoses that appear in a Diagnosis-Aware Note.,CM_CT_OWNER_ID,VARCHAR,False,False,The Community ID (CID) of the instance that owns this contact. This is only populated if you use IntraConnect.,ICD-10 / Diagnosis coding,False,False
ENC_DX_EDIT_TRAIL,"This table stores the audit trail information for encounter diagnosis edits. In order to report on diagnosis edits, this table can be linked with PAT_ENC_DX. This linking can be done using the PAT_ENC_CSN_ID and DX_EDIT_UNIQUE columns in this table along with the PAT_ENC_CSN_ID and DX_UNIQUE columns in the PAT_ENC_DX table.",PAT_ENC_CSN_ID,NUMERIC,False,False,The unique contact serial number for this contact. This number is unique across all patient encounters in your system. If you use IntraConnect this is the unique contact identifier (UCI).,ICD-10 / Diagnosis coding,False,True
ENC_DX_EDIT_TRAIL,"This table stores the audit trail information for encounter diagnosis edits. In order to report on diagnosis edits, this table can be linked with PAT_ENC_DX. This linking can be done using the PAT_ENC_CSN_ID and DX_EDIT_UNIQUE columns in this table along with the PAT_ENC_CSN_ID and DX_UNIQUE columns in the PAT_ENC_DX table.",LINE,INTEGER,False,False,The line number for the information associated with this contact. Multiple pieces of information can be associated with this contact.,ICD-10 / Diagnosis coding,False,True
ENC_DX_EDIT_TRAIL,"This table stores the audit trail information for encounter diagnosis edits. In order to report on diagnosis edits, this table can be linked with PAT_ENC_DX. This linking can be done using the PAT_ENC_CSN_ID and DX_EDIT_UNIQUE columns in this table along with the PAT_ENC_CSN_ID and DX_UNIQUE columns in the PAT_ENC_DX table.",DX_EDIT_CHRONIC_YN,VARCHAR,False,False,Indicates whether or not the edited diagnosis is chronic. Y indicates that the edited diagnosis is chronic. N indicates that the edited diagnosis is not chronic.,ICD-10 / Diagnosis coding,False,False
ENC_DX_EDIT_TRAIL,"This table stores the audit trail information for encounter diagnosis edits. In order to report on diagnosis edits, this table can be linked with PAT_ENC_DX. This linking can be done using the PAT_ENC_CSN_ID and DX_EDIT_UNIQUE columns in this table along with the PAT_ENC_CSN_ID and DX_UNIQUE columns in the PAT_ENC_DX table.",DX_EDIT_PRIMDX_YN,VARCHAR,False,False,Indicates whether or not the edited diagnosis is primary. Y indicates that the edited diagnosis is primary. N indicates that the edited diagnosis is not primary.,ICD-10 / Diagnosis coding,False,False
ENC_DX_EDIT_TRAIL,"This table stores the audit trail information for encounter diagnosis edits. In order to report on diagnosis edits, this table can be linked with PAT_ENC_DX. This linking can be done using the PAT_ENC_CSN_ID and DX_EDIT_UNIQUE columns in this table along with the PAT_ENC_CSN_ID and DX_UNIQUE columns in the PAT_ENC_DX table.",DX_EDIT_STATUS_C_NAME,VARCHAR,False,False,Stores category numbers for past values of the Differential diagnosis status.,ICD-10 / Diagnosis coding,False,False
ENC_DX_EDIT_TRAIL,"This table stores the audit trail information for encounter diagnosis edits. In order to report on diagnosis edits, this table can be linked with PAT_ENC_DX. This linking can be done using the PAT_ENC_CSN_ID and DX_EDIT_UNIQUE columns in this table along with the PAT_ENC_CSN_ID and DX_UNIQUE columns in the PAT_ENC_DX table.",DX_EDIT_ED_YN,VARCHAR,False,False,"This column stores audit trail information for encounter diagnosis edits, particularly the ED Diagnosis flag of the associated edit.",ICD-10 / Diagnosis coding,False,False
EXT_CAUSE_INJ_DX,All values associated with a claim are stored in the Claim External Value record. The EXT_CAUSE_INJ_DX table holds the diagnoses that document any accidents or other external causes for the patient's injury.,RECORD_ID,NUMERIC,False,False,The unique identifier for the claim record.,ICD-10 / Diagnosis coding,False,True
EXT_CAUSE_INJ_DX,All values associated with a claim are stored in the Claim External Value record. The EXT_CAUSE_INJ_DX table holds the diagnoses that document any accidents or other external causes for the patient's injury.,LINE,INTEGER,False,False,The line number of one of the multiple values associated with a specific group of data within this record.,ICD-10 / Diagnosis coding,False,True
EXT_CAUSE_INJ_DX,All values associated with a claim are stored in the Claim External Value record. The EXT_CAUSE_INJ_DX table holds the diagnoses that document any accidents or other external causes for the patient's injury.,EXT_CAUSE_INJ_QUAL,VARCHAR,False,False,This item holds the qualifier identifying the code set for the external cause of injury diagnoses.,ICD-10 / Diagnosis coding,False,False
EXT_CAUSE_INJ_DX,All values associated with a claim are stored in the Claim External Value record. The EXT_CAUSE_INJ_DX table holds the diagnoses that document any accidents or other external causes for the patient's injury.,EXT_CAUSE_INJ_DX,VARCHAR,False,False,This item holds the external cause of injury diagnoses for the claim.,ICD-10 / Diagnosis coding,False,False
EXT_CAUSE_INJ_DX,All values associated with a claim are stored in the Claim External Value record. The EXT_CAUSE_INJ_DX table holds the diagnoses that document any accidents or other external causes for the patient's injury.,EXT_CAUSE_INJ_POA,VARCHAR,False,False,This item identifies if the external cause of injury diagnosis was present when the patient was admitted.,ICD-10 / Diagnosis coding,False,False
HEALTH_PLAN_DX_CODING,This table contains diagnosis coding from health plan risk adjustment review. Each line represents a diagnosis on the evidence associated with the coding record.,CODING_RECORD_ID,NUMERIC,False,False,The unique identifier (.1 item) for the coding record.,ICD-10 / Diagnosis coding,False,True
HEALTH_PLAN_DX_CODING,This table contains diagnosis coding from health plan risk adjustment review. Each line represents a diagnosis on the evidence associated with the coding record.,CONTACT_DATE_REAL,FLOAT,False,False,"A unique contact date in decimal format. The integer portion of the number indicates the date of contact. The digits after the decimal distinguish different contacts on the same date and are unique for each contact on that date. For example, .00 is the first/only contact, .01 is the second contact, etc.",ICD-10 / Diagnosis coding,False,True
HEALTH_PLAN_DX_CODING,This table contains diagnosis coding from health plan risk adjustment review. Each line represents a diagnosis on the evidence associated with the coding record.,LINE,INTEGER,False,False,The line number for the information associated with this contact. Multiple pieces of information can be associated with this contact.,ICD-10 / Diagnosis coding,False,True
HEALTH_PLAN_DX_CODING,This table contains diagnosis coding from health plan risk adjustment review. Each line represents a diagnosis on the evidence associated with the coding record.,CONTACT_DATE,DATETIME,False,False,The date of this contact in calendar format.,ICD-10 / Diagnosis coding,True,False
HEALTH_PLAN_DX_CODING,This table contains diagnosis coding from health plan risk adjustment review. Each line represents a diagnosis on the evidence associated with the coding record.,DX_ID_DX_NAME,VARCHAR,False,False,The name of the diagnosis.,ICD-10 / Diagnosis coding,False,False
HEALTH_PLAN_DX_CODING,This table contains diagnosis coding from health plan risk adjustment review. Each line represents a diagnosis on the evidence associated with the coding record.,DX_ACTION_C_NAME,VARCHAR,False,False,The action the user took on the diagnosis.,ICD-10 / Diagnosis coding,False,False
HEALTH_PLAN_DX_CODING,This table contains diagnosis coding from health plan risk adjustment review. Each line represents a diagnosis on the evidence associated with the coding record.,DX_ACTION_COMMENT,VARCHAR,False,False,The comment recorded by the user explaining the action they took on the diagnosis.,ICD-10 / Diagnosis coding,False,False
HEALTH_PLAN_DX_CODING,This table contains diagnosis coding from health plan risk adjustment review. Each line represents a diagnosis on the evidence associated with the coding record.,DX_REMOVE_RSN_C_NAME,VARCHAR,True,False,The reason the user selected for removing the diagnosis.,ICD-10 / Diagnosis coding,False,False
HEALTH_PLAN_DX_CODING,This table contains diagnosis coding from health plan risk adjustment review. Each line represents a diagnosis on the evidence associated with the coding record.,RA_SOURCE_PAT_ENC_CSN_ID,NUMERIC,False,False,The contact on the encounter-linked coding record that is the source for the changes to this diagnosis.,ICD-10 / Diagnosis coding,False,False
HEALTH_PLAN_DX_CODING,This table contains diagnosis coding from health plan risk adjustment review. Each line represents a diagnosis on the evidence associated with the coding record.,RA_SOURCE_DOCUMENT_CSN_ID,NUMERIC,False,False,The external encounter contact that was used to code this diagnosis.,ICD-10 / Diagnosis coding,False,False
HEALTH_PLAN_DX_CODING,This table contains diagnosis coding from health plan risk adjustment review. Each line represents a diagnosis on the evidence associated with the coding record.,RA_SOURCE_DOCUMENT_ID,VARCHAR,False,False,The attachment that was used to code this diagnosis.,ICD-10 / Diagnosis coding,False,False
HEALTH_PLAN_DX_CODING,This table contains diagnosis coding from health plan risk adjustment review. Each line represents a diagnosis on the evidence associated with the coding record.,HIGH_RISK_DX_YN,VARCHAR,False,False,Whether this diagnosis was considered to be high risk when the initial coding decision was made.,ICD-10 / Diagnosis coding,False,False
HEALTH_PLAN_DX_CODING,This table contains diagnosis coding from health plan risk adjustment review. Each line represents a diagnosis on the evidence associated with the coding record.,HAS_AI_YN,VARCHAR,False,False,Whether this diagnosis has supporting evidence found by AI when the initial coding decision was made.,ICD-10 / Diagnosis coding,False,False
HH_OASIS_ICD10_DX,This table contains all of the clinical Outcome and Assessment Information Set (OASIS) ICD-10 diagnoses entered by a field nurse and edited in Diagnosis Review. The first diagnosis for a given patient encounter is the primary diagnosis. The next 5 are the diagnoses that will go on the OASIS submission. Anything after the sixth diagnosis for a given encounter is merely reportable.,PAT_ENC_CSN_ID,NUMERIC,False,False,"The unique contact serial number for this contact. This number is unique across all patient encounters in your system. If you use IntraConnect, this is the Unique Contact Identifier (UCI).",ICD-10 / Diagnosis coding,False,True
HH_OASIS_ICD10_DX,This table contains all of the clinical Outcome and Assessment Information Set (OASIS) ICD-10 diagnoses entered by a field nurse and edited in Diagnosis Review. The first diagnosis for a given patient encounter is the primary diagnosis. The next 5 are the diagnoses that will go on the OASIS submission. Anything after the sixth diagnosis for a given encounter is merely reportable.,LINE,INTEGER,False,False,The line number for the information associated with this contact. Multiple pieces of information can be associated with this contact.,ICD-10 / Diagnosis coding,False,True
HH_OASIS_ICD10_DX,This table contains all of the clinical Outcome and Assessment Information Set (OASIS) ICD-10 diagnoses entered by a field nurse and edited in Diagnosis Review. The first diagnosis for a given patient encounter is the primary diagnosis. The next 5 are the diagnoses that will go on the OASIS submission. Anything after the sixth diagnosis for a given encounter is merely reportable.,PAT_ENC_DATE_REAL,FLOAT,False,False,"A unique contact date in decimal format. The integer portion of the number indicates the date of contact. The digits after the decimal distinguish different contacts on the same date and are unique for each contact on that date. For example, .00 is the first/only contact, .01 is the second contact, etc.",ICD-10 / Diagnosis coding,False,False
HH_OASIS_ICD10_DX,This table contains all of the clinical Outcome and Assessment Information Set (OASIS) ICD-10 diagnoses entered by a field nurse and edited in Diagnosis Review. The first diagnosis for a given patient encounter is the primary diagnosis. The next 5 are the diagnoses that will go on the OASIS submission. Anything after the sixth diagnosis for a given encounter is merely reportable.,CONTACT_DATE,DATETIME,False,False,The date of this contact in calendar format.,ICD-10 / Diagnosis coding,True,False
HH_OASIS_ICD10_DX,This table contains all of the clinical Outcome and Assessment Information Set (OASIS) ICD-10 diagnoses entered by a field nurse and edited in Diagnosis Review. The first diagnosis for a given patient encounter is the primary diagnosis. The next 5 are the diagnoses that will go on the OASIS submission. Anything after the sixth diagnosis for a given encounter is merely reportable.,CM_CT_OWNER_ID,VARCHAR,False,False,The Community ID (CID) of the instance that owns this contact. This is only populated if you use IntraConnect.,ICD-10 / Diagnosis coding,False,False
HH_OASIS_ICD10_DX,This table contains all of the clinical Outcome and Assessment Information Set (OASIS) ICD-10 diagnoses entered by a field nurse and edited in Diagnosis Review. The first diagnosis for a given patient encounter is the primary diagnosis. The next 5 are the diagnoses that will go on the OASIS submission. Anything after the sixth diagnosis for a given encounter is merely reportable.,OASIS_DX_ID_DX_NAME,VARCHAR,False,False,The name of the diagnosis.,ICD-10 / Diagnosis coding,False,False
HH_OASIS_ICD10_DX,This table contains all of the clinical Outcome and Assessment Information Set (OASIS) ICD-10 diagnoses entered by a field nurse and edited in Diagnosis Review. The first diagnosis for a given patient encounter is the primary diagnosis. The next 5 are the diagnoses that will go on the OASIS submission. Anything after the sixth diagnosis for a given encounter is merely reportable.,OASIS_DX_START_DATE,DATETIME,False,False,Start date of M1021 and M1023 diagnoses.,ICD-10 / Diagnosis coding,True,False
HH_OASIS_ICD10_DX,This table contains all of the clinical Outcome and Assessment Information Set (OASIS) ICD-10 diagnoses entered by a field nurse and edited in Diagnosis Review. The first diagnosis for a given patient encounter is the primary diagnosis. The next 5 are the diagnoses that will go on the OASIS submission. Anything after the sixth diagnosis for a given encounter is merely reportable.,OASIS_DX_SCR_C_NAME,VARCHAR,True,False,"The category number for the symptom control rating for M1021 and M1023. This is usually the same as the internal ID. If you use IntraConnect, this is the Community ID (CID)",ICD-10 / Diagnosis coding,False,False
HH_OASIS_ICD10_DX,This table contains all of the clinical Outcome and Assessment Information Set (OASIS) ICD-10 diagnoses entered by a field nurse and edited in Diagnosis Review. The first diagnosis for a given patient encounter is the primary diagnosis. The next 5 are the diagnoses that will go on the OASIS submission. Anything after the sixth diagnosis for a given encounter is merely reportable.,OASIS_DX_FLAG_C_NAME,VARCHAR,True,False,The Flag item is a customer defined category list that can be used to further describe a diagnosis entry. An example of the use of this item would be for flagging a diagnosis as an exacerbation or onset. The flag will be carried over to the plan of care.,ICD-10 / Diagnosis coding,False,False
HH_OASIS_ICD10_DX,This table contains all of the clinical Outcome and Assessment Information Set (OASIS) ICD-10 diagnoses entered by a field nurse and edited in Diagnosis Review. The first diagnosis for a given patient encounter is the primary diagnosis. The next 5 are the diagnoses that will go on the OASIS submission. Anything after the sixth diagnosis for a given encounter is merely reportable.,OASIS_DX_OTHER_1_ID_DX_NAME,VARCHAR,False,False,The name of the diagnosis.,ICD-10 / Diagnosis coding,False,False
HH_OASIS_ICD10_DX,This table contains all of the clinical Outcome and Assessment Information Set (OASIS) ICD-10 diagnoses entered by a field nurse and edited in Diagnosis Review. The first diagnosis for a given patient encounter is the primary diagnosis. The next 5 are the diagnoses that will go on the OASIS submission. Anything after the sixth diagnosis for a given encounter is merely reportable.,OASIS_DX_OTHER_2_ID_DX_NAME,VARCHAR,False,False,The name of the diagnosis.,ICD-10 / Diagnosis coding,False,False
HH_PAT_CASE_MIX_DX,This table contains Primary and Secondary case mix diagnoses information entered for a patient as part of a home health Outcome and Assessment Information Set (OASIS) assessment. The table stores values entered for M0246 for the Primary diagnosis for the contact.,PAT_ENC_CSN_ID,NUMERIC,False,False,"The unique contact serial number for this contact. This number is unique across all patient encounters in your system. If you use IntraConnect, this is the Unique Contact Identifier (UCI).",ICD-10 / Diagnosis coding,False,True
HH_PAT_CASE_MIX_DX,This table contains Primary and Secondary case mix diagnoses information entered for a patient as part of a home health Outcome and Assessment Information Set (OASIS) assessment. The table stores values entered for M0246 for the Primary diagnosis for the contact.,LINE,INTEGER,False,False,The line number for the information associated with this record. Multiple pieces of information can be associated with this record.,ICD-10 / Diagnosis coding,False,True
HH_PAT_CASE_MIX_DX,This table contains Primary and Secondary case mix diagnoses information entered for a patient as part of a home health Outcome and Assessment Information Set (OASIS) assessment. The table stores values entered for M0246 for the Primary diagnosis for the contact.,PAT_ENC_DATE_REAL,FLOAT,False,False,This column stores a numeric representation of the date of this encounter in your system. The integer portion of the number specifies the date of the encounter. The digits after the decimal point indicate multiple visits on one day.,ICD-10 / Diagnosis coding,False,False
HH_PAT_CASE_MIX_DX,This table contains Primary and Secondary case mix diagnoses information entered for a patient as part of a home health Outcome and Assessment Information Set (OASIS) assessment. The table stores values entered for M0246 for the Primary diagnosis for the contact.,CONTACT_DATE,DATETIME,False,False,This column stores the contact date.,ICD-10 / Diagnosis coding,True,False
HH_PAT_CASE_MIX_DX,This table contains Primary and Secondary case mix diagnoses information entered for a patient as part of a home health Outcome and Assessment Information Set (OASIS) assessment. The table stores values entered for M0246 for the Primary diagnosis for the contact.,CM_CT_OWNER_ID,VARCHAR,False,False,The Community ID (CID) of the instance that owns this contact. This is populated only if you use IntraConnect.,ICD-10 / Diagnosis coding,False,False
HH_PAT_CASE_MIX_DX,This table contains Primary and Secondary case mix diagnoses information entered for a patient as part of a home health Outcome and Assessment Information Set (OASIS) assessment. The table stores values entered for M0246 for the Primary diagnosis for the contact.,CASE_MIX_DX_ID_DX_NAME,VARCHAR,False,False,The name of the diagnosis.,ICD-10 / Diagnosis coding,False,False
HH_PAT_CASE_MIX_DX,This table contains Primary and Secondary case mix diagnoses information entered for a patient as part of a home health Outcome and Assessment Information Set (OASIS) assessment. The table stores values entered for M0246 for the Primary diagnosis for the contact.,SEC_CASE_DX_ID_DX_NAME,VARCHAR,False,False,The name of the diagnosis.,ICD-10 / Diagnosis coding,False,False
HH_PAT_CSMX_OTH_DX,This table contains case mix diagnoses information entered for a patient as part of a home health Outcome and Assessment Information Set (OASIS) assessment. The table stores values entered for M0246 for the Other diagnoses for the contact.,PAT_ENC_CSN_ID,NUMERIC,False,False,"The unique contact serial number for this contact. This number is unique across all patient encounters in your system. If you use IntraConnect, this is the Unique Contact Identifier (UCI).",ICD-10 / Diagnosis coding,False,True
HH_PAT_CSMX_OTH_DX,This table contains case mix diagnoses information entered for a patient as part of a home health Outcome and Assessment Information Set (OASIS) assessment. The table stores values entered for M0246 for the Other diagnoses for the contact.,LINE,INTEGER,False,False,The line number for the information associated with this record. Multiple pieces of information can be associated with this record.,ICD-10 / Diagnosis coding,False,True
HH_PAT_CSMX_OTH_DX,This table contains case mix diagnoses information entered for a patient as part of a home health Outcome and Assessment Information Set (OASIS) assessment. The table stores values entered for M0246 for the Other diagnoses for the contact.,PAT_ENC_DATE_REAL,FLOAT,False,False,This column stores a numeric representation of the date of this encounter in your system. The integer portion of the number specifies the date of the encounter. The digits after the decimal point indicate multiple visits on one day.,ICD-10 / Diagnosis coding,False,False
HH_PAT_CSMX_OTH_DX,This table contains case mix diagnoses information entered for a patient as part of a home health Outcome and Assessment Information Set (OASIS) assessment. The table stores values entered for M0246 for the Other diagnoses for the contact.,CONTACT_DATE,DATETIME,False,False,This column stores the contact date.,ICD-10 / Diagnosis coding,True,False
HH_PAT_CSMX_OTH_DX,This table contains case mix diagnoses information entered for a patient as part of a home health Outcome and Assessment Information Set (OASIS) assessment. The table stores values entered for M0246 for the Other diagnoses for the contact.,CM_CT_OWNER_ID,VARCHAR,False,False,The Community ID (CID) of the instance that owns this contact. This is populated only if you use IntraConnect.,ICD-10 / Diagnosis coding,False,False
HH_PAT_CSMX_OTH_DX,This table contains case mix diagnoses information entered for a patient as part of a home health Outcome and Assessment Information Set (OASIS) assessment. The table stores values entered for M0246 for the Other diagnoses for the contact.,CASE_MIX_DX1_OTH_ID_DX_NAME,VARCHAR,False,False,The name of the diagnosis.,ICD-10 / Diagnosis coding,False,False
HH_PAT_CSMX_OTH_DX,This table contains case mix diagnoses information entered for a patient as part of a home health Outcome and Assessment Information Set (OASIS) assessment. The table stores values entered for M0246 for the Other diagnoses for the contact.,CASE_MIX_DX2_OTH_ID_DX_NAME,VARCHAR,False,False,The name of the diagnosis.,ICD-10 / Diagnosis coding,False,False
HH_PAT_IP_DX,Contains Home Health inpatient diagnosis information.,CONTACT_DATE_REAL,FLOAT,False,False,Unique identifier for this contact for this patient.,ICD-10 / Diagnosis coding,False,False
HH_PAT_IP_DX,Contains Home Health inpatient diagnosis information.,LINE,INTEGER,False,False,The line number for the information associated with this contact. Multiple pieces of information can be associated with this contact.,ICD-10 / Diagnosis coding,False,True
HH_PAT_IP_DX,Contains Home Health inpatient diagnosis information.,INPATIENT_DX_ID_DX_NAME,VARCHAR,False,False,The name of the diagnosis.,ICD-10 / Diagnosis coding,False,False
HH_PAT_IP_DX,Contains Home Health inpatient diagnosis information.,PAT_ENC_CSN_ID,NUMERIC,False,False,"The unique contact serial number for this contact. This number is unique across all patient encounters in your system. If you use IntraConnect, this is the Unique Contact Identifier (UCI).",ICD-10 / Diagnosis coding,False,True
HH_PAT_IP_DX,Contains Home Health inpatient diagnosis information.,CONTACT_DATE,DATETIME,False,False,The date of this contact in calendar format.,ICD-10 / Diagnosis coding,True,False
HH_PAT_IP_DX,Contains Home Health inpatient diagnosis information.,CM_CT_OWNER_ID,VARCHAR,False,False,The Community ID (CID) of the instance that owns this contact. This is populated only if you use IntraConnect.,ICD-10 / Diagnosis coding,False,False
HH_PAT_OTHER_DX,Contains information from the Home Health Other Diagnoses grid.,CONTACT_DATE_REAL,FLOAT,False,False,Unique identifier for this contact for this patient.,ICD-10 / Diagnosis coding,False,False
HH_PAT_OTHER_DX,Contains information from the Home Health Other Diagnoses grid.,LINE,INTEGER,False,False,The line number for the information associated with this contact. Multiple pieces of information can be associated with this contact.,ICD-10 / Diagnosis coding,False,True
HH_PAT_OTHER_DX,Contains information from the Home Health Other Diagnoses grid.,OTHER_DX_ID_DX_NAME,VARCHAR,False,False,The name of the diagnosis.,ICD-10 / Diagnosis coding,False,False
HH_PAT_OTHER_DX,Contains information from the Home Health Other Diagnoses grid.,OTHER_DX_START_DT,DATETIME,False,False,Other diagnosis start date.,ICD-10 / Diagnosis coding,True,False
HH_PAT_OTHER_DX,Contains information from the Home Health Other Diagnoses grid.,OTHER_DX_SEVERITY,INTEGER,False,False,"Other diagnosis severity, 0-4.",ICD-10 / Diagnosis coding,False,False
HH_PAT_OTHER_DX,Contains information from the Home Health Other Diagnoses grid.,PAT_ENC_CSN_ID,NUMERIC,False,False,"The unique contact serial number for this contact. This number is unique across all patient encounters in your system. If you use IntraConnect, this is the Unique Contact Identifier (UCI).",ICD-10 / Diagnosis coding,False,True
HH_PAT_OTHER_DX,Contains information from the Home Health Other Diagnoses grid.,CONTACT_DATE,DATETIME,False,False,The date of this contact in calendar format.,ICD-10 / Diagnosis coding,True,False
HH_PAT_OTHER_DX,Contains information from the Home Health Other Diagnoses grid.,CM_CT_OWNER_ID,VARCHAR,False,False,The Community ID (CID) of the instance that owns this contact. This is populated only if you use IntraConnect.,ICD-10 / Diagnosis coding,False,False
HH_PAT_OTHER_DX,Contains information from the Home Health Other Diagnoses grid.,OTHER_DX_FLAG_C_NAME,VARCHAR,True,False,"A customer-defined addition to a diagnosis entry, such as flagging a diagnosis as an exacerbation or onset.",ICD-10 / Diagnosis coding,False,False
HH_PAT_PAYMENT_DX,Contains information from the Home Health Payment Diagnoses grid.,CONTACT_DATE_REAL,FLOAT,False,False,Unique identifier for this contact for this patient.,ICD-10 / Diagnosis coding,False,False
HH_PAT_PAYMENT_DX,Contains information from the Home Health Payment Diagnoses grid.,LINE,INTEGER,False,False,The line number for the information associated with this contact. Multiple pieces of information can be associated with this contact.,ICD-10 / Diagnosis coding,False,True
HH_PAT_PAYMENT_DX,Contains information from the Home Health Payment Diagnoses grid.,PAYMENT_DX_ID_DX_NAME,VARCHAR,False,False,The name of the diagnosis.,ICD-10 / Diagnosis coding,False,False
HH_PAT_PAYMENT_DX,Contains information from the Home Health Payment Diagnoses grid.,PAYMENT_DX_DATE,DATETIME,False,False,Payment diagnosis date.,ICD-10 / Diagnosis coding,True,False
HH_PAT_PAYMENT_DX,Contains information from the Home Health Payment Diagnoses grid.,PAYMNT_DX_SEVERITY,INTEGER,False,False,"Payment diagnosis severity, 0-4.",ICD-10 / Diagnosis coding,False,False
HH_PAT_PAYMENT_DX,Contains information from the Home Health Payment Diagnoses grid.,PAT_ENC_CSN_ID,NUMERIC,False,False,"The unique contact serial number for this contact. This number is unique across all patient encounters in your system. If you use IntraConnect, this is the Unique Contact Identifier (UCI).",ICD-10 / Diagnosis coding,False,True
HH_PAT_PAYMENT_DX,Contains information from the Home Health Payment Diagnoses grid.,CONTACT_DATE,DATETIME,False,False,The date of this contact in calendar format.,ICD-10 / Diagnosis coding,True,False
HH_PAT_PAYMENT_DX,Contains information from the Home Health Payment Diagnoses grid.,CM_CT_OWNER_ID,VARCHAR,False,False,The Community ID (CID) of the instance that owns this contact. This is populated only if you use IntraConnect.,ICD-10 / Diagnosis coding,False,False
HH_PAT_REG_CHG_DX,Contains Home Health regimen change diagnosis information.,CONTACT_DATE_REAL,FLOAT,False,False,Unique identifier for this contact for this patient.,ICD-10 / Diagnosis coding,False,False
HH_PAT_REG_CHG_DX,Contains Home Health regimen change diagnosis information.,LINE,INTEGER,False,False,The line number for the information associated with this contact. Multiple pieces of information can be associated with this contact.,ICD-10 / Diagnosis coding,False,True
HH_PAT_REG_CHG_DX,Contains Home Health regimen change diagnosis information.,REGIMEN_CHG_DX_ID_DX_NAME,VARCHAR,False,False,The name of the diagnosis.,ICD-10 / Diagnosis coding,False,False
HH_PAT_REG_CHG_DX,Contains Home Health regimen change diagnosis information.,PAT_ENC_CSN_ID,NUMERIC,False,False,"The unique contact serial number for this contact. This number is unique across all patient encounters in your system. If you use IntraConnect, this is the Unique Contact Identifier (UCI).",ICD-10 / Diagnosis coding,False,True
HH_PAT_REG_CHG_DX,Contains Home Health regimen change diagnosis information.,CONTACT_DATE,DATETIME,False,False,The date of this contact in calendar format.,ICD-10 / Diagnosis coding,True,False
HH_PAT_REG_CHG_DX,Contains Home Health regimen change diagnosis information.,CM_CT_OWNER_ID,VARCHAR,False,False,The Community ID (CID) of the instance that owns this contact. This is populated only if you use IntraConnect.,ICD-10 / Diagnosis coding,False,False
HNO_ECG_DX,This table contains the diagnosis for Electrocardiograms (ECG/EKG) that have been stored on General Use Notes (HNO) records.,NOTE_CSN_ID,NUMERIC,False,False,The contact serial number (CSN) of the contact.,ICD-10 / Diagnosis coding,False,True
HNO_ECG_DX,This table contains the diagnosis for Electrocardiograms (ECG/EKG) that have been stored on General Use Notes (HNO) records.,LINE,INTEGER,False,False,The line number for the information associated with this contact. Multiple pieces of information can be associated with this contact.,ICD-10 / Diagnosis coding,False,True
HNO_ECG_DX,This table contains the diagnosis for Electrocardiograms (ECG/EKG) that have been stored on General Use Notes (HNO) records.,NOTE_ID,VARCHAR,False,False,The unique identifier for the note record.,ICD-10 / Diagnosis coding,False,False
HNO_ECG_DX,This table contains the diagnosis for Electrocardiograms (ECG/EKG) that have been stored on General Use Notes (HNO) records.,CONTACT_DATE,DATETIME,False,False,The date of this contact in calendar format.,ICD-10 / Diagnosis coding,True,False
HNO_ECG_DX,This table contains the diagnosis for Electrocardiograms (ECG/EKG) that have been stored on General Use Notes (HNO) records.,ECG_DX,VARCHAR,False,False,The diagnosis associated with the Electrocardiogram (ECG/EKG).,ICD-10 / Diagnosis coding,False,False
HOLOGRAM_AMBIENT_DX_INFO,This table contains information about the Ambient diagnosis choices that were presented to a clinician.,HOLOGRAM_ID,NUMERIC,False,False,The unique identifier (.1 item) for the hologram record.,ICD-10 / Diagnosis coding,False,True
HOLOGRAM_AMBIENT_DX_INFO,This table contains information about the Ambient diagnosis choices that were presented to a clinician.,CONTACT_DATE_REAL,FLOAT,False,False,"A unique contact date in decimal format. The integer portion of the number indicates the date of contact. The digits after the decimal distinguish different contacts on the same date and are unique for each contact on that date. For example, .00 is the first/only contact, .01 is the second contact, etc. For Hologram, the contact date is irrelevant. For the workflow timestamp, use the WORKFLOW_INST_UTC_DTTM column in the HOLOGRAM_DETAILS table.",ICD-10 / Diagnosis coding,False,True
HOLOGRAM_AMBIENT_DX_INFO,This table contains information about the Ambient diagnosis choices that were presented to a clinician.,AMBIENT_DX_SOURCE_C_NAME,VARCHAR,False,False,"Stores the source from which an Ambient diagnosis option was derived. (Problem List, Visit Diagnoses, etc.)",ICD-10 / Diagnosis coding,False,False
HOLOGRAM_AMBIENT_DX_INFO,This table contains information about the Ambient diagnosis choices that were presented to a clinician.,AMBIENT_DX_LNK_PROB_LST_ID,NUMERIC,False,False,Stores the ID of the problem associated with this Ambient diagnosis selection.,ICD-10 / Diagnosis coding,False,False
HOLOGRAM_AMBIENT_DX_INFO,This table contains information about the Ambient diagnosis choices that were presented to a clinician.,AMBIENT_DX_LINKED_VDX,VARCHAR,False,False,"Stores the ID of the visit diagnosis that this Ambient diagnosis option was derived from. If this diagnosis came from a past encounter, the CSN of that encounter is stored in the AMBIENT_PAST_DX_CSN column.",ICD-10 / Diagnosis coding,False,False
HOLOGRAM_AMBIENT_DX_INFO,This table contains information about the Ambient diagnosis choices that were presented to a clinician.,AMBIENT_DX_AUTO_MATCH_YN,VARCHAR,False,False,Stores whether or not an existing diagnosis was automatically matched to the Ambient diagnosis.,ICD-10 / Diagnosis coding,False,False
HOLOGRAM_AMBIENT_DX_INFO,This table contains information about the Ambient diagnosis choices that were presented to a clinician.,ADD_DX_TO_PROBLIST_YN,VARCHAR,False,False,Stores whether or not the Ambient diagnosis is marked to be pushed to the Problem List.,ICD-10 / Diagnosis coding,False,False
HOLOGRAM_AMBIENT_DX_INFO,This table contains information about the Ambient diagnosis choices that were presented to a clinician.,INITIAL_DX_ID_DX_NAME,VARCHAR,False,False,The name of the diagnosis.,ICD-10 / Diagnosis coding,False,False
HOLOGRAM_AMBIENT_DX_INFO,This table contains information about the Ambient diagnosis choices that were presented to a clinician.,AMBIENT_PAST_DX_CSN,NUMERIC,False,False,"If an Ambient diagnosis matched to a past visit diagnosis, this item stores the CSN of the patient encounter in which that visit diagnosis was documented.",ICD-10 / Diagnosis coding,False,False
HOLO_LEVEL_OF_SERVICE_MOD,This table contains level of service modifier information.,HOLOGRAM_ID,NUMERIC,False,False,The unique identifier (.1 item) for the hologram record.,E/M level / CPT coding,False,True
HOLO_LEVEL_OF_SERVICE_MOD,This table contains level of service modifier information.,CONTACT_DATE_REAL,FLOAT,False,False,"A unique contact date in decimal format. The integer portion of the number indicates the date of contact. The digits after the decimal distinguish different contacts on the same date and are unique for each contact on that date. For example, .00 is the first/only contact, .01 is the second contact, etc.",E/M level / CPT coding,False,True
HOLO_LEVEL_OF_SERVICE_MOD,This table contains level of service modifier information.,LINE,INTEGER,False,False,The line number for the information associated with this contact. Multiple pieces of information can be associated with this contact.,E/M level / CPT coding,False,True
HOLO_LEVEL_OF_SERVICE_MOD,This table contains level of service modifier information.,LEVEL_OF_SERVICE_MODIFIER_ID,VARCHAR,False,False,The unique identifier (.1 item) of the modifier for the level of service in this hologram record.,E/M level / CPT coding,False,False
HOLO_LEVEL_OF_SERVICE_MOD,This table contains level of service modifier information.,LEVEL_OF_SERVICE_MODIFIER_ID_MODIFIER_NAME,VARCHAR,False,False,The name of the modifier record.,E/M level / CPT coding,False,False
HOSPICE_CODED_DX,The table lists coded hospice diagnoses.,PAT_ENC_CSN_ID,NUMERIC,False,False,"The unique contact serial number for this contact. This number is unique across all patient encounters in your system. If you use IntraConnect, this is the Unique Contact Identifier (UCI).",ICD-10 / Diagnosis coding,False,True
HOSPICE_CODED_DX,The table lists coded hospice diagnoses.,LINE,INTEGER,False,False,The line number for the information associated with this contact. Multiple pieces of information can be associated with this contact.,ICD-10 / Diagnosis coding,False,True
HOSPICE_CODED_DX,The table lists coded hospice diagnoses.,PAT_ENC_DATE_REAL,FLOAT,False,False,"A unique contact date in decimal format. The integer portion of the number indicates the date of contact. The digits after the decimal distinguish different contacts on the same date and are unique for each contact on that date. For example, .00 is the first/only contact, .01 is the second contact, etc.",ICD-10 / Diagnosis coding,False,False
HOSPICE_CODED_DX,The table lists coded hospice diagnoses.,CONTACT_DATE,DATETIME,False,False,The date of this contact in calendar format.,ICD-10 / Diagnosis coding,True,False
HOSPICE_CODED_DX,The table lists coded hospice diagnoses.,CM_CT_OWNER_ID,VARCHAR,False,False,The Community ID (CID) of the instance that owns this contact. This is populated only if you use IntraConnect.,ICD-10 / Diagnosis coding,False,False
HOSPICE_CODED_DX,The table lists coded hospice diagnoses.,HOSPICE_CODED_DX_ID_DX_NAME,VARCHAR,False,False,The name of the diagnosis.,ICD-10 / Diagnosis coding,False,False
HOSPICE_CODED_DX,The table lists coded hospice diagnoses.,HOSPICE_RELATED_C_NAME,VARCHAR,False,False,Indicates if the corresponding hospice diagnosis is related to terminal illness,ICD-10 / Diagnosis coding,False,False
HOSPICE_DX,This table holds Hospice Episode Diagnoses information.,PAT_ENC_CSN_ID,NUMERIC,False,False,"The unique contact serial number for this contact. This number is unique across all patient encounters in your system. If you use IntraConnect, this is the Unique Contact Identifier (UCI).",ICD-10 / Diagnosis coding,False,True
HOSPICE_DX,This table holds Hospice Episode Diagnoses information.,LINE,INTEGER,False,False,Line number.,ICD-10 / Diagnosis coding,False,True
HOSPICE_DX,This table holds Hospice Episode Diagnoses information.,PAT_ENC_DATE_REAL,FLOAT,False,False,This is a numeric representation of the date of this encounter in your system. The integer portion of the number specifies the date of the encounter. The digits after the decimal point indicate multiple visits on one day.,ICD-10 / Diagnosis coding,False,False
HOSPICE_DX,This table holds Hospice Episode Diagnoses information.,CONTACT_DATE,DATETIME,False,False,This column stores the date of the patient contact.,ICD-10 / Diagnosis coding,True,False
HOSPICE_DX,This table holds Hospice Episode Diagnoses information.,CM_CT_OWNER_ID,VARCHAR,False,False,The Community ID (CID) of the instance that owns this contact. This is populated only if you use IntraConnect.,ICD-10 / Diagnosis coding,False,False
HOSPICE_DX,This table holds Hospice Episode Diagnoses information.,HOSPICE_DX_NONCODED,VARCHAR,False,False,Non-coded diagnoses for the hospice intake and visits.,ICD-10 / Diagnosis coding,False,False
HOSPICE_DX_HX,This table contains audit history for a patient's Hospice diagnoses.,PAT_ENC_CSN_ID,NUMERIC,False,False,"The unique contact serial number for this contact. This number is unique across all patient encounters in your system. If you use IntraConnect, this is the Unique Contact Identifier (UCI).",ICD-10 / Diagnosis coding,False,True
HOSPICE_DX_HX,This table contains audit history for a patient's Hospice diagnoses.,LINE,INTEGER,False,False,The line number for the information associated with this contact. Multiple pieces of information can be associated with this contact.,ICD-10 / Diagnosis coding,False,True
HOSPICE_DX_HX,This table contains audit history for a patient's Hospice diagnoses.,PAT_ID,VARCHAR,False,False,The unique ID of the patient record for this row. This column is frequently used to link to the PATIENT table.,ICD-10 / Diagnosis coding,False,False
HOSPICE_DX_HX,This table contains audit history for a patient's Hospice diagnoses.,ENTRY_USER_ID,VARCHAR,False,False,The ID of the user who entered the hospice diagnosis.,ICD-10 / Diagnosis coding,False,False
HOSPICE_DX_HX,This table contains audit history for a patient's Hospice diagnoses.,ENTRY_UTC_DTTM,DATETIME (UTC),False,False,This column stores the instant at which the hospice diagnosis was entered.,ICD-10 / Diagnosis coding,False,False
HSP_ACCT_ADDL_DX,Additional diagnoses for reporting associated with this hospital account.,ACCT_ID,NUMERIC,False,False,This column stores the unique identifier for the hospital account with associated additional diagnoses for reporting.,ICD-10 / Diagnosis coding,False,True
HSP_ACCT_ADDL_DX,Additional diagnoses for reporting associated with this hospital account.,LINE,INTEGER,False,False,The line number for the information associated with this record. Multiple pieces of information can be associated with this record.,ICD-10 / Diagnosis coding,False,True
HSP_ACCT_ADDL_DX,Additional diagnoses for reporting associated with this hospital account.,ADDL_RPT_DX_ID_DX_NAME,VARCHAR,False,False,The name of the diagnosis.,ICD-10 / Diagnosis coding,False,False
HSP_ACCT_ADMIT_DX,This table contains hospital account admit diagnoses from the Hospital Accounts Receivable (HAR) master file.,HSP_ACCOUNT_ID,NUMERIC,False,False,This column stores the unique identifier for the hospital account.,ICD-10 / Diagnosis coding,False,True
HSP_ACCT_ADMIT_DX,This table contains hospital account admit diagnoses from the Hospital Accounts Receivable (HAR) master file.,LINE,INTEGER,False,False,"This column stores the line number in the results of a query. As multiple admission diagnoses can be stored in one hospital account, each diagnosis will have a unique line number.",ICD-10 / Diagnosis coding,False,True
HSP_ACCT_ADMIT_DX,This table contains hospital account admit diagnoses from the Hospital Accounts Receivable (HAR) master file.,ADMIT_DX_ID_DX_NAME,VARCHAR,False,False,The name of the diagnosis.,ICD-10 / Diagnosis coding,False,False
HSP_ACCT_ADMIT_DX,This table contains hospital account admit diagnoses from the Hospital Accounts Receivable (HAR) master file.,ADMIT_DX_TEXT,VARCHAR,False,False,A text description of an admission diagnosis stored in the hospital account.,ICD-10 / Diagnosis coding,False,False
HSP_ACCT_CLM_CPT,This table contains hospital account claim CPT codes information from the Hospital Accounts Receivable (HAR) master file.,HSP_ACCOUNT_ID,NUMERIC,False,False,The ID number of a hospital account.,E/M level / CPT coding,False,True
HSP_ACCT_CLM_CPT,This table contains hospital account claim CPT codes information from the Hospital Accounts Receivable (HAR) master file.,LINE,INTEGER,False,False,"The line number in the results of a query. Since coders can enter multiple CPT™ codes in a hospital account, each CPT™ code will have a unique line number.",E/M level / CPT coding,False,True
HSP_ACCT_CLM_CPT,This table contains hospital account claim CPT codes information from the Hospital Accounts Receivable (HAR) master file.,CLAIM_CODE_QTY,INTEGER,False,False,"This item holds the quantity as entered in Coding. If the quantity is greater than 1, each unit will be used as if it had been separately entered.",E/M level / CPT coding,False,False
HSP_ACCT_CPT_ASSOC_DX,This table stores the diagnoses that are linked to a coded Current Procedural Terminology (CPT)/Healthcare Common Procedure Coding System (HCPCS) code on a hospital account.,ACCT_ID,NUMERIC,False,False,The unique identifier for the hospital account record.,ICD-10 / Diagnosis coding;E/M level / CPT coding,False,True
HSP_ACCT_CPT_ASSOC_DX,This table stores the diagnoses that are linked to a coded Current Procedural Terminology (CPT)/Healthcare Common Procedure Coding System (HCPCS) code on a hospital account.,GROUP_LINE,INTEGER,False,False,The line number of the CPT©/HCPCS code stored on the hospital account to which the diagnoses are linked.,ICD-10 / Diagnosis coding;E/M level / CPT coding,False,True
HSP_ACCT_CPT_ASSOC_DX,This table stores the diagnoses that are linked to a coded Current Procedural Terminology (CPT)/Healthcare Common Procedure Coding System (HCPCS) code on a hospital account.,VALUE_LINE,INTEGER,False,False,The line number of an associated diagnosis linked to a specific CPT©/HCPCS code on a hospital account.,ICD-10 / Diagnosis coding;E/M level / CPT coding,False,True
HSP_ACCT_CPT_ASSOC_DX,This table stores the diagnoses that are linked to a coded Current Procedural Terminology (CPT)/Healthcare Common Procedure Coding System (HCPCS) code on a hospital account.,CPT_LINKED_DX_ID_DX_NAME,VARCHAR,False,False,The name of the diagnosis.,ICD-10 / Diagnosis coding;E/M level / CPT coding,False,False
HSP_ACCT_CPT_CODES,This table contains hospital account CPT(R) codes from the Hospital Accounts Receivable (HAR) master file.,HSP_ACCOUNT_ID,NUMERIC,False,False,The ID number of a hospital account.,E/M level / CPT coding,False,True
HSP_ACCT_CPT_CODES,This table contains hospital account CPT(R) codes from the Hospital Accounts Receivable (HAR) master file.,LINE,INTEGER,False,False,"The line number in the results of a query. Since multiple CPT™ codes can be stored in one hospital account, each CPT™ code will have a unique line number.",E/M level / CPT coding,False,True
HSP_ACCT_CPT_CODES,This table contains hospital account CPT(R) codes from the Hospital Accounts Receivable (HAR) master file.,CPT_CODE,VARCHAR,False,False,A CPT™ code stored in the hospital account.,E/M level / CPT coding,False,False
HSP_ACCT_CPT_CODES,This table contains hospital account CPT(R) codes from the Hospital Accounts Receivable (HAR) master file.,CPT_CODE_DATE,DATETIME,False,False,A date associated with a CPT™ code stored in the hospital account.,E/M level / CPT coding,True,False
HSP_ACCT_CPT_CODES,This table contains hospital account CPT(R) codes from the Hospital Accounts Receivable (HAR) master file.,CPT_PERF_PROV_ID_PROV_NAME,VARCHAR,False,False,The name of the service provider. This item may be hidden in a public view of the CLARITY_SER table.,E/M level / CPT coding,False,False
HSP_ACCT_CPT_CODES,This table contains hospital account CPT(R) codes from the Hospital Accounts Receivable (HAR) master file.,CPT_EVENT_NUMBER,INTEGER,False,False,The event number associated with a CPT™ code stored in the hospital account. Event number are used to associate CPT™ codes with procedure codes.,E/M level / CPT coding,False,False
HSP_ACCT_CPT_CODES,This table contains hospital account CPT(R) codes from the Hospital Accounts Receivable (HAR) master file.,CPT_MODIFIERS,VARCHAR,False,False,A modifier or modifiers associated with a CPT™ code stored in the hospital account.,E/M level / CPT coding,False,False
HSP_ACCT_CPT_CODES,This table contains hospital account CPT(R) codes from the Hospital Accounts Receivable (HAR) master file.,LMRP_CODE,VARCHAR,False,False,A Local Medical Review Policy (LMRP) code associated with a CPT™ code stored in the hospital account.,E/M level / CPT coding,False,False
HSP_ACCT_CPT_CODES,This table contains hospital account CPT(R) codes from the Hospital Accounts Receivable (HAR) master file.,CPT_CODE_DESC,VARCHAR,False,False,The description of a CPT® code stored in the hospital account.,E/M level / CPT coding,False,False
HSP_ACCT_CPT_CODES,This table contains hospital account CPT(R) codes from the Hospital Accounts Receivable (HAR) master file.,PX_APC_FAC_RMB_AMT,NUMERIC,False,False,The monetary reimbursement amount for the procedure Ambulatory Payment Classification (APC) FAC on the hospital account.,E/M level / CPT coding,False,False
HSP_ACCT_CPT_CODES,This table contains hospital account CPT(R) codes from the Hospital Accounts Receivable (HAR) master file.,PX_OCE_EDIT_CODE,VARCHAR,False,False,The procedure Outpatient Code Editor (OCE) edit code for the hospital account.,E/M level / CPT coding,False,False
HSP_ACCT_CPT_CODES,This table contains hospital account CPT(R) codes from the Hospital Accounts Receivable (HAR) master file.,PX_APC_CODE,VARCHAR,False,False,The procedure Ambulatory Payment Classification (APC) code for the hospital account.,E/M level / CPT coding,False,False
HSP_ACCT_CPT_CODES,This table contains hospital account CPT(R) codes from the Hospital Accounts Receivable (HAR) master file.,PX_HCFA_PAYMT_AMT,NUMERIC,False,False,The procedure Health Care Payment and Remittance Advice (HCFA) monetary payment amount for the hospital account.,E/M level / CPT coding,False,False
HSP_ACCT_CPT_CODES,This table contains hospital account CPT(R) codes from the Hospital Accounts Receivable (HAR) master file.,PX_COPAY_AMT,NUMERIC,False,False,The monetary copay amount for the procedure on the hospital account.,E/M level / CPT coding,False,False
HSP_ACCT_CPT_CODES,This table contains hospital account CPT(R) codes from the Hospital Accounts Receivable (HAR) master file.,PX_REV_CODE_ID,NUMERIC,False,False,The unique ID of the revenue code.,E/M level / CPT coding,False,False
HSP_ACCT_CPT_CODES,This table contains hospital account CPT(R) codes from the Hospital Accounts Receivable (HAR) master file.,PX_REV_CODE_ID_REVENUE_CODE_NAME,VARCHAR,False,False,The name of the revenue code.,E/M level / CPT coding,False,False
HSP_ACCT_CPT_CODES,This table contains hospital account CPT(R) codes from the Hospital Accounts Receivable (HAR) master file.,CPT_EXCLD_RPT_YN,VARCHAR,False,False,Indicates whether to exclude CPT codes from clinical reporting. This is frequently used to filter out procedures copied over during an account merge to prevent double counting.,E/M level / CPT coding,False,False
HSP_ACCT_CPT_CODES,This table contains hospital account CPT(R) codes from the Hospital Accounts Receivable (HAR) master file.,CPT_QUANTITY,INTEGER,False,False,Quantity of the CPT(R)/HCPCS code. Hospital accounts created prior to Epic 2014 have a null value in this column which implies a quantity of 1.,E/M level / CPT coding,False,False
HSP_ACCT_CPT_CODES,This table contains hospital account CPT(R) codes from the Hospital Accounts Receivable (HAR) master file.,CPT_POS_TYPE_C_NAME,VARCHAR,True,False,Stores the Place of Service (POS) Type value for a coded CPT on an account..,E/M level / CPT coding,False,False
HSP_ACCT_CPT_PRVCM,This table contains the other provider comments associated with the hospital account CPT(R)/HCPCS codes list in the Hospital Accounts Receivable (HAR) master file.,HSP_ACCOUNT_ID,NUMERIC,False,False,This column stores the unique identifier for the hospital account.,E/M level / CPT coding,False,True
HSP_ACCT_CPT_PRVCM,This table contains the other provider comments associated with the hospital account CPT(R)/HCPCS codes list in the Hospital Accounts Receivable (HAR) master file.,GROUP_LINE,INTEGER,False,False,The line number for the information associated with this record.,E/M level / CPT coding,False,True
HSP_ACCT_CPT_PRVCM,This table contains the other provider comments associated with the hospital account CPT(R)/HCPCS codes list in the Hospital Accounts Receivable (HAR) master file.,VALUE_LINE,INTEGER,False,False,The line number of one of the multiple values associated with a specific group of data within this record.,E/M level / CPT coding,False,True
HSP_ACCT_CPT_PRVCM,This table contains the other provider comments associated with the hospital account CPT(R)/HCPCS codes list in the Hospital Accounts Receivable (HAR) master file.,CPT_OTHER_PROV_CMNT,VARCHAR,False,False,User comment for the other providers associated with the CPT® / HCPCS procedure.,E/M level / CPT coding,False,False
HSP_ACCT_CPT_PRVDR,This table contains the other providers associated with the hospital account CPT(R)/HCPCS codes list in the Hospital Accounts Receivable (HAR) master file.,HSP_ACCOUNT_ID,NUMERIC,False,False,This column stores the unique identifier for the hospital account.,E/M level / CPT coding,False,True
HSP_ACCT_CPT_PRVDR,This table contains the other providers associated with the hospital account CPT(R)/HCPCS codes list in the Hospital Accounts Receivable (HAR) master file.,GROUP_LINE,INTEGER,False,False,The line number for the information associated with this record.,E/M level / CPT coding,False,True
HSP_ACCT_CPT_PRVDR,This table contains the other providers associated with the hospital account CPT(R)/HCPCS codes list in the Hospital Accounts Receivable (HAR) master file.,VALUE_LINE,INTEGER,False,False,The line number of one of the multiple values associated with a specific group of data within this record.,E/M level / CPT coding,False,True
HSP_ACCT_CPT_PRVDR,This table contains the other providers associated with the hospital account CPT(R)/HCPCS codes list in the Hospital Accounts Receivable (HAR) master file.,CPT_OTHER_PROV_ID_PROV_NAME,VARCHAR,False,False,The name of the service provider. This item may be hidden in a public view of the CLARITY_SER table.,E/M level / CPT coding,False,False
HSP_ACCT_CPT_PRVRO,This table contains the other provider roles associated with the hospital account CPT(R)/HCPCS codes list in the Hospital Accounts Receivable (HAR) master file.,HSP_ACCOUNT_ID,NUMERIC,False,False,This column stores the unique identifier for the hospital account.,E/M level / CPT coding,False,True
HSP_ACCT_CPT_PRVRO,This table contains the other provider roles associated with the hospital account CPT(R)/HCPCS codes list in the Hospital Accounts Receivable (HAR) master file.,GROUP_LINE,INTEGER,False,False,The line number for the information associated with this record.,E/M level / CPT coding,False,True
HSP_ACCT_CPT_PRVRO,This table contains the other provider roles associated with the hospital account CPT(R)/HCPCS codes list in the Hospital Accounts Receivable (HAR) master file.,VALUE_LINE,INTEGER,False,False,The line number of one of the multiple values associated with a specific group of data within this record.,E/M level / CPT coding,False,True
HSP_ACCT_CPT_PRVRO,This table contains the other provider roles associated with the hospital account CPT(R)/HCPCS codes list in the Hospital Accounts Receivable (HAR) master file.,CPT_OTHER_PROV_RL_C_NAME,VARCHAR,True,False,Roles of the other providers associated with the CPT® / HCPCS procedure.,E/M level / CPT coding,False,False
HSP_ACCT_DX_LIST,This table contains hospital account final diagnosis list information from the Hospital Accounts Receivable (HAR) master file.,HSP_ACCOUNT_ID,NUMERIC,False,False,The ID number of a hospital account.,ICD-10 / Diagnosis coding,False,True
HSP_ACCT_DX_LIST,This table contains hospital account final diagnosis list information from the Hospital Accounts Receivable (HAR) master file.,LINE,INTEGER,False,False,"The line number in the results of a query. Since multiple final ICD diagnoses can be stored in one hospital account, each diagnosis will have a unique line number. The record associated with line 1 represents the principal final coded diagnosis.",ICD-10 / Diagnosis coding,False,True
HSP_ACCT_DX_LIST,This table contains hospital account final diagnosis list information from the Hospital Accounts Receivable (HAR) master file.,DX_ID_DX_NAME,VARCHAR,False,False,The name of the diagnosis.,ICD-10 / Diagnosis coding,False,False
HSP_ACCT_DX_LIST,This table contains hospital account final diagnosis list information from the Hospital Accounts Receivable (HAR) master file.,DX_AFFECTS_DRG_YN,VARCHAR,False,False,"Specifies if the diagnosis affects the diagnosis-related group (DRG) associated with the hospital account. 1-yes, 2-no",ICD-10 / Diagnosis coding,False,False
HSP_ACCT_DX_LIST,This table contains hospital account final diagnosis list information from the Hospital Accounts Receivable (HAR) master file.,DX_COMORBIDITY_YN,VARCHAR,False,False,"Specifies if the diagnosis is a non-complication/comorbidity (""N""), complication/comorbidity (""Y""), or major complication/comorbidity (""Y""). Note that this column is extracted as an explicit ""N"" or ""Y"", where ""Y"" is used for both CC and MCC. The updated column DX_COMORBIDITY_C can be used to distinguish between CC and MCC diagnoses.",ICD-10 / Diagnosis coding,False,False
HSP_ACCT_DX_LIST,This table contains hospital account final diagnosis list information from the Hospital Accounts Receivable (HAR) master file.,FINAL_DX_SOI_C_NAME,VARCHAR,False,False,Stores the final diagnosis severity of illness,ICD-10 / Diagnosis coding,False,False
HSP_ACCT_DX_LIST,This table contains hospital account final diagnosis list information from the Hospital Accounts Receivable (HAR) master file.,FINAL_DX_ROM_C_NAME,VARCHAR,False,False,Stores the final diagnosis risk of mortality,ICD-10 / Diagnosis coding,False,False
HSP_ACCT_DX_LIST,This table contains hospital account final diagnosis list information from the Hospital Accounts Receivable (HAR) master file.,FINAL_DX_EXCLD_YN,VARCHAR,False,False,Stores whether the final diagnosis should be excluded from clinical reporting,ICD-10 / Diagnosis coding,False,False
HSP_ACCT_DX_LIST,This table contains hospital account final diagnosis list information from the Hospital Accounts Receivable (HAR) master file.,FNL_DX_AFCT_SOI_YN,VARCHAR,False,False,Stores whether the diagnosis affects severity of illness.,ICD-10 / Diagnosis coding,False,False
HSP_ACCT_DX_LIST,This table contains hospital account final diagnosis list information from the Hospital Accounts Receivable (HAR) master file.,FNL_DX_AFCT_ROM_YN,VARCHAR,False,False,Stores whether the diagnosis affects risk of mortality.,ICD-10 / Diagnosis coding,False,False
HSP_ACCT_DX_LIST,This table contains hospital account final diagnosis list information from the Hospital Accounts Receivable (HAR) master file.,FINAL_DX_POA_C_NAME,VARCHAR,True,False,Specifies whether each diagnosis was present on admission.,ICD-10 / Diagnosis coding,False,False
HSP_ACCT_DX_LIST,This table contains hospital account final diagnosis list information from the Hospital Accounts Receivable (HAR) master file.,DX_COMORBIDITY_C_NAME,VARCHAR,False,False,Specifies if complication / comorbidity exists for each diagnosis on the hospital account.,ICD-10 / Diagnosis coding,False,False
HSP_ACCT_DX_LIST,This table contains hospital account final diagnosis list information from the Hospital Accounts Receivable (HAR) master file.,DX_HAC_YN,VARCHAR,False,False,Specifies if the diagnosis contributed to a Hospital Acquired Condition.,ICD-10 / Diagnosis coding,False,False
HSP_ACCT_DX_LIST,This table contains hospital account final diagnosis list information from the Hospital Accounts Receivable (HAR) master file.,DX_COF_C_NAME,VARCHAR,False,False,The COF (Condition Onset Flag) for the diagnosis. This item describes whether the diagnosis is onset during the episode (on) or outside of the timeframe of the episode (not).,ICD-10 / Diagnosis coding,False,False
HSP_ACCT_DX_LIST,This table contains hospital account final diagnosis list information from the Hospital Accounts Receivable (HAR) master file.,DX_COMPLEXITY_LVL,INTEGER,False,False,The diagnosis complexity level - the complexity weight assigned to the diagnosis in relation to the DRG.,ICD-10 / Diagnosis coding,False,False
HSP_ACCT_DX_LIST,This table contains hospital account final diagnosis list information from the Hospital Accounts Receivable (HAR) master file.,COMPLEX_DX_C_NAME,VARCHAR,False,False,The complex diagnosis indicator for the diagnosis code.,ICD-10 / Diagnosis coding,False,False
HSP_ACCT_DX_LIST,This table contains hospital account final diagnosis list information from the Hospital Accounts Receivable (HAR) master file.,DX_CLASS_C_NAME,VARCHAR,True,False,The diagnosis classification.,ICD-10 / Diagnosis coding,False,False
HSP_ACCT_DX_LIST,This table contains hospital account final diagnosis list information from the Hospital Accounts Receivable (HAR) master file.,CAUSE_DEATH_YN,VARCHAR,False,False,This field indicates whether the diagnosis is a cause of death for the patient.,ICD-10 / Diagnosis coding,False,False
HSP_ACCT_DX_LIST,This table contains hospital account final diagnosis list information from the Hospital Accounts Receivable (HAR) master file.,DX_CLUSTER,VARCHAR,False,False,This item stores the diagnosis cluster identifier.,ICD-10 / Diagnosis coding,False,False
HSP_ACCT_DX_LIST_AU_HACS,The Australian Hospital Acquired Complications associated with coded diagnoses.,HSP_ACCOUNT_ID,NUMERIC,False,False,The unique identifier (.1 item) for the account record.,ICD-10 / Diagnosis coding,False,True
HSP_ACCT_DX_LIST_AU_HACS,The Australian Hospital Acquired Complications associated with coded diagnoses.,GROUP_LINE,INTEGER,False,False,The line number for the information associated with this record.,ICD-10 / Diagnosis coding,False,True
HSP_ACCT_DX_LIST_AU_HACS,The Australian Hospital Acquired Complications associated with coded diagnoses.,VALUE_LINE,INTEGER,False,False,The line number of one of the multiple values associated with a specific group of data within this record.,ICD-10 / Diagnosis coding,False,True
HSP_ACCT_DX_LIST_AU_HACS,The Australian Hospital Acquired Complications associated with coded diagnoses.,DX_AU_HAC_CAT_C_NAME,VARCHAR,False,False,This item stores the Australian hospital acquired complication category associated with each coded diagnosis.,ICD-10 / Diagnosis coding,False,False
HSP_ACCT_DX_LIST_HACS,The Hospital Acquired Conditions (HACs) associated with final coded diagnoses.,HSP_ACCOUNT_ID,NUMERIC,False,False,The unique identifier (.1 item) for the account record.,ICD-10 / Diagnosis coding,False,True
HSP_ACCT_DX_LIST_HACS,The Hospital Acquired Conditions (HACs) associated with final coded diagnoses.,GROUP_LINE,INTEGER,False,False,The line number for the information associated with this record.,ICD-10 / Diagnosis coding,False,True
HSP_ACCT_DX_LIST_HACS,The Hospital Acquired Conditions (HACs) associated with final coded diagnoses.,VALUE_LINE,INTEGER,False,False,The line number of one of the multiple values associated with a specific group of data within this record.,ICD-10 / Diagnosis coding,False,True
HSP_ACCT_DX_LIST_HACS,The Hospital Acquired Conditions (HACs) associated with final coded diagnoses.,DX_HAC_CAT_C_NAME,VARCHAR,False,False,"Which Hospital-Acquired Condition (HAC) categories the diagnosis is part of for this account, if any.",ICD-10 / Diagnosis coding,False,False
HSP_ACCT_ICDPX_ALT,This table contains the hospital account alternate ICD procedures from the hospital account (HAR) master file. Alternate ICD procedures will be specified if hospital accounts are coded with two sets of ICD codes.,ACCT_ID,NUMERIC,False,False,The unique identifier for the hospital account record.,ICD-10 / Diagnosis coding,False,True
HSP_ACCT_ICDPX_ALT,This table contains the hospital account alternate ICD procedures from the hospital account (HAR) master file. Alternate ICD procedures will be specified if hospital accounts are coded with two sets of ICD codes.,LINE,INTEGER,False,False,The line number for the information associated with this record. Multiple pieces of information can be associated with this record.,ICD-10 / Diagnosis coding,False,True
HSP_ACCT_ICDPX_ALT,This table contains the hospital account alternate ICD procedures from the hospital account (HAR) master file. Alternate ICD procedures will be specified if hospital accounts are coded with two sets of ICD codes.,ICD_PX_ALT_ID,VARCHAR,False,False,The alternate ICD procedures stored in the hospital account.,ICD-10 / Diagnosis coding,False,False
HSP_ACCT_ICDPX_ALT,This table contains the hospital account alternate ICD procedures from the hospital account (HAR) master file. Alternate ICD procedures will be specified if hospital accounts are coded with two sets of ICD codes.,ICD_PX_ALT_ID_ICD_PX_NAME,VARCHAR,False,False,The name of the ICD procedure record.,ICD-10 / Diagnosis coding,False,False
HSP_ACCT_ICDPX_ALT,This table contains the hospital account alternate ICD procedures from the hospital account (HAR) master file. Alternate ICD procedures will be specified if hospital accounts are coded with two sets of ICD codes.,ICD_PX_ALT_DATE,DATETIME,False,False,The alternate ICD procedure service date.,ICD-10 / Diagnosis coding,True,False
HSP_ACCT_ICDPX_ALT,This table contains the hospital account alternate ICD procedures from the hospital account (HAR) master file. Alternate ICD procedures will be specified if hospital accounts are coded with two sets of ICD codes.,ICD_PX_ALT_PROV_ID_PROV_NAME,VARCHAR,False,False,The name of the service provider. This item may be hidden in a public view of the CLARITY_SER table.,ICD-10 / Diagnosis coding,False,False
HSP_ACCT_ICDPX_ALT,This table contains the hospital account alternate ICD procedures from the hospital account (HAR) master file. Alternate ICD procedures will be specified if hospital accounts are coded with two sets of ICD codes.,ICD_PX_ALT_EVNT_NUM,INTEGER,False,False,The alternate ICD procedure event link number.,ICD-10 / Diagnosis coding,False,False
HSP_ACCT_ICDPX_ALT,This table contains the hospital account alternate ICD procedures from the hospital account (HAR) master file. Alternate ICD procedures will be specified if hospital accounts are coded with two sets of ICD codes.,ICD_PX_ALT_EXCLD_YN,VARCHAR,False,False,The alternate ICD procedure exclude from clinical reporting data.,ICD-10 / Diagnosis coding,False,False
HSP_ACCT_ICDPX_ALT,This table contains the hospital account alternate ICD procedures from the hospital account (HAR) master file. Alternate ICD procedures will be specified if hospital accounts are coded with two sets of ICD codes.,ICD_PX_ALT_AFSOI_YN,VARCHAR,False,False,The alternate ICD procedure affects severity of illness data.,ICD-10 / Diagnosis coding,False,False
HSP_ACCT_ICDPX_ALT,This table contains the hospital account alternate ICD procedures from the hospital account (HAR) master file. Alternate ICD procedures will be specified if hospital accounts are coded with two sets of ICD codes.,ICD_PX_ALT_AFROM_YN,VARCHAR,False,False,The alternate ICD procedure affects risk of mortality data.,ICD-10 / Diagnosis coding,False,False
HSP_BDC_APPEAL_DATES,This table stores Appealed Days start and end dates.,BDC_ID,NUMERIC,False,False,This column stores the unique identifier for the denial/correspondence record.,Claims / Denials,False,True
HSP_BDC_APPEAL_DATES,This table stores Appealed Days start and end dates.,LINE,INTEGER,False,False,The line number for the information associated with this record. Multiple pieces of information can be associated with this record.,Claims / Denials,False,True
HSP_BDC_APPEAL_DATES,This table stores Appealed Days start and end dates.,APPEAL_START_DATE,DATETIME,False,False,This column stores the start date for an appealed date range for the denial record.,Claims / Denials,True,False
HSP_BDC_APPEAL_DATES,This table stores Appealed Days start and end dates.,APPEAL_END_DATE,DATETIME,False,False,This column stores the end date for an appealed date range for the denial record.,Claims / Denials,True,False
HSP_BDC_CHNG_HX,Change History for the Denial/Correspondence (BDC) record.,BDC_ID,NUMERIC,False,False,This column stores the unique identifier for the denial or correspondence record.,Claims / Denials,False,True
HSP_BDC_CHNG_HX,Change History for the Denial/Correspondence (BDC) record.,LINE_COUNT,INTEGER,False,False,Line number of change history that is being extracted by enterprise reporting.,Claims / Denials,False,True
HSP_BDC_CHNG_HX,Change History for the Denial/Correspondence (BDC) record.,CHNG_INSTANT,DATETIME (Local),False,False,Instant this change occurred,Claims / Denials,False,False
HSP_BDC_CHNG_HX,Change History for the Denial/Correspondence (BDC) record.,CHNG_USER_ID,VARCHAR,False,False,User who initiated the change,Claims / Denials,False,False
HSP_BDC_CHNG_HX,Change History for the Denial/Correspondence (BDC) record.,CHNG_USER_ID_NAME,VARCHAR,False,False,The name of the user record. This name may be hidden.,Claims / Denials,False,False
HSP_BDC_CHNG_HX,Change History for the Denial/Correspondence (BDC) record.,CHNG_TYPE_C_NAME,VARCHAR,False,False,Type of change that occurred.,Claims / Denials,False,False
HSP_BDC_CHNG_HX,Change History for the Denial/Correspondence (BDC) record.,CHNG_SOURCE_VAL,VARCHAR,False,False,This column stores the source value before change. It can be the unique identifier for the liability bucket or the denial/correspondence type (I BDC 30) depending on the type of change.,Claims / Denials,False,False
HSP_BDC_CHNG_HX,Change History for the Denial/Correspondence (BDC) record.,CHNG_TARGET_VAL,VARCHAR,False,False,This column stores the target value after change. It can be the unique identifier for the liability bucket or the denial/correspondence type (I BDC 30) depending on the type of change.,Claims / Denials,False,False
HSP_BDC_CHNG_HX,Change History for the Denial/Correspondence (BDC) record.,CHNG_FOLLOW_UP_DT,DATETIME,False,False,The follow-up date associated with the change.,Claims / Denials,True,False
HSP_BDC_CHNG_HX,Change History for the Denial/Correspondence (BDC) record.,CHNG_COMMENTS,VARCHAR,False,False,Comments for change.,Claims / Denials,False,False
HSP_BDC_CHNG_HX,Change History for the Denial/Correspondence (BDC) record.,BFH_ID,NUMERIC,False,False,Stores the Billing Follow-up History (BFH) record ID that contains the information about the billing activity that was performed on this BDC.,Claims / Denials,False,False
HSP_BDC_CONTRIB_PMT,This table includes a list of payments that contributed to the creation of the follow-up record.,BDC_ID,NUMERIC,False,False,This column stores the unique identifier for the denial/correspondence record.,Claims / Denials,False,True
HSP_BDC_CONTRIB_PMT,This table includes a list of payments that contributed to the creation of the follow-up record.,LINE,INTEGER,False,False,The line number for the information associated with this record. Multiple pieces of information can be associated with this record.,Claims / Denials,False,True
HSP_BDC_CONTRIB_PMT,This table includes a list of payments that contributed to the creation of the follow-up record.,CONTRIB_PMT_TX_ID,NUMERIC,False,False,"This column stores the list of payments that contributed to the denial/correspondence record (BDC) creation. For variances this can be multiple payments in case of multiple partials forming a full payment or just the source payment. For all other BDC types, this will only be the source payment.",Claims / Denials,False,False
HSP_BDC_CPT_CODE,"This table contains user-entered Current Procedural Terminology (CPT) code overrides for follow-up records (that is, denials).",BDC_ID,NUMERIC,False,False,This column stores the unique identifier for the denial or correspondence record.,E/M level / CPT coding;Claims / Denials,False,True
HSP_BDC_CPT_CODE,"This table contains user-entered Current Procedural Terminology (CPT) code overrides for follow-up records (that is, denials).",LINE,INTEGER,False,False,The line number for the information associated with this record. Multiple pieces of information can be associated with this record.,E/M level / CPT coding;Claims / Denials,False,True
HSP_BDC_CPT_CODE,"This table contains user-entered Current Procedural Terminology (CPT) code overrides for follow-up records (that is, denials).",CPT_CODE,VARCHAR,False,False,This item stores the user overridden CPT(R) code for the denial.,E/M level / CPT coding;Claims / Denials,False,False
HSP_BDC_CRSPNDNCE,Correspondence text in a Denial/Correspondence (BDC) record. Stores the lines of correspondence text received.,BDC_ID,NUMERIC,False,False,This column stores the unique identifier for the denial or correspondence record.,Claims / Denials,False,True
HSP_BDC_CRSPNDNCE,Correspondence text in a Denial/Correspondence (BDC) record. Stores the lines of correspondence text received.,LINE_COUNT,INTEGER,False,False,Line number of correspondence text that is being extracted by enterprise reporting,Claims / Denials,False,True
HSP_BDC_CRSPNDNCE,Correspondence text in a Denial/Correspondence (BDC) record. Stores the lines of correspondence text received.,CRSPNDCE_TEXT,VARCHAR,False,False,This column stores the one line of Correspondence Text or Comments (I BDC 300).,Claims / Denials,False,False
HSP_BDC_DENIAL_DATA,This table contains denial information stored in the Denial/Remark/Correspondence records in the Denial/Correspondence (BDC) master file. There can be multiple lines of data for each record. Each line represents one claim/explanations of benefits (EOB) line that was denied.,BDC_ID,NUMERIC,False,False,This column stores the unique identifier for the denial or correspondence record.,Claims / Denials,False,True
HSP_BDC_DENIAL_DATA,This table contains denial information stored in the Denial/Remark/Correspondence records in the Denial/Correspondence (BDC) master file. There can be multiple lines of data for each record. Each line represents one claim/explanations of benefits (EOB) line that was denied.,LINE_COUNT,INTEGER,False,False,Line number of denial data. There can be multiple lines of denial data and this is the number of the line that enterprise reporting is extracting.,Claims / Denials,False,True
HSP_BDC_DENIAL_DATA,This table contains denial information stored in the Denial/Remark/Correspondence records in the Denial/Correspondence (BDC) master file. There can be multiple lines of data for each record. Each line represents one claim/explanations of benefits (EOB) line that was denied.,LINE_ON_EOB,INTEGER,False,False,"This column stores the line on explanation of benefits that was denied. ""-1"" represents the total denial data that is the sum of the invoice-level and sum of line-level data. ""0"" represents the invoice-level data.",Claims / Denials,False,False
HSP_BDC_DENIAL_DATA,This table contains denial information stored in the Denial/Remark/Correspondence records in the Denial/Correspondence (BDC) master file. There can be multiple lines of data for each record. Each line represents one claim/explanations of benefits (EOB) line that was denied.,LINE_BILLED_AMOUNT,NUMERIC,False,False,Billed amount on the claim line that was denied. If the denial was at the invoice level - this is the billed amount for the entire claim,Claims / Denials,False,False
HSP_BDC_DENIAL_DATA,This table contains denial information stored in the Denial/Remark/Correspondence records in the Denial/Correspondence (BDC) master file. There can be multiple lines of data for each record. Each line represents one claim/explanations of benefits (EOB) line that was denied.,LINE_ALLWD_AMT,NUMERIC,False,False,The payment allowed amount for claim line that was denied. If the denial was for the entire invoice this is the allowed amount on the entire payment.,Claims / Denials,False,False
HSP_BDC_DENIAL_DATA,This table contains denial information stored in the Denial/Remark/Correspondence records in the Denial/Correspondence (BDC) master file. There can be multiple lines of data for each record. Each line represents one claim/explanations of benefits (EOB) line that was denied.,LINE_PAID_AMT,NUMERIC,False,False,"This column stores the amount paid for the line that was denied. $0.00 if fully denied, >0 if partially denied. If the denial was for the entire invoice then this is the amount paid for the entire claim.",Claims / Denials,False,False
HSP_BDC_DENIAL_DATA,This table contains denial information stored in the Denial/Remark/Correspondence records in the Denial/Correspondence (BDC) master file. There can be multiple lines of data for each record. Each line represents one claim/explanations of benefits (EOB) line that was denied.,LINE_DENIED_AMT,NUMERIC,False,False,Denied amount for claim line that was denied. If the denial is for the entire invoice then this is the denied amount for the claim.,Claims / Denials,False,False
HSP_BDC_DENIAL_DATA,This table contains denial information stored in the Denial/Remark/Correspondence records in the Denial/Correspondence (BDC) master file. There can be multiple lines of data for each record. Each line represents one claim/explanations of benefits (EOB) line that was denied.,LINE_COMMENTS,VARCHAR,False,False,This column stores comments on explanation of benefits for denied line.,Claims / Denials,False,False
HSP_BDC_DENIAL_DATA,This table contains denial information stored in the Denial/Remark/Correspondence records in the Denial/Correspondence (BDC) master file. There can be multiple lines of data for each record. Each line represents one claim/explanations of benefits (EOB) line that was denied.,LINE_REVENUE_CODE_ID,NUMERIC,False,False,This column stores the unique identifier for the line-level revenue code for the denial.,Claims / Denials,False,False
HSP_BDC_DENIAL_DATA,This table contains denial information stored in the Denial/Remark/Correspondence records in the Denial/Correspondence (BDC) master file. There can be multiple lines of data for each record. Each line represents one claim/explanations of benefits (EOB) line that was denied.,LINE_REVENUE_CODE_ID_REVENUE_CODE_NAME,VARCHAR,False,False,The name of the revenue code.,Claims / Denials,False,False
HSP_BDC_DENIAL_DATA,This table contains denial information stored in the Denial/Remark/Correspondence records in the Denial/Correspondence (BDC) master file. There can be multiple lines of data for each record. Each line represents one claim/explanations of benefits (EOB) line that was denied.,LINE_CPT_CODE,VARCHAR,False,False,This item stores the line-level CPT(R) code for the denial.,Claims / Denials,False,False
HSP_BDC_DENIAL_DATA,This table contains denial information stored in the Denial/Remark/Correspondence records in the Denial/Correspondence (BDC) master file. There can be multiple lines of data for each record. Each line represents one claim/explanations of benefits (EOB) line that was denied.,LINE_PRIMARY_CHARGE_TX_ID,NUMERIC,False,False,Charge with the greatest amount from the claim line that was denied. If two charges have the same amount the older one will be the primary charge.,Claims / Denials,False,False
HSP_BDC_DENIAL_DATA,This table contains denial information stored in the Denial/Remark/Correspondence records in the Denial/Correspondence (BDC) master file. There can be multiple lines of data for each record. Each line represents one claim/explanations of benefits (EOB) line that was denied.,LINE_SERVICE_DATE,DATETIME,False,False,The line level service date of the denial.,Claims / Denials,True,False
HSP_BDC_DENIAL_DATA,This table contains denial information stored in the Denial/Remark/Correspondence records in the Denial/Correspondence (BDC) master file. There can be multiple lines of data for each record. Each line represents one claim/explanations of benefits (EOB) line that was denied.,LINE_QUANTITY,NUMERIC,False,False,The line level quantity for the denied line.,Claims / Denials,False,False
HSP_BDC_DENIAL_DATA,This table contains denial information stored in the Denial/Remark/Correspondence records in the Denial/Correspondence (BDC) master file. There can be multiple lines of data for each record. Each line represents one claim/explanations of benefits (EOB) line that was denied.,LINE_ON_CLAIM,INTEGER,False,False,This item stores the line-level expected allowed amount for the denied claim line.,Claims / Denials,False,False
HSP_BDC_DENIAL_DATA,This table contains denial information stored in the Denial/Remark/Correspondence records in the Denial/Correspondence (BDC) master file. There can be multiple lines of data for each record. Each line represents one claim/explanations of benefits (EOB) line that was denied.,LINE_EXPECTED_ALLOWED_AMT,NUMERIC,False,False,This item stores the line-level expected allowed amount for the denied claim line.,Claims / Denials,False,False
HSP_BDC_DENIED_DATES,This table stores the Denied Days start and end dates.,BDC_ID,NUMERIC,False,False,This column stores the unique identifier for the denial or correspondence record.,Claims / Denials,False,True
HSP_BDC_DENIED_DATES,This table stores the Denied Days start and end dates.,LINE,INTEGER,False,False,The line number for the information associated with this record. Multiple pieces of information can be associated with this record.,Claims / Denials,False,True
HSP_BDC_DENIED_DATES,This table stores the Denied Days start and end dates.,DENIED_START_DATE,DATETIME,False,False,This column stores the start date for a denied date range for the denial record.,Claims / Denials,True,False
HSP_BDC_DENIED_DATES,This table stores the Denied Days start and end dates.,DENIED_END_DATE,DATETIME,False,False,This column stores the end date for a denied date range for the denial record.,Claims / Denials,True,False
HSP_BDC_DENIED_DIAGNOSES,This table stores the list of diagnoses on the denial.,BDC_ID,NUMERIC,False,False,This column stores the unique identifier for the denial or correspondence record.,ICD-10 / Diagnosis coding;Claims / Denials,False,True
HSP_BDC_DENIED_DIAGNOSES,This table stores the list of diagnoses on the denial.,LINE,INTEGER,False,False,The line number for the information associated with this record. Multiple pieces of information can be associated with this record.,ICD-10 / Diagnosis coding;Claims / Denials,False,True
HSP_BDC_DENIED_DIAGNOSES,This table stores the list of diagnoses on the denial.,DENIED_DIAGNOSIS,VARCHAR,False,False,A diagnosis that caused this denial.,ICD-10 / Diagnosis coding;Claims / Denials,False,False
HSP_BDC_DSC_RSN_CD,This table contains discrepancy reason code information for records in the Denial/Correspondence (DBC) master file.,BDC_ID,NUMERIC,False,False,This column stores the unique identifier for the denial or correspondence record the discrepancy reason code information is associated with.,Claims / Denials,False,True
HSP_BDC_DSC_RSN_CD,This table contains discrepancy reason code information for records in the Denial/Correspondence (DBC) master file.,LINE,INTEGER,False,False,Line number of discrepancy reason code information that is being extracted by enterprise reporting.,Claims / Denials,False,True
HSP_BDC_DSC_RSN_CD,This table contains discrepancy reason code information for records in the Denial/Correspondence (DBC) master file.,DISCP_RMC_CODE_ID,VARCHAR,False,False,The discrepancy reason code associated with the denial/correspondence record.,Claims / Denials,False,False
HSP_BDC_DSC_RSN_CD,This table contains discrepancy reason code information for records in the Denial/Correspondence (DBC) master file.,DISCP_RMC_CODE_ID_REMIT_CODE_NAME,VARCHAR,False,False,The name of each remittance code.,Claims / Denials,False,False
HSP_BDC_DSC_RSN_CD,This table contains discrepancy reason code information for records in the Denial/Correspondence (DBC) master file.,EXTL_DISCP_RSN_CD,VARCHAR,False,False,The external discrepancy reason code associated with the denial/correspondence record.,Claims / Denials,False,False
HSP_BDC_DSC_RSN_CD,This table contains discrepancy reason code information for records in the Denial/Correspondence (DBC) master file.,DISP_GRP_CODE_C_NAME,VARCHAR,True,False,This column stores the discrepancy reason group code associated with the discrepancy reason code associated with the denial correspondence record.,Claims / Denials,False,False
HSP_BDC_IMAGING,This table contains related imaging information for the Denial/Correspondence (BDC) master file.,BDC_ID,NUMERIC,False,False,This column stores the unique identifier for the denial or correspondence record the related imaging information is associated with.,Claims / Denials,False,True
HSP_BDC_IMAGING,This table contains related imaging information for the Denial/Correspondence (BDC) master file.,LINE,INTEGER,False,False,Line number of related imaging information that is being extracted by enterprise reporting.,Claims / Denials,False,True
HSP_BDC_IMAGING,This table contains related imaging information for the Denial/Correspondence (BDC) master file.,BDC_IMAGE_MNE_C_NAME,VARCHAR,True,False,The image mnemonic associated with this group of related denial/correspondence imaging information.,Claims / Denials,False,False
HSP_BDC_IMAGING,This table contains related imaging information for the Denial/Correspondence (BDC) master file.,IMAGE_KEY,VARCHAR,False,False,The image key associated with this group of related denial/correspondence imaging information.,Claims / Denials,False,False
HSP_BDC_IMAGING,This table contains related imaging information for the Denial/Correspondence (BDC) master file.,IMAGE_PAGE_NUMBER,VARCHAR,False,False,The image page number associated with this group of related denial/correspondence imaging information.,Claims / Denials,False,False
HSP_BDC_IMAGING,This table contains related imaging information for the Denial/Correspondence (BDC) master file.,BDC_PB_IMG_MNE_C_NAME,VARCHAR,True,False,This column stores the professional billing image mnemonic that may be associated with this group of related correspondence imaging information.,Claims / Denials,False,False
HSP_BDC_LINE_MODIFIERS,This table extracts the comma-delimited list of modifiers that is stored in the Line Modifier (I BDC 291) item for line-level denials. This table will contain one row for each modifier that exists in the list.,BDC_ID,NUMERIC,False,False,This column stores the unique identifier for the denial or correspondence record.,Claims / Denials,False,True
HSP_BDC_LINE_MODIFIERS,This table extracts the comma-delimited list of modifiers that is stored in the Line Modifier (I BDC 291) item for line-level denials. This table will contain one row for each modifier that exists in the list.,LINE_COUNT,INTEGER,False,False,Line number of denial data. There can be multiple lines of denial data and this is the number of the line that enterprise reporting is extracting.,Claims / Denials,False,True
HSP_BDC_LINE_MODIFIERS,This table extracts the comma-delimited list of modifiers that is stored in the Line Modifier (I BDC 291) item for line-level denials. This table will contain one row for each modifier that exists in the list.,MOD_LINE,INTEGER,False,False,"Multiple modifiers can be associated with a specific line on a denial, and this calculated number acts as a unique identifier for an associated modifier.",Claims / Denials,False,True
HSP_BDC_LINE_MODIFIERS,This table extracts the comma-delimited list of modifiers that is stored in the Line Modifier (I BDC 291) item for line-level denials. This table will contain one row for each modifier that exists in the list.,EXT_MODIFIER,VARCHAR,False,False,This column stores the external identifier for the associated modifier record.,Claims / Denials,False,False
HSP_BDC_LINE_MODIFIERS,This table extracts the comma-delimited list of modifiers that is stored in the Line Modifier (I BDC 291) item for line-level denials. This table will contain one row for each modifier that exists in the list.,MODIFIER_ID,VARCHAR,False,False,This column stores the unique internal identifier for the associated modifier.,Claims / Denials,False,False
HSP_BDC_LINE_MODIFIERS,This table extracts the comma-delimited list of modifiers that is stored in the Line Modifier (I BDC 291) item for line-level denials. This table will contain one row for each modifier that exists in the list.,MODIFIER_ID_MODIFIER_NAME,VARCHAR,False,False,The name of the modifier record.,Claims / Denials,False,False
HSP_BDC_PAYOR,Table of payors attached to denial/correspondence records. Each denial/correspondence can be associated with multiple payors.,BDC_ID,NUMERIC,False,False,This column stores the unique identifier for the denial or correspondence record.,Claims / Denials,False,True
HSP_BDC_PAYOR,Table of payors attached to denial/correspondence records. Each denial/correspondence can be associated with multiple payors.,LINE,INTEGER,False,False,The line number for the information associated with this record. Multiple pieces of information can be associated with this record.,Claims / Denials,False,True
HSP_BDC_PAYOR,Table of payors attached to denial/correspondence records. Each denial/correspondence can be associated with multiple payors.,PAYOR_ID_PAYOR_NAME,VARCHAR,False,False,The name of the payor.,Claims / Denials,False,False
HSP_BDC_PROF_INV,Table of professional invoice numbers attached to correspondence records. Each correspondence record can be associated with multiple professional invoices.,BDC_ID,NUMERIC,False,False,This column stores the unique identifier for the denial/correspondence record.,Claims / Denials,False,True
HSP_BDC_PROF_INV,Table of professional invoice numbers attached to correspondence records. Each correspondence record can be associated with multiple professional invoices.,LINE,INTEGER,False,False,The line number for the information associated with this record. Multiple pieces of information can be associated with this record.,Claims / Denials,False,True
HSP_BDC_PROF_INV,Table of professional invoice numbers attached to correspondence records. Each correspondence record can be associated with multiple professional invoices.,PROF_INVOICE_NUM,VARCHAR,False,False,The invoice number of a professional invoice associated with a correspondence record.,Claims / Denials,False,False
HSP_BDC_RECV_TX,This table contains recovery payment information for Denial/Correspondence (BDC) records.,BDC_ID,NUMERIC,False,False,This column stores the unique identifier for the denial/correspondence record.,Claims / Denials,False,True
HSP_BDC_RECV_TX,This table contains recovery payment information for Denial/Correspondence (BDC) records.,LINE,INTEGER,False,False,The line number for the information associated with this record. Multiple pieces of information can be associated with this record.,Claims / Denials,False,True
HSP_BDC_RECV_TX,This table contains recovery payment information for Denial/Correspondence (BDC) records.,RECV_PAYMENT_TX_ID,NUMERIC,False,False,This column stores the hospital payment transactions posted onto this denial record. Payment transactions posted onto a bucket with open denial record on it will be linked here from this denial record.,Claims / Denials,False,False
HSP_BDC_RECV_TX,This table contains recovery payment information for Denial/Correspondence (BDC) records.,RECV_PAYMENT_TX_AMT,NUMERIC,False,False,"The dollar amount, corresponding to a payment transaction, posted onto this denial record.",Claims / Denials,False,False
HSP_BDC_RECV_TX,This table contains recovery payment information for Denial/Correspondence (BDC) records.,PB_RECV_PMT_TX_ID,NUMERIC,False,False,This column stores the professional billing payment transactions posted onto this denial record.,Claims / Denials,False,False
HSP_BDC_REV_CODE,This table contains the user-entered revenue code overrides for follow-up records (i.e. denials).,BDC_ID,NUMERIC,False,False,This column stores the unique identifier for the denial or correspondence record.,Claims / Denials,False,True
HSP_BDC_REV_CODE,This table contains the user-entered revenue code overrides for follow-up records (i.e. denials).,LINE,INTEGER,False,False,The line number for the information associated with this record. Multiple pieces of information can be associated with this record.,Claims / Denials,False,True
HSP_BDC_REV_CODE,This table contains the user-entered revenue code overrides for follow-up records (i.e. denials).,REVENUE_CODE_ID,NUMERIC,False,False,This item is the user overridden revenue code for the denial.,Claims / Denials,False,False
HSP_BDC_REV_CODE,This table contains the user-entered revenue code overrides for follow-up records (i.e. denials).,REVENUE_CODE_ID_REVENUE_CODE_NAME,VARCHAR,False,False,The name of the revenue code.,Claims / Denials,False,False
HSP_BDC_WO_ADJ_TX,This table contains write-off adjustment information for Denial/Correspondence (BDC) records.,BDC_ID,NUMERIC,False,False,This column stores the unique identifier for the denial or correspondence record.,Claims / Denials,False,True
HSP_BDC_WO_ADJ_TX,This table contains write-off adjustment information for Denial/Correspondence (BDC) records.,LINE,INTEGER,False,False,The line number for the information associated with this record. Multiple pieces of information can be associated with this record.,Claims / Denials,False,True
HSP_BDC_WO_ADJ_TX,This table contains write-off adjustment information for Denial/Correspondence (BDC) records.,WRITE_OFF_ADJ_TX_ID,NUMERIC,False,False,This column stores the hospital write-off adjustment transactions posted onto this denial record. Write-off adjustments posted onto a bucket with an open denial record on it will be linked here from this denial record and the total amount of these adjustments will be calculated by the system and put into the item Write-off Amount-System of this denial record.,Claims / Denials,False,False
HSP_BDC_WO_ADJ_TX,This table contains write-off adjustment information for Denial/Correspondence (BDC) records.,WRITE_OFF_ADJ_AMT,NUMERIC,False,False,The amount of the corresponding write off adjustment posted onto this denial record.,Claims / Denials,False,False
HSP_BDC_WO_ADJ_TX,This table contains write-off adjustment information for Denial/Correspondence (BDC) records.,PB_WRITE_OFF_ADJ_TX_ID,NUMERIC,False,False,This column stores the professional billing non-contractual insurance adjustment transactions posted onto this denial record.,Claims / Denials,False,False
HSP_CLAIM_APC_GRP_DISP,Table that holds the display data for each grouping and claim line tuple when Ambulatory Payment Classification (APC) grouping is run through Epic for a claim.,CLAIM_PRINT_ID,NUMERIC,False,False,This column stores the unique identifier for the claim print record associated with a single hospital account/bucket.,Claims / Denials,False,True
HSP_CLAIM_APC_GRP_DISP,Table that holds the display data for each grouping and claim line tuple when Ambulatory Payment Classification (APC) grouping is run through Epic for a claim.,LINE,INTEGER,False,False,The line number for the information associated with this record. Multiple pieces of information can be associated with this record.,Claims / Denials,False,True
HSP_CLAIM_APC_GRP_DISP,Table that holds the display data for each grouping and claim line tuple when Ambulatory Payment Classification (APC) grouping is run through Epic for a claim.,APC_DISP_CLAIM_LINE,INTEGER,False,False,This column stores the claim line number this display line for ambulatory payment classification (APC) grouping is aimed at.,Claims / Denials,False,False
HSP_CLAIM_APC_GRP_DISP,Table that holds the display data for each grouping and claim line tuple when Ambulatory Payment Classification (APC) grouping is run through Epic for a claim.,APC_DISP_TEXT,VARCHAR,False,False,The display text for the current display line in the detail display for APC grouping by Epic.,Claims / Denials,False,False
HSP_CLAIM_APC_GRP_DISP,Table that holds the display data for each grouping and claim line tuple when Ambulatory Payment Classification (APC) grouping is run through Epic for a claim.,APC_DISP_VALUE,VARCHAR,False,False,The dollar amount (or other value) for the current display line in the detail display for APC grouping by Epic.,Claims / Denials,False,False
HSP_CLAIM_APC_GRP_DISP,Table that holds the display data for each grouping and claim line tuple when Ambulatory Payment Classification (APC) grouping is run through Epic for a claim.,APC_DISP_FORMULA,VARCHAR,False,False,The formula text for the current display line in the detail display for APC grouping by Epic.,Claims / Denials,False,False
HSP_CLAIM_APC_GRP_DISP,Table that holds the display data for each grouping and claim line tuple when Ambulatory Payment Classification (APC) grouping is run through Epic for a claim.,APC_DISP_PMT_CLASS_GRP_C_NAME,VARCHAR,True,False,This column stores the grouping classification this display line is in reference to. Used to handle multiple sets of grouping results.,Claims / Denials,False,False
HSP_CLAIM_APC_GRP_META,"Table for Ambulatory Payment Classification (APC) grouping metadata. Holds information such as the instant of grouping, the payment classification method, and, if grouped by Epic, the mapping and locale records used.",CLAIM_PRINT_ID,NUMERIC,False,False,This column stores the unique identifier for the claim print record associated with a single hospital account/bucket.,Claims / Denials,False,True
HSP_CLAIM_APC_GRP_META,"Table for Ambulatory Payment Classification (APC) grouping metadata. Holds information such as the instant of grouping, the payment classification method, and, if grouped by Epic, the mapping and locale records used.",LINE,INTEGER,False,False,The line number for the information associated with this record. Multiple pieces of information can be associated with this record.,Claims / Denials,False,True
HSP_CLAIM_APC_GRP_META,"Table for Ambulatory Payment Classification (APC) grouping metadata. Holds information such as the instant of grouping, the payment classification method, and, if grouped by Epic, the mapping and locale records used.",AMB_GROUPING_DTTM,DATETIME (UTC),False,False,"Holds the date & time that this claim was grouped, via Epic or a third-party.",Claims / Denials,False,False
HSP_CLAIM_APC_GRP_META,"Table for Ambulatory Payment Classification (APC) grouping metadata. Holds information such as the instant of grouping, the payment classification method, and, if grouped by Epic, the mapping and locale records used.",APC_EPIC_PMT_CLASS_GRP_C_NAME,VARCHAR,True,False,"This item stores the payment classification used during grouping, such as for Medicare or TRICARE. If grouping by Epic, it will be one of the values in the release range from Payment Classification Category (I PCD 101), excluding value 100. If grouping through an external system, it will hold a value of 100-External System. If there is no value in this item (from pre-existing data), then the default method is set to 1-Medicare APC if APC Data Source (I CLP 390) is set to 1-Epic, or 100-External System if the grouping source is set to 101-External System (APC) or 103-External System (APG).",Claims / Denials,False,False
HSP_CLAIM_APC_GRP_META,"Table for Ambulatory Payment Classification (APC) grouping metadata. Holds information such as the instant of grouping, the payment classification method, and, if grouped by Epic, the mapping and locale records used.",APC_EPIC_PCM_ID,VARCHAR,False,False,This item stores the payment classification mapping record used if ambulatory payment classification (APC) grouping was done by Epic.,Claims / Denials,False,False
HSP_CLAIM_APC_GRP_META,"Table for Ambulatory Payment Classification (APC) grouping metadata. Holds information such as the instant of grouping, the payment classification method, and, if grouped by Epic, the mapping and locale records used.",APC_EPIC_PCM_ID_PCM_NAME,VARCHAR,False,False,The name of the payment classification mapping.,Claims / Denials,False,False
HSP_CLAIM_APC_GRP_META,"Table for Ambulatory Payment Classification (APC) grouping metadata. Holds information such as the instant of grouping, the payment classification method, and, if grouped by Epic, the mapping and locale records used.",APC_EPIC_PMT_CLASS_RATE_C_NAME,VARCHAR,False,False,"This item stores the payment classification category used to determine the reimbursement weights and rates for APC codes if APC grouping was done by Epic. For example, if a commercial payer was configured to group by Medicare's logic, but reimburse based on their own set of rates, I CLP 392 would be set to 1-Medicare, and this item would be set to the customer-released category corresponding to this third party. If left blank, the category shown in I CLP 392 is used.",Claims / Denials,False,False
HSP_CLAIM_DETAIL1,This table contains claim print record information for claims associated with a given hospital account or liability bucket.,CLAIM_PRINT_ID,NUMERIC,False,False,Stores the claim record ID associated with a single hospital account.,Claims / Denials,False,True
HSP_CLAIM_DETAIL1,This table contains claim print record information for claims associated with a given hospital account or liability bucket.,CLAIM_CAT_C_NAME,VARCHAR,True,False,The claim category.,Claims / Denials,False,False
HSP_CLAIM_DETAIL1,This table contains claim print record information for claims associated with a given hospital account or liability bucket.,MAIL_NAME,VARCHAR,False,False,The mailing name for this claim.,Claims / Denials,False,False
HSP_CLAIM_DETAIL1,This table contains claim print record information for claims associated with a given hospital account or liability bucket.,MAIL_CITY_STATE_ZIP,VARCHAR,False,False,"The mailing city, state, and ZIP code for this claim.",Claims / Denials,False,False
HSP_CLAIM_DETAIL1,This table contains claim print record information for claims associated with a given hospital account or liability bucket.,MAIL_PHONE,VARCHAR,False,False,The mailing phone number for this claim.,Claims / Denials,False,False
HSP_CLAIM_DETAIL1,This table contains claim print record information for claims associated with a given hospital account or liability bucket.,SRC_OF_ADDR_C_NAME,VARCHAR,True,False,The source of the mailing address for this claim.,Claims / Denials,False,False
HSP_CLAIM_DETAIL1,This table contains claim print record information for claims associated with a given hospital account or liability bucket.,LINE_SOURCE_CLP_ID,VARCHAR,False,False,The source claim record for resubmit and demand claims.,Claims / Denials,False,False
HSP_CLAIM_DETAIL1,This table contains claim print record information for claims associated with a given hospital account or liability bucket.,PARTIAL_CLAIM_YN,VARCHAR,False,False,Indicates whether the claim is a partial resubmit.,Claims / Denials,False,False
HSP_CLAIM_DETAIL1,This table contains claim print record information for claims associated with a given hospital account or liability bucket.,ORIG_HAR_RES_ACT_ID,NUMERIC,False,False,Stores the original hospital account when research charges have been added to the account.,Claims / Denials,False,False
HSP_CLAIM_DETAIL1,This table contains claim print record information for claims associated with a given hospital account or liability bucket.,EXPECTED_PYMT,NUMERIC,False,False,Claim level expected reimbursement.,Claims / Denials,False,False
HSP_CLAIM_DETAIL1,This table contains claim print record information for claims associated with a given hospital account or liability bucket.,DRG_ID,VARCHAR,False,False,"Contract adjudication will populate this item with the calculated diagnosis related group (DRG) used for expected reimbursement calculations. This item will be populated if the claim uses an Epic contract for calculating expected reimbursement, the contract is set to price this claim by DRG, and the system is able to choose a DRG to use in the calculation, either from the claim or the HAR. This item will not be populated if the claim uses a non-Epic expected reimbursement source, or if an end user overrides the expected reimbursement for the claim with a user-entered value through a bucket activity.",Claims / Denials,False,False
HSP_CLAIM_DETAIL1,This table contains claim print record information for claims associated with a given hospital account or liability bucket.,DRG_ID_DRG_NAME,VARCHAR,False,False,The name of the Diagnoses Related Group name.,Claims / Denials,False,False
HSP_CLAIM_DETAIL1,This table contains claim print record information for claims associated with a given hospital account or liability bucket.,CLAIM_BILLED_AMOUNT,NUMERIC,False,False,Billed amount determined from reimbursement information for Diagnosis Related Group priced claims.,Claims / Denials,False,False
HSP_CLAIM_DETAIL1,This table contains claim print record information for claims associated with a given hospital account or liability bucket.,CLM_CONTRACTUAL,NUMERIC,False,False,"The contract price for this claim. If the expected reimbursement is calculated with an Epic contract and is priced by DRG, this is the reimbursement amount calculated for the DRG before any reimbursement caps are applied. If the expected reimbursement is calculated from an external source that supports line-level reimbursement, this is the claim's total payment amount.",Claims / Denials,False,False
HSP_CLAIM_DETAIL1,This table contains claim print record information for claims associated with a given hospital account or liability bucket.,CLM_EXPECTED_PRICE,NUMERIC,False,False,"The expected reimbursement amount for this claim. If the expected reimbursement is calculated with an Epic contract and is priced by DRG, this is the reimbursement amount calculated for the DRG after any reimbursement caps are applied. If the expected reimbursement is calculated from an external source that supports line-level reimbursement, this is the claim's total payment amount.",Claims / Denials,False,False
HSP_CLAIM_DETAIL1,This table contains claim print record information for claims associated with a given hospital account or liability bucket.,CLAIM_PMT_METHOD_C_NAME,VARCHAR,False,False,Payment method determined from reimbursement information for Diagnosis Related Group priced claims.,Claims / Denials,False,False
HSP_CLAIM_DETAIL1,This table contains claim print record information for claims associated with a given hospital account or liability bucket.,CLAIM_PRIM_PMT_RATE,VARCHAR,False,False,The primary payment rate describing how this claim was primarily reimbursed by. The structure of this item is a delimited string based on what the payment mechanism in I CLP 840 is set to. See the help text for I CLP 741 for details on the structure of this item.,Claims / Denials,False,False
HSP_CLAIM_DETAIL1,This table contains claim print record information for claims associated with a given hospital account or liability bucket.,CLM_PRIMARY_CVD_QTY,NUMERIC,False,False,Quantity covered by primary method. Determined from reimbursement information for Diagnosis Related Group priced claims.,Claims / Denials,False,False
HSP_CLAIM_DETAIL1,This table contains claim print record information for claims associated with a given hospital account or liability bucket.,CLM_ADDL_PMT_MTHDS,VARCHAR,False,False,Additional payment methods. Determined from reimbursement information for Diagnosis Related Group priced claims.,Claims / Denials,False,False
HSP_CLAIM_DETAIL1,This table contains claim print record information for claims associated with a given hospital account or liability bucket.,CLM_ADDL_PMT_RATES,VARCHAR,False,False,Additional payment rates. Determined from reimbursement information for Diagnosis Related Group priced claims.,Claims / Denials,False,False
HSP_CLAIM_DETAIL1,This table contains claim print record information for claims associated with a given hospital account or liability bucket.,CLM_ADDL_CVD_QTY,VARCHAR,False,False,Additional payment quantity. Determined from reimbursement information for Diagnosis Related Group priced claims.,Claims / Denials,False,False
HSP_CLAIM_DETAIL1,This table contains claim print record information for claims associated with a given hospital account or liability bucket.,CLM_LINE_PNLTY_PER,VARCHAR,False,False,Line/Service level penalties imposed on the claim. Determined from reimbursement information for Diagnosis Related Group priced claims.,Claims / Denials,False,False
HSP_CLAIM_DETAIL1,This table contains claim print record information for claims associated with a given hospital account or liability bucket.,CLAIM_LATE_DAYS,INTEGER,False,False,Late submission days. Determined from reimbursement information for Diagnosis Related Group priced claims.,Claims / Denials,False,False
HSP_CLAIM_DETAIL1,This table contains claim print record information for claims associated with a given hospital account or liability bucket.,CLM_SUB_PNLTY_PER,VARCHAR,False,False,Late submission penalty percent applied. Determined from reimbursement information for Diagnosis Related Group priced claims.,Claims / Denials,False,False
HSP_CLAIM_DETAIL1,This table contains claim print record information for claims associated with a given hospital account or liability bucket.,CLM_U_AND_C_AMT,NUMERIC,False,False,Usual and customary amount for the claim. Determined from reimbursement information for Diagnosis Related Group priced claims.,Claims / Denials,False,False
HSP_CLAIM_DETAIL1,This table contains claim print record information for claims associated with a given hospital account or liability bucket.,CLAIM_INS_PORTION,NUMERIC,False,False,Insurance portion of the expected amount. Determined from reimbursement information for Diagnosis Related Group priced claims.,Claims / Denials,False,False
HSP_CLAIM_DETAIL1,This table contains claim print record information for claims associated with a given hospital account or liability bucket.,CLM_PATIENT_PORTION,NUMERIC,False,False,Portion of the expected amount the patient is responsible for. Determined from reimbursement information for Diagnosis Related Group priced claims.,Claims / Denials,False,False
HSP_CLAIM_DETAIL1,This table contains claim print record information for claims associated with a given hospital account or liability bucket.,CLAIM_MTHD_DESC,VARCHAR,False,False,A text description of the method used to price the claim. Determined from reimbursement information for Diagnosis Related Group priced claims.,Claims / Denials,False,False
HSP_CLAIM_DETAIL1,This table contains claim print record information for claims associated with a given hospital account or liability bucket.,CLAIM_TERM_DESC,VARCHAR,False,False,This item stores the term description from the matching contract line.,Claims / Denials,False,False
HSP_CLAIM_DETAIL1,This table contains claim print record information for claims associated with a given hospital account or liability bucket.,OPERATING_PROV_ID_PROV_NAME,VARCHAR,False,False,The name of the service provider. This item may be hidden in a public view of the CLARITY_SER table.,Claims / Denials,False,False
HSP_CLAIM_DETAIL1,This table contains claim print record information for claims associated with a given hospital account or liability bucket.,CONTRACT_ID,NUMERIC,False,False,The unique ID of the contract that was used for this claim. Zero means that the contract is from an external system.,Claims / Denials,False,False
HSP_CLAIM_DETAIL1,This table contains claim print record information for claims associated with a given hospital account or liability bucket.,CONTRACT_ID_CONTRACT_NAME,VARCHAR,False,False,The name of the Vendor-Network contract.,Claims / Denials,False,False
HSP_CLAIM_DETAIL1,This table contains claim print record information for claims associated with a given hospital account or liability bucket.,CONTRACT_DATE_REAL,FLOAT,False,False,A numerical representation of the contact date for the contract used in this claim. Used to help link to the VEN_NET_CONT_SVC table.,Claims / Denials,False,False
HSP_CLAIM_DETAIL1,This table contains claim print record information for claims associated with a given hospital account or liability bucket.,CONTRACT_USED_DT,DATETIME,False,False,The date that the contract was used for this claim.,Claims / Denials,True,False
HSP_CLAIM_DETAIL1,This table contains claim print record information for claims associated with a given hospital account or liability bucket.,CONTRACT_NOT_USED,VARCHAR,False,False,Indicates whether the contract was used for this claim. Y indicates that the contract was not used.,Claims / Denials,False,False
HSP_CLAIM_DETAIL1,This table contains claim print record information for claims associated with a given hospital account or liability bucket.,EDITED_TOB,VARCHAR,False,False,Indicates the claim type of bill was edited.,Claims / Denials,False,False
HSP_CLAIM_DETAIL1,This table contains claim print record information for claims associated with a given hospital account or liability bucket.,EDITED_EOB,VARCHAR,False,False,Indicates the claim explanation of benefits was edited.,Claims / Denials,False,False
HSP_CLAIM_DETAIL1,This table contains claim print record information for claims associated with a given hospital account or liability bucket.,MAIL_ADDR1,VARCHAR,False,False,First line of the mailing address for a given claim record.,Claims / Denials,False,False
HSP_CLAIM_DETAIL1,This table contains claim print record information for claims associated with a given hospital account or liability bucket.,MAIL_ADDR2,VARCHAR,False,False,Second line of the mailing address for a given claim record.,Claims / Denials,False,False
HSP_CLAIM_DETAIL1,This table contains claim print record information for claims associated with a given hospital account or liability bucket.,REIMB_COST_THRESH,NUMERIC,False,False,The cost threshold of this claim's outlier data. Determined from reimbursement information for Diagnosis Related Group priced claims.,Claims / Denials,False,False
HSP_CLAIM_DETAIL1,This table contains claim print record information for claims associated with a given hospital account or liability bucket.,REIMB_COST_OUT,NUMERIC,False,False,The cost outlier of this claim's outlier data. Determined from reimbursement information for Diagnosis Related Group priced claims.,Claims / Denials,False,False
HSP_CLAIM_DETAIL1,This table contains claim print record information for claims associated with a given hospital account or liability bucket.,REIMB_DAY_THRESH,NUMERIC,False,False,The day threshold of this claim's outlier data. Determined from reimbursement information for Diagnosis Related Group priced claims.,Claims / Denials,False,False
HSP_CLAIM_DETAIL1,This table contains claim print record information for claims associated with a given hospital account or liability bucket.,REIMB_DAY_OUT,NUMERIC,False,False,The day outlier of this claim's outlier data. Determined from reimbursement information for Diagnosis Related Group priced claims.,Claims / Denials,False,False
HSP_CLAIM_DETAIL1,This table contains claim print record information for claims associated with a given hospital account or liability bucket.,REIMB_OTH_THRESH,NUMERIC,False,False,The other threshold of this claim's outlier data. Determined from reimbursement information for Diagnosis Related Group priced claims.,Claims / Denials,False,False
HSP_CLAIM_DETAIL1,This table contains claim print record information for claims associated with a given hospital account or liability bucket.,REIMB_OTH_OUT,NUMERIC,False,False,The other outlier of this claim's outlier data. Determined from reimbursement information for Diagnosis Related Group priced claims.,Claims / Denials,False,False
HSP_CLAIM_DETAIL1,This table contains claim print record information for claims associated with a given hospital account or liability bucket.,MAIL_COUNTRY_C_NAME,VARCHAR,True,False,Stores the mailing address country.,Claims / Denials,False,False
HSP_CLAIM_DETAIL1,This table contains claim print record information for claims associated with a given hospital account or liability bucket.,EXPECT_PAT_RESP_AMT,NUMERIC,False,False,Stores the total expected patient responsibility for the claim.,Claims / Denials,False,False
HSP_CLAIM_DETAIL1,This table contains claim print record information for claims associated with a given hospital account or liability bucket.,CLM_CAP_XR_REDUCT,NUMERIC,False,False,"Amount that the expected reimbursement was reduced due to a reimbursement cap. If the expected reimbursement is calculated with an Epic contract, this is the difference between claim contractual amount and expected amount if DRG pricing is used. Otherwise, this is the sum of the differences of the line contractual amounts and line expected amount. If expected reimbursement is calculated from an external source or manually overridden, this will always return zero.",Claims / Denials,False,False
HSP_CLAIM_DETAIL2,This table contains detailed claim print record information for claims associated with the hospital liability bucket.,CLAIM_PRINT_ID,NUMERIC,False,False,The ID of the claim record associated with a single hospital liability bucket.,Claims / Denials,False,True
HSP_CLAIM_DETAIL2,This table contains detailed claim print record information for claims associated with the hospital liability bucket.,SA_ID_LOC_NAME,VARCHAR,False,False,The name of the revenue location.,Claims / Denials,False,False
HSP_CLAIM_DETAIL2,This table contains detailed claim print record information for claims associated with the hospital liability bucket.,INACTV_CLP_YN,VARCHAR,False,False,This column has a value of yes when the claim is inactive.,Claims / Denials,False,False
HSP_CLAIM_DETAIL2,This table contains detailed claim print record information for claims associated with the hospital liability bucket.,CLAIM_ACCEPT_DTTM,DATETIME (Local),False,False,This column holds the instant the claim was accepted.,Claims / Denials,False,False
HSP_CLAIM_DETAIL2,This table contains detailed claim print record information for claims associated with the hospital liability bucket.,SG_PAYOR_ID_PAYOR_NAME,VARCHAR,False,False,The name of the payor.,Claims / Denials,False,False
HSP_CLAIM_DETAIL2,This table contains detailed claim print record information for claims associated with the hospital liability bucket.,SG_PLAN_ID_BENEFIT_PLAN_NAME,VARCHAR,False,False,The name of the benefit plan record.,Claims / Denials,False,False
HSP_CLAIM_DETAIL2,This table contains detailed claim print record information for claims associated with the hospital liability bucket.,SG_CVG_ID,NUMERIC,False,False,The coverage ID for this claim.,Claims / Denials,False,False
HSP_CLAIM_DETAIL2,This table contains detailed claim print record information for claims associated with the hospital liability bucket.,INVOICE_NUM,VARCHAR,False,False,The invoice number for this claim.,Claims / Denials,False,False
HSP_CLAIM_DETAIL2,This table contains detailed claim print record information for claims associated with the hospital liability bucket.,SG_PAT_ID,VARCHAR,False,False,The patient ID for this claim.,Claims / Denials,False,False
HSP_CLAIM_DETAIL2,This table contains detailed claim print record information for claims associated with the hospital liability bucket.,SG_GR_ACCT_ID,NUMERIC,False,False,The guarantor account ID for this claim.,Claims / Denials,False,False
HSP_CLAIM_DETAIL2,This table contains detailed claim print record information for claims associated with the hospital liability bucket.,HOSPITAL_ACCT_ID,NUMERIC,False,False,The hospital account ID for this claim.,Claims / Denials,False,False
HSP_CLAIM_DETAIL2,This table contains detailed claim print record information for claims associated with the hospital liability bucket.,HLB_ID,NUMERIC,False,False,The liability bucket ID for this claim.,Claims / Denials,False,False
HSP_CLAIM_DETAIL2,This table contains detailed claim print record information for claims associated with the hospital liability bucket.,SG_PROV_ID_PROV_NAME,VARCHAR,False,False,The name of the service provider. This item may be hidden in a public view of the CLARITY_SER table.,Claims / Denials,False,False
HSP_CLAIM_DETAIL2,This table contains detailed claim print record information for claims associated with the hospital liability bucket.,SG_REF_SRC_ID,VARCHAR,False,False,The referring source ID for this claim.,Claims / Denials,False,False
HSP_CLAIM_DETAIL2,This table contains detailed claim print record information for claims associated with the hospital liability bucket.,SG_REF_SRC_ID_REFERRING_PROV_NAM,VARCHAR,False,False,The name of the referral source.,Claims / Denials,False,False
HSP_CLAIM_DETAIL2,This table contains detailed claim print record information for claims associated with the hospital liability bucket.,SG_LOC_ID_LOC_NAME,VARCHAR,False,False,The name of the revenue location.,Claims / Denials,False,False
HSP_CLAIM_DETAIL2,This table contains detailed claim print record information for claims associated with the hospital liability bucket.,SG_DEP_ID_EXTERNAL_NAME,VARCHAR,False,False,The external name of the department record. This is often used in patient correspondence such as reminder letters.,Claims / Denials,False,False
HSP_CLAIM_DETAIL2,This table contains detailed claim print record information for claims associated with the hospital liability bucket.,SG_POS_ID_LOC_NAME,VARCHAR,False,False,The name of the revenue location.,Claims / Denials,False,False
HSP_CLAIM_DETAIL2,This table contains detailed claim print record information for claims associated with the hospital liability bucket.,SG_CLM_ID,NUMERIC,False,False,The claim information ID used by this claim.,Claims / Denials,False,False
HSP_CLAIM_DETAIL2,This table contains detailed claim print record information for claims associated with the hospital liability bucket.,SG_RQG_ID,NUMERIC,False,False,The requisition grouper ID for this claim.,Claims / Denials,False,False
HSP_CLAIM_DETAIL2,This table contains detailed claim print record information for claims associated with the hospital liability bucket.,CLAIM_CLASS_C_NAME,VARCHAR,True,False,The account class used to evaluate this claim.,Claims / Denials,False,False
HSP_CLAIM_DETAIL2,This table contains detailed claim print record information for claims associated with the hospital liability bucket.,CLAIM_BASE_CLASS_C_NAME,VARCHAR,False,False,The base account class used to evaluate this claim.,Claims / Denials,False,False
HSP_CLAIM_DETAIL2,This table contains detailed claim print record information for claims associated with the hospital liability bucket.,MIN_SERVICE_DT,DATETIME,False,False,The minimum service date for this claim.,Claims / Denials,True,False
HSP_CLAIM_DETAIL2,This table contains detailed claim print record information for claims associated with the hospital liability bucket.,MAX_SERVICE_DT,DATETIME,False,False,The maximum service date for this claim.,Claims / Denials,True,False
HSP_CLAIM_DETAIL2,This table contains detailed claim print record information for claims associated with the hospital liability bucket.,UB_FROM_DT,DATETIME,False,False,The uniform billing claim from date.,Claims / Denials,True,False
HSP_CLAIM_DETAIL2,This table contains detailed claim print record information for claims associated with the hospital liability bucket.,UB_THROUGH_DT,DATETIME,False,False,The uniform billing claim through date.,Claims / Denials,True,False
HSP_CLAIM_DETAIL2,This table contains detailed claim print record information for claims associated with the hospital liability bucket.,CLAIM_TYPE_C_NAME,VARCHAR,True,False,The claim type.,Claims / Denials,False,False
HSP_CLAIM_DETAIL2,This table contains detailed claim print record information for claims associated with the hospital liability bucket.,CLAIM_FRM_TYPE_C_NAME,VARCHAR,False,False,The form type. This is either paper or electronic.,Claims / Denials,False,False
HSP_CLAIM_DETAIL2,This table contains detailed claim print record information for claims associated with the hospital liability bucket.,TTL_CHRGS_AMT,NUMERIC,False,False,Total charges amount.,Claims / Denials,False,False
HSP_CLAIM_DETAIL2,This table contains detailed claim print record information for claims associated with the hospital liability bucket.,TTL_DUE_AMT,VARCHAR,False,False,Total due amount.,Claims / Denials,False,False
HSP_CLAIM_DETAIL2,This table contains detailed claim print record information for claims associated with the hospital liability bucket.,TTL_NONCVD_AMT,NUMERIC,False,False,Total non-covered amount.,Claims / Denials,False,False
HSP_CLAIM_DETAIL2,This table contains detailed claim print record information for claims associated with the hospital liability bucket.,TTL_PMT_AMT,NUMERIC,False,False,Total payment amount.,Claims / Denials,False,False
HSP_CLAIM_DETAIL2,This table contains detailed claim print record information for claims associated with the hospital liability bucket.,TTL_ADJ_AMT,NUMERIC,False,False,Total adjustment amount.,Claims / Denials,False,False
HSP_CLAIM_DETAIL2,This table contains detailed claim print record information for claims associated with the hospital liability bucket.,UB_BILL_TYPE,VARCHAR,False,False,Type of bill.,Claims / Denials,False,False
HSP_CLAIM_DETAIL2,This table contains detailed claim print record information for claims associated with the hospital liability bucket.,HM_HLTH_BILL_TYP_C_NAME,VARCHAR,False,False,Home Health bill type.,Claims / Denials,False,False
HSP_CLAIM_DETAIL2,This table contains detailed claim print record information for claims associated with the hospital liability bucket.,UB_SG_GRP_NUM,VARCHAR,False,False,Group number.,Claims / Denials,False,False
HSP_CLAIM_DETAIL2,This table contains detailed claim print record information for claims associated with the hospital liability bucket.,CNCL_CLAIM,INTEGER,False,False,Indicates whether this is a cancel claim.,Claims / Denials,False,False
HSP_CLAIM_DETAIL2,This table contains detailed claim print record information for claims associated with the hospital liability bucket.,REPL_CLAIM,INTEGER,False,False,Indicates whether this is a replacement claim.,Claims / Denials,False,False
HSP_CLAIM_DETAIL2,This table contains detailed claim print record information for claims associated with the hospital liability bucket.,UB_CVD_DAYS,INTEGER,False,False,Covered days.,Claims / Denials,False,False
HSP_CLAIM_DETAIL2,This table contains detailed claim print record information for claims associated with the hospital liability bucket.,UB_COINS_DAYS,INTEGER,False,False,Coinsurance days.,Claims / Denials,False,False
HSP_CLAIM_DETAIL2,This table contains detailed claim print record information for claims associated with the hospital liability bucket.,UB_NON_CVD_DAYS,INTEGER,False,False,Non-covered days.,Claims / Denials,False,False
HSP_CLAIM_DETAIL2,This table contains detailed claim print record information for claims associated with the hospital liability bucket.,UB_PRINC_DX_ID_DX_NAME,VARCHAR,False,False,The name of the diagnosis.,Claims / Denials,False,False
HSP_CLAIM_DETAIL2,This table contains detailed claim print record information for claims associated with the hospital liability bucket.,CNCL_CLAIM_CODE,VARCHAR,False,False,The value code associated with this claim if it is a cancel claim.,Claims / Denials,False,False
HSP_CLAIM_DETAIL2,This table contains detailed claim print record information for claims associated with the hospital liability bucket.,REPL_CLAIM_CODE,VARCHAR,False,False,The value code associated with this claim if it is a replacement claim.,Claims / Denials,False,False
HSP_CLAIM_DETAIL2,This table contains detailed claim print record information for claims associated with the hospital liability bucket.,SG_ALTPYR_CLM_YN,VARCHAR,False,False,Flag used to indicate that claim is for alternate payer.,Claims / Denials,False,False
HSP_CLAIM_DETAIL2,This table contains detailed claim print record information for claims associated with the hospital liability bucket.,FILING_ORDER_C_NAME,VARCHAR,False,False,This column holds the filing order position of the claim coverage at the time claims were processed.,Claims / Denials,False,False
HSP_CLAIM_DETAIL2,This table contains detailed claim print record information for claims associated with the hospital liability bucket.,CLM_EXT_VAL_ID,NUMERIC,False,False,The ID of the claim record.,Claims / Denials,False,False
HSP_CLAIM_DETAIL2,This table contains detailed claim print record information for claims associated with the hospital liability bucket.,SG_TREAT_PLAN_ID,VARCHAR,False,False,The unique ID of the treatment plan that is associated with the claim.,Claims / Denials,False,False
HSP_CLAIM_DETAIL2,This table contains detailed claim print record information for claims associated with the hospital liability bucket.,UB_COMB_CLM_TYP_C_NAME,VARCHAR,True,False,"If this column is set to 1, the claim is a combined claim.",Claims / Denials,False,False
HSP_CLAIM_DETAIL2,This table contains detailed claim print record information for claims associated with the hospital liability bucket.,REND_PROV_ID_PROV_NAME,VARCHAR,False,False,The name of the service provider. This item may be hidden in a public view of the CLARITY_SER table.,Claims / Denials,False,False
HSP_CLAIM_DETAIL2,This table contains detailed claim print record information for claims associated with the hospital liability bucket.,RESEARCH_ID_RESEARCH_STUDY_NAME,VARCHAR,False,False,The name of the research study record.,Claims / Denials,False,False
HSP_CLAIM_DETAIL2,This table contains detailed claim print record information for claims associated with the hospital liability bucket.,SRC_INV_NUM,VARCHAR,False,False,"In PB, this column holds the original invoice number during refresh and resubmit. In HB, this column holds the invoice number associated with the primary claim in a crossover scenario.",Claims / Denials,False,False
HSP_CLAIM_DETAIL2,This table contains detailed claim print record information for claims associated with the hospital liability bucket.,CLAIM_TAX_AMOUNT,NUMERIC,False,False,"Gross tax amount at a claim level, this is the sum of all the tax amounts sent on a claim.",Claims / Denials,False,False
HSP_CLAIM_DETAIL2,This table contains detailed claim print record information for claims associated with the hospital liability bucket.,DRG_XR_AMOUNT,NUMERIC,False,False,"The Diagnosis Related Group expected reimbursement amount. This will be stored for accounts billed with Diagnosis Related Group that need tax calculated specifically for the Diagnosis Related Group without any outliers or add-ons, as compared to the total expected reimbursement on the claim.",Claims / Denials,False,False
HSP_CLAIM_DETAIL2,This table contains detailed claim print record information for claims associated with the hospital liability bucket.,DRG_TAX_AMOUNT,NUMERIC,False,False,The Diagnosis Related Group tax amount. This will be stored for accounts billed with Diagnosis Related Group that have tax calculated based on expected reimbursement values.,Claims / Denials,False,False
HSP_CLAIM_DETAIL2,This table contains detailed claim print record information for claims associated with the hospital liability bucket.,CLAIM_APEC_OUTLIER,NUMERIC,False,False,This item stores the Adjudicated Payment per Episode of Care Outlier amount for a claim.,Claims / Denials,False,False
HSP_CLAIM_DETAIL2,This table contains detailed claim print record information for claims associated with the hospital liability bucket.,SNF_CLAIM_TYPE_C_NAME,VARCHAR,False,False,This item identifies the type of Skilled Nursing Facility claim produced.,Claims / Denials,False,False
HSP_CLAIM_DETAIL2,This table contains detailed claim print record information for claims associated with the hospital liability bucket.,DEPT_TYPE_C_NAME,VARCHAR,True,False,"The type of department. For Norway claims, this identifies the department as a GP Office, Trust, or Municipality.",Claims / Denials,False,False
HSP_CLAIM_DETAIL2,This table contains detailed claim print record information for claims associated with the hospital liability bucket.,CLM_REBILL_REASON_C_NAME,VARCHAR,False,False,This column stores the reason why we sent the claim again to payer. It holds onto the rebill reason with the highest precedence from the category list.,Claims / Denials,False,False
HSP_CLAIM_DETAIL2,This table contains detailed claim print record information for claims associated with the hospital liability bucket.,CLM_REBILL_USER_ID,VARCHAR,False,False,This column stores the user who resubmitted the claim.,Claims / Denials,False,False
HSP_CLAIM_DETAIL2,This table contains detailed claim print record information for claims associated with the hospital liability bucket.,CLM_REBILL_USER_ID_NAME,VARCHAR,False,False,The name of the user record. This name may be hidden.,Claims / Denials,False,False
HSP_CLAIM_DETAIL2,This table contains detailed claim print record information for claims associated with the hospital liability bucket.,FAC_ACTOR_TYPE_C_NAME,VARCHAR,False,False,"This item stores the type of facility. For Norway claims, this identifies the facility as a GP Office, Trust, or Municipality.",Claims / Denials,False,False
HSP_CLAIM_DETAIL2,This table contains detailed claim print record information for claims associated with the hospital liability bucket.,BENEFIT_RECORD_ID,NUMERIC,False,False,Stores the ID of the benefit (BEN) record used to calculate the patient responsibility.,Claims / Denials,False,False
HSP_CLAIM_DETAIL2,This table contains detailed claim print record information for claims associated with the hospital liability bucket.,PREDICTED_PAY_DATE,DATETIME,False,False,The predicted payment response date for a claim based on historical trends for the payer.,Claims / Denials,True,False
HSP_CLAIM_DETAIL2,This table contains detailed claim print record information for claims associated with the hospital liability bucket.,SUGGESTED_FOL_UP_DATE,DATETIME,False,False,The suggested initial follow-up date for a claim based on historical trends for the payer.,Claims / Denials,True,False
HSP_CLAIM_DETAIL2,This table contains detailed claim print record information for claims associated with the hospital liability bucket.,CLM_CLOSED_TIMELY_YN,VARCHAR,False,False,"Denotes if the claim closed prior to its Suggested Initial Follow-up Date, whereby it was no longer outstanding to insurance.",Claims / Denials,False,False
HSP_CLAIM_DETAIL2,This table contains detailed claim print record information for claims associated with the hospital liability bucket.,REIMB_DRG_SOI,VARCHAR,False,False,"The severity of illness (SOI) used for expected reimbursement calculations. Only set for expected reimbursement calculations through an Epic contract, the contract was set to price by DRG, and the DRG used had a severity attached.",Claims / Denials,False,False
HSP_CLAIM_DETAIL3,This table contains detailed claim print record information for claims associated with the hospital liability bucket.,CLAIM_PRINT_ID,NUMERIC,False,False,The unique identifier (.1 item) for the claim print record.,Claims / Denials,False,True
HSP_CLAIM_DETAIL3,This table contains detailed claim print record information for claims associated with the hospital liability bucket.,CH_SENT_DATE,DATETIME,False,False,This item holds the last reported date the claim was sent out of the clearinghouse.,Claims / Denials,True,False
HSP_CLAIM_DETAIL3,This table contains detailed claim print record information for claims associated with the hospital liability bucket.,PAYER_RECEIVED_DATE,DATETIME,False,False,This item holds the last reported date the payer received the claim.,Claims / Denials,True,False
HSP_CLAIM_PAT_RESP,This table contains information about how the patient responsibility for the claim was calculated.,CLAIM_PRINT_ID,NUMERIC,False,False,The unique identifier (.1 item) for the claim print record.,Claims / Denials,False,True
HSP_CLAIM_PAT_RESP,This table contains information about how the patient responsibility for the claim was calculated.,LINE,INTEGER,False,False,The line number for the information associated with this record. Multiple pieces of information can be associated with this record.,Claims / Denials,False,True
HSP_CLAIM_PAT_RESP,This table contains information about how the patient responsibility for the claim was calculated.,CLAIM_PX_LINE_NUM,INTEGER,False,False,"Stores the line number in related group 710 that this detail line corresponds to. If blank, then the patient responsibility detail on this line is for DRG reimbursement.",Claims / Denials,False,False
HSP_CLAIM_PAT_RESP,This table contains information about how the patient responsibility for the claim was calculated.,SERVICE_TYPE_ID,VARCHAR,False,False,"Stores the service type associated with the benefits on this line. If coverage level benefits are used, then the service type will be blank.",Claims / Denials,False,False
HSP_CLAIM_PAT_RESP,This table contains information about how the patient responsibility for the claim was calculated.,SERVICE_TYPE_ID_SERVICE_TYPE_NAME,VARCHAR,False,False,The name of this benefit service type.,Claims / Denials,False,False
HSP_CLAIM_PAT_RESP,This table contains information about how the patient responsibility for the claim was calculated.,SERVICE_TYPE_SOURCE_DESC,VARCHAR,False,False,Stores a description of how the service type was calculated for the line.,Claims / Denials,False,False
HSP_CLAIM_PAT_RESP,This table contains information about how the patient responsibility for the claim was calculated.,DEDUCTIBLE_AMOUNT,NUMERIC,False,False,Stores the amount of deductible that was applied to this line.,Claims / Denials,False,False
HSP_CLAIM_PAT_RESP,This table contains information about how the patient responsibility for the claim was calculated.,COPAY_AMOUNT,NUMERIC,False,False,Stores the amount of copay that was applied to this line.,Claims / Denials,False,False
HSP_CLAIM_PAT_RESP,This table contains information about how the patient responsibility for the claim was calculated.,COINSURANCE_AMOUNT,NUMERIC,False,False,Stores the amount of coinsurance that was applied to this line.,Claims / Denials,False,False
HSP_CLAIM_PAT_RESP,This table contains information about how the patient responsibility for the claim was calculated.,NON_COVERED_AMOUNT,NUMERIC,False,False,Stores the amount that was not covered by insurance on this line.,Claims / Denials,False,False
HSP_CLAIM_PAT_RESP,This table contains information about how the patient responsibility for the claim was calculated.,NON_COVERED_RSN_C_NAME,VARCHAR,False,False,Stores the reason that the not covered amount is not covered by insurance.,Claims / Denials,False,False
HSP_CLAIM_PAT_RESP,This table contains information about how the patient responsibility for the claim was calculated.,ANNUAL_MOOP_CONTRIB_AMOUNT,NUMERIC,False,False,Stores the amount that this line contributed to the maximum out of pocked accumulation.,Claims / Denials,False,False
HSP_CLAIM_PAT_RESP,This table contains information about how the patient responsibility for the claim was calculated.,VISIT_MOOP_CONTRIB_AMOUNT,NUMERIC,False,False,Stores the amount that this line contributed to the maximum visit out of pocked accumulation.,Claims / Denials,False,False
HSP_CLAIM_PAT_RESP,This table contains information about how the patient responsibility for the claim was calculated.,OUT_OF_POCKET_LMT_RSN_C_NAME,VARCHAR,False,False,Stores the reason that the out-of-pocket maximum limited the patient responsibility for the current line.,Claims / Denials,False,False
HSP_CLAIM_PRINT,This table contains claim print record information for claims associated with a given hospital account or liability bucket.,CLAIM_PRINT_ID,NUMERIC,False,False,Stores the claim record ID associated with a single hospital account or liability bucket.,Claims / Denials,False,True
HSP_CLAIM_PRINT,This table contains claim print record information for claims associated with a given hospital account or liability bucket.,CONTACT_DATE_REAL,FLOAT,False,False,The contact date for the creation of the record in internal format. (There is only one contact date per CLP record.),Claims / Denials,False,True
HSP_CLAIM_PRINT,This table contains claim print record information for claims associated with a given hospital account or liability bucket.,HSP_ACCOUNT_ID,NUMERIC,False,False,The ID of the hospital account with which this claim record is associated.,Claims / Denials,False,False
HSP_CLAIM_PRINT,This table contains claim print record information for claims associated with a given hospital account or liability bucket.,CM_PHY_OWN_ID,VARCHAR,False,False,"ID of the physical deployment owner for this record. Physical owners will be where the data is hosted, either on the cross-over server or the owner deployment.",Claims / Denials,False,False
HSP_CLAIM_XR_DISP,This table contains the information used to display the details of calculations performed by contract pricing extensions when calculating expected reimbursement.,CLAIM_PRINT_ID,NUMERIC,False,False,This column stores the unique identifier for the claim print record.,Claims / Denials,False,True
HSP_CLAIM_XR_DISP,This table contains the information used to display the details of calculations performed by contract pricing extensions when calculating expected reimbursement.,LINE,INTEGER,False,False,The line number for the information associated with this record. Multiple pieces of information can be associated with this record.,Claims / Denials,False,True
HSP_CLAIM_XR_DISP,This table contains the information used to display the details of calculations performed by contract pricing extensions when calculating expected reimbursement.,XR_DISP_LINE_NUM,VARCHAR,False,False,The line number to be displayed in the expected reimbursement detail of the Hospital Billing liability bucket. May include other characters for aid in display formatting.,Claims / Denials,False,False
HSP_CLAIM_XR_DISP,This table contains the information used to display the details of calculations performed by contract pricing extensions when calculating expected reimbursement.,XR_DISP_DESCRIPTION,VARCHAR,False,False,"The explanatory or descriptive text to be displayed in the Hospital Billing Liability Bucket detail. This may be the description of a calculated quantity, which may include the arithmetic used in the calculation. It can also be the header used to label a section of the reimbursement calculation.",Claims / Denials,False,False
HSP_CLAIM_XR_DISP,This table contains the information used to display the details of calculations performed by contract pricing extensions when calculating expected reimbursement.,XR_DISP_AMT,NUMERIC,False,False,The amount calculated or other values for a line in the expected reimbursement detail of the Hospital Billing liability bucket.,Claims / Denials,False,False
HSP_CLAIM_XR_VARS,This table contains the values used by contract pricing extensions for calculating expected reimbursement.,CLAIM_PRINT_ID,NUMERIC,False,False,This column stores the unique identifier for the claim print record.,Claims / Denials,False,True
HSP_CLAIM_XR_VARS,This table contains the values used by contract pricing extensions for calculating expected reimbursement.,COST_OUT_PMT_TOTAL,NUMERIC,False,False,This column stores the outlier payment amount for the claim for use in claims printing. This is used for inpatient claims sent to the Health Authority of Abu Dhabi that are paid by diagnosis-related group (DRG).,Claims / Denials,False,False
HSP_CLAIM_XR_VARS,This table contains the values used by contract pricing extensions for calculating expected reimbursement.,COST_OUT_PMT_CAND,NUMERIC,False,False,The cost outlier payment total for a claim that does not include a cost outlier in its expected reimbursement amount calculation but that may be a candidate for a cost outlier.,Claims / Denials,False,False
HSP_CLAIM_XR_VARS,This table contains the values used by contract pricing extensions for calculating expected reimbursement.,IMPLANT_PMT_TOTAL,NUMERIC,False,False,This item tracks the expected reimbursement for implants. This data must be stored using a contracts pricing programming point that specifically updates this item.,Claims / Denials,False,False
HSP_CLAIM_XR_VARS,This table contains the values used by contract pricing extensions for calculating expected reimbursement.,PHY_TRANS_PMT_TOTAL,NUMERIC,False,False,The expected reimbursement for physician transplant.,Claims / Denials,False,False
HSP_CLAIM_XR_VARS,This table contains the values used by contract pricing extensions for calculating expected reimbursement.,COST_OUT_TAX_TOTAL,NUMERIC,False,False,"For inpatient claims sent to the Health Authority of Abu Dhabi that are paid by DRG, this item will hold the VAT amount calculated for the Cost Outlier Payment Total for use in claims printing. This item can be used in other, mutually exclusive scenarios for expected reimbursement calculations.",Claims / Denials,False,False
HSP_CLAIM_XR_VARS,This table contains the values used by contract pricing extensions for calculating expected reimbursement.,ADD_ON_TAX_TOTAL,NUMERIC,False,False,"For inpatient claims sent to the Health Authority of Abu Dhabi that are paid by DRG, this item will hold the add-on VAT amount for the claim for use in claims printing. This item can be used in other, mutually exclusive scenarios for expected reimbursement calculations.",Claims / Denials,False,False
HSP_CLAIM_XR_VARS,This table contains the values used by contract pricing extensions for calculating expected reimbursement.,SUPPLY_ADD_ON_PMT_TOTAL,NUMERIC,False,False,"For inpatient claims sent to the Dubai Health Authority that are paid by DRG, this item will hold the high cost supply add-on payment amount for the claim for use in claims printing. This item can be used in other, mutually exclusive scenarios for expected reimbursement calculations. The value and specific purpose for this item may change based on the extension used.",Claims / Denials,False,False
HSP_CLAIM_XR_VARS,This table contains the values used by contract pricing extensions for calculating expected reimbursement.,DRUG_ADD_ON_PMT_TOTAL,NUMERIC,False,False,"For inpatient claims sent to the Dubai Health Authority that are paid by DRG, this item will hold the high cost drug add-on payment amount for the claim for use in claims printing. This item can be used in other, mutually exclusive scenarios for expected reimbursement calculations. The value and specific purpose for this item may change based on the extension used.",Claims / Denials,False,False
HSP_CLP_CMS_LINE_DX,This table contains linkages between service lines and diagnoses for Hospital Billing claims.,CLAIM_PRINT_ID,NUMERIC,False,False,The unique identifier for the claim record.,ICD-10 / Diagnosis coding,False,True
HSP_CLP_CMS_LINE_DX,This table contains linkages between service lines and diagnoses for Hospital Billing claims.,LINE,INTEGER,False,False,The line number of one of the multiple values associated with a specific group of data within this record.,ICD-10 / Diagnosis coding,False,True
HSP_CLP_CMS_LINE_DX,This table contains linkages between service lines and diagnoses for Hospital Billing claims.,LINE_DX_SVC_LINE,INTEGER,False,False,The claim line number for a service line - diagnosis relationship.,ICD-10 / Diagnosis coding,False,False
HSP_CLP_CMS_LINE_DX,This table contains linkages between service lines and diagnoses for Hospital Billing claims.,LINE_DX_PIECE,INTEGER,False,False,The piece number for a service line - diagnosis relationship.,ICD-10 / Diagnosis coding,False,False
HSP_CLP_CMS_LINE_DX,This table contains linkages between service lines and diagnoses for Hospital Billing claims.,LINE_DX_POINTER,INTEGER,False,False,The diagnosis pointer from a single piece of a service line - diagnosis relationship.,ICD-10 / Diagnosis coding,False,False
HSP_CLP_DIAGNOSIS,This table contains diagnosis related information for claim print records associated with the hospital account/liability bucket.,CLAIM_PRINT_ID,NUMERIC,False,False,The unique identifier for the claim record.,ICD-10 / Diagnosis coding,False,True
HSP_CLP_DIAGNOSIS,This table contains diagnosis related information for claim print records associated with the hospital account/liability bucket.,LINE,INTEGER,False,False,The line number of one of the multiple values associated with a specific group of data within this record.,ICD-10 / Diagnosis coding,False,True
HSP_CLP_DIAGNOSIS,This table contains diagnosis related information for claim print records associated with the hospital account/liability bucket.,DX_ID_DX_NAME,VARCHAR,False,False,The name of the diagnosis.,ICD-10 / Diagnosis coding,False,False
HSP_CLP_DIAGNOSIS,This table contains diagnosis related information for claim print records associated with the hospital account/liability bucket.,DX_POA_C_NAME,VARCHAR,True,False,Diagnosis present on admission indicator. Will only print on institutional claim forms.,ICD-10 / Diagnosis coding,False,False
HSP_PRE_AR_DX,This table contains diagnosis related information for Hospital Billing temporary transactions. This table is limited to charge temporary transactions that have not yet been posted to the account.,HTT_ID,NUMERIC,False,False,The unique identifier (.1 item) for the transaction record.,ICD-10 / Diagnosis coding,False,True
HSP_PRE_AR_DX,This table contains diagnosis related information for Hospital Billing temporary transactions. This table is limited to charge temporary transactions that have not yet been posted to the account.,LINE,INTEGER,False,False,The line number for the information associated with this record. Multiple pieces of information can be associated with this record.,ICD-10 / Diagnosis coding,False,True
HSP_PRE_AR_DX,This table contains diagnosis related information for Hospital Billing temporary transactions. This table is limited to charge temporary transactions that have not yet been posted to the account.,DX_ID_DX_NAME,VARCHAR,False,False,The name of the diagnosis.,ICD-10 / Diagnosis coding,False,False
HSP_PRE_AR_DX,This table contains diagnosis related information for Hospital Billing temporary transactions. This table is limited to charge temporary transactions that have not yet been posted to the account.,DX_QUAL_HA_C_NAME,VARCHAR,True,False,The qualifier associated with the diagnosis.,ICD-10 / Diagnosis coding,False,False
ICD_EVNT_INTRP_CMT,Table for event interpretation comment item.,IMPLANT_ID,VARCHAR,False,False,The unique identifier for the implant record.,ICD-10 / Diagnosis coding,False,True
ICD_EVNT_INTRP_CMT,Table for event interpretation comment item.,CONTACT_DATE_REAL,FLOAT,False,False,"A unique contact date in decimal format. The integer portion of the number indicates the date of contact. The digits after the decimal distinguish different contacts on the same date and are unique for each contact on that date. For example, .00 is the first/only contact, .01 is the second contact, etc.",ICD-10 / Diagnosis coding,False,True
ICD_EVNT_INTRP_CMT,Table for event interpretation comment item.,LINE,INTEGER,False,False,The line number for the information associated with this contact. Multiple pieces of information can be associated with this contact.,ICD-10 / Diagnosis coding,False,True
ICD_EVNT_INTRP_CMT,Table for event interpretation comment item.,CONTACT_DATE,DATETIME,False,False,The date of this contact in calendar format.,ICD-10 / Diagnosis coding,True,False
ICD_EVNT_INTRP_CMT,Table for event interpretation comment item.,ICD_EVENT_INTERPRET,VARCHAR,False,False,Comments for review of arrhythmia events and correlating episodes to patient events.,ICD-10 / Diagnosis coding,False,False
ICD_POCKET_CMT,Table for implantable cardioverter-defibrillator (ICD) Pocket Comment item.,IMPLANT_ID,VARCHAR,False,False,The unique identifier for the implant record.,ICD-10 / Diagnosis coding,False,True
ICD_POCKET_CMT,Table for implantable cardioverter-defibrillator (ICD) Pocket Comment item.,CONTACT_DATE_REAL,FLOAT,False,False,"A unique contact date in decimal format. The integer portion of the number indicates the date of contact. The digits after the decimal distinguish different contacts on the same date and are unique for each contact on that date. For example, .00 is the first/only contact, .01 is the second contact, etc.",ICD-10 / Diagnosis coding,False,True
ICD_POCKET_CMT,Table for implantable cardioverter-defibrillator (ICD) Pocket Comment item.,LINE,INTEGER,False,False,The line number for the information associated with this contact. Multiple pieces of information can be associated with this contact.,ICD-10 / Diagnosis coding,False,True
ICD_POCKET_CMT,Table for implantable cardioverter-defibrillator (ICD) Pocket Comment item.,CONTACT_DATE,DATETIME,False,False,The date of this contact in calendar format.,ICD-10 / Diagnosis coding,True,False
ICD_POCKET_CMT,Table for implantable cardioverter-defibrillator (ICD) Pocket Comment item.,ICD_POCKET_CMT,VARCHAR,False,False,Free text comment to document comments regarding the pocket location for the ICD.,ICD-10 / Diagnosis coding,False,False
INV_DX_INFO,Stores claim-level diagnosis information sent on Resolute Professional Billing claims. Diagnosis information is coming from the INV 350 related group. The Group 100 column corresponds to claims that were sent.,INVOICE_ID,NUMERIC,False,False,The unique ID of the invoice.,ICD-10 / Diagnosis coding,False,True
INV_DX_INFO,Stores claim-level diagnosis information sent on Resolute Professional Billing claims. Diagnosis information is coming from the INV 350 related group. The Group 100 column corresponds to claims that were sent.,LINE,INTEGER,False,False,The line count value of the invoice related group.,ICD-10 / Diagnosis coding,False,True
INV_DX_INFO,Stores claim-level diagnosis information sent on Resolute Professional Billing claims. Diagnosis information is coming from the INV 350 related group. The Group 100 column corresponds to claims that were sent.,DX_ID_DX_NAME,VARCHAR,False,False,The name of the diagnosis.,ICD-10 / Diagnosis coding,False,False
INV_DX_INFO,Stores claim-level diagnosis information sent on Resolute Professional Billing claims. Diagnosis information is coming from the INV 350 related group. The Group 100 column corresponds to claims that were sent.,INV_NUM,VARCHAR,False,False,The external ID of the invoice that is associated with the claim.,ICD-10 / Diagnosis coding,False,False
INV_DX_INFO,Stores claim-level diagnosis information sent on Resolute Professional Billing claims. Diagnosis information is coming from the INV 350 related group. The Group 100 column corresponds to claims that were sent.,INV_NUM_100_GRP_LN,INTEGER,False,False,Claim line number that the diagnosis entry applies to. This is the line number that links the INV_DX_INFO table with the LINE column in the INV_BASIC_INFO table.,ICD-10 / Diagnosis coding,False,False
LAB_CASE_RESULT_DX,This table contains result diagnosis information for anatomic pathology cases.,CASE_ID,NUMERIC,False,False,The unique identifier for the case record.,ICD-10 / Diagnosis coding,False,True
LAB_CASE_RESULT_DX,This table contains result diagnosis information for anatomic pathology cases.,LINE,INTEGER,False,False,The line number for the information associated with this record. Multiple pieces of information can be associated with this record.,ICD-10 / Diagnosis coding,False,True
LAB_CASE_RESULT_DX,This table contains result diagnosis information for anatomic pathology cases.,RESULT_DX_ID_DX_NAME,VARCHAR,False,False,The name of the diagnosis.,ICD-10 / Diagnosis coding,False,False
MED_ALL_DX_CODES,This item stores all unmapped diagnosis codes associated with medications for incoming e-prescribing messages. This table is replacing columns PRIMARY_DX_CODE and SECONDARY_DX_CODE in table DOCS_RCVD_MEDS_2.,DOCUMENT_ID,NUMERIC,False,False,The unique identifier (.1 item) for the document record.,ICD-10 / Diagnosis coding,False,True
MED_ALL_DX_CODES,This item stores all unmapped diagnosis codes associated with medications for incoming e-prescribing messages. This table is replacing columns PRIMARY_DX_CODE and SECONDARY_DX_CODE in table DOCS_RCVD_MEDS_2.,CONTACT_DATE_REAL,FLOAT,False,False,"A unique contact date in decimal format. The integer portion of the number indicates the date of contact. The digits after the decimal distinguish different contacts on the same date and are unique for each contact on that date. For example, .00 is the first/only contact, .01 is the second contact, etc.",ICD-10 / Diagnosis coding,False,True
MED_ALL_DX_CODES,This item stores all unmapped diagnosis codes associated with medications for incoming e-prescribing messages. This table is replacing columns PRIMARY_DX_CODE and SECONDARY_DX_CODE in table DOCS_RCVD_MEDS_2.,GROUP_LINE,INTEGER,False,False,The line number for the information associated with this contact.,ICD-10 / Diagnosis coding,False,True
MED_ALL_DX_CODES,This item stores all unmapped diagnosis codes associated with medications for incoming e-prescribing messages. This table is replacing columns PRIMARY_DX_CODE and SECONDARY_DX_CODE in table DOCS_RCVD_MEDS_2.,VALUE_LINE,INTEGER,False,False,The line number of one of the multiple values associated with a specific group of data within this contact.,ICD-10 / Diagnosis coding,False,True
MED_ALL_DX_CODES,This item stores all unmapped diagnosis codes associated with medications for incoming e-prescribing messages. This table is replacing columns PRIMARY_DX_CODE and SECONDARY_DX_CODE in table DOCS_RCVD_MEDS_2.,CONTACT_DATE,DATETIME,False,False,The date of this contact in calendar format.,ICD-10 / Diagnosis coding,True,False
MED_ALL_DX_CODE_SYSTEMS,"This item stores the coding systems used for all diagnoses (for example, ICD-9) for incoming e-prescribing messages. This table is replacing columns PRIMARY_DX_CODE_SYSTEM and SECONDARY_DX_CODE_SYSTEM in table DOCS_RCVD_MEDS_2.",DOCUMENT_ID,NUMERIC,False,False,The unique identifier (.1 item) for the document record.,ICD-10 / Diagnosis coding,False,True
MED_ALL_DX_CODE_SYSTEMS,"This item stores the coding systems used for all diagnoses (for example, ICD-9) for incoming e-prescribing messages. This table is replacing columns PRIMARY_DX_CODE_SYSTEM and SECONDARY_DX_CODE_SYSTEM in table DOCS_RCVD_MEDS_2.",CONTACT_DATE_REAL,FLOAT,False,False,"A unique contact date in decimal format. The integer portion of the number indicates the date of contact. The digits after the decimal distinguish different contacts on the same date and are unique for each contact on that date. For example, .00 is the first/only contact, .01 is the second contact, etc.",ICD-10 / Diagnosis coding,False,True
MED_ALL_DX_CODE_SYSTEMS,"This item stores the coding systems used for all diagnoses (for example, ICD-9) for incoming e-prescribing messages. This table is replacing columns PRIMARY_DX_CODE_SYSTEM and SECONDARY_DX_CODE_SYSTEM in table DOCS_RCVD_MEDS_2.",GROUP_LINE,INTEGER,False,False,The line number for the information associated with this contact.,ICD-10 / Diagnosis coding,False,True
MED_ALL_DX_CODE_SYSTEMS,"This item stores the coding systems used for all diagnoses (for example, ICD-9) for incoming e-prescribing messages. This table is replacing columns PRIMARY_DX_CODE_SYSTEM and SECONDARY_DX_CODE_SYSTEM in table DOCS_RCVD_MEDS_2.",VALUE_LINE,INTEGER,False,False,The line number of one of the multiple values associated with a specific group of data within this contact.,ICD-10 / Diagnosis coding,False,True
MED_ALL_DX_CODE_SYSTEMS,"This item stores the coding systems used for all diagnoses (for example, ICD-9) for incoming e-prescribing messages. This table is replacing columns PRIMARY_DX_CODE_SYSTEM and SECONDARY_DX_CODE_SYSTEM in table DOCS_RCVD_MEDS_2.",CONTACT_DATE,DATETIME,False,False,The date of this contact in calendar format.,ICD-10 / Diagnosis coding,True,False
MED_ALL_DX_IDS,All diagnoses for the medication specified within the incoming electronic prescription. This table is replacing columns MED_PRIM_DX_ID and MED_SEC_DX_ID in table DOCS_RCVD_MEDS.,DOCUMENT_ID,NUMERIC,False,False,The unique identifier (.1 item) for the document record.,ICD-10 / Diagnosis coding,False,True
MED_ALL_DX_IDS,All diagnoses for the medication specified within the incoming electronic prescription. This table is replacing columns MED_PRIM_DX_ID and MED_SEC_DX_ID in table DOCS_RCVD_MEDS.,CONTACT_DATE_REAL,FLOAT,False,False,"A unique contact date in decimal format. The integer portion of the number indicates the date of contact. The digits after the decimal distinguish different contacts on the same date and are unique for each contact on that date. For example, .00 is the first/only contact, .01 is the second contact, etc.",ICD-10 / Diagnosis coding,False,True
MED_ALL_DX_IDS,All diagnoses for the medication specified within the incoming electronic prescription. This table is replacing columns MED_PRIM_DX_ID and MED_SEC_DX_ID in table DOCS_RCVD_MEDS.,GROUP_LINE,INTEGER,False,False,The line number for the information associated with this contact.,ICD-10 / Diagnosis coding,False,True
MED_ALL_DX_IDS,All diagnoses for the medication specified within the incoming electronic prescription. This table is replacing columns MED_PRIM_DX_ID and MED_SEC_DX_ID in table DOCS_RCVD_MEDS.,VALUE_LINE,INTEGER,False,False,The line number of one of the multiple values associated with a specific group of data within this contact.,ICD-10 / Diagnosis coding,False,True
MED_ALL_DX_IDS,All diagnoses for the medication specified within the incoming electronic prescription. This table is replacing columns MED_PRIM_DX_ID and MED_SEC_DX_ID in table DOCS_RCVD_MEDS.,CONTACT_DATE,DATETIME,False,False,The date of this contact in calendar format.,ICD-10 / Diagnosis coding,True,False
MED_ALL_DX_IDS,All diagnoses for the medication specified within the incoming electronic prescription. This table is replacing columns MED_PRIM_DX_ID and MED_SEC_DX_ID in table DOCS_RCVD_MEDS.,MED_ALL_DX_ID_DX_NAME,VARCHAR,False,False,The name of the diagnosis.,ICD-10 / Diagnosis coding,False,False
MED_CVG_DX_VALUE,This table extracts the diagnosis codes associated with a medication estimate.,MED_ESTIMATE_ID,NUMERIC,False,False,The unique identifier (.1 item) for the medication estimate record.,ICD-10 / Diagnosis coding,False,True
MED_CVG_DX_VALUE,This table extracts the diagnosis codes associated with a medication estimate.,CONTACT_DATE_REAL,FLOAT,False,False,"A unique contact date in decimal format. The integer portion of the number indicates the date of contact. The digits after the decimal distinguish different contacts on the same date and are unique for each contact on that date. For example, .00 is the first/only contact, .01 is the second contact, and so on.",ICD-10 / Diagnosis coding,False,True
MED_CVG_DX_VALUE,This table extracts the diagnosis codes associated with a medication estimate.,GROUP_LINE,INTEGER,False,False,The line number for the information associated with this contact.,ICD-10 / Diagnosis coding,False,True
MED_CVG_DX_VALUE,This table extracts the diagnosis codes associated with a medication estimate.,VALUE_LINE,INTEGER,False,False,The line number of one of the multiple values associated with a specific group of data within this contact.,ICD-10 / Diagnosis coding,False,True
MED_CVG_DX_VALUE,This table extracts the diagnosis codes associated with a medication estimate.,CONTACT_DATE,DATETIME,False,False,The date of this contact in calendar format.,ICD-10 / Diagnosis coding,True,False
MED_CVG_DX_VALUE,This table extracts the diagnosis codes associated with a medication estimate.,DX_ID_DX_NAME,VARCHAR,False,False,The name of the diagnosis.,ICD-10 / Diagnosis coding,False,False
MED_DISPENSE_DX,This table holds information about diagnoses associated with medication dispenses.,DOCUMENT_ID,NUMERIC,False,False,The unique identifier for the document record.,ICD-10 / Diagnosis coding,False,True
MED_DISPENSE_DX,This table holds information about diagnoses associated with medication dispenses.,CONTACT_DATE_REAL,FLOAT,False,False,"A unique contact date in decimal format. The integer portion of the number indicates the date of contact. The digits after the decimal distinguish different contacts on the same date and are unique for each contact on that date. For example, .00 is the first/only contact, .01 is the second contact, etc.",ICD-10 / Diagnosis coding,False,True
MED_DISPENSE_DX,This table holds information about diagnoses associated with medication dispenses.,GROUP_LINE,INTEGER,False,False,The line number for the information associated with this contact.,ICD-10 / Diagnosis coding,False,True
MED_DISPENSE_DX,This table holds information about diagnoses associated with medication dispenses.,VALUE_LINE,INTEGER,False,False,The line number of one of the multiple values associated with a specific group of data within this contact.,ICD-10 / Diagnosis coding,False,True
MED_DISPENSE_DX,This table holds information about diagnoses associated with medication dispenses.,CONTACT_DATE,DATETIME,False,False,The date of this contact in calendar format.,ICD-10 / Diagnosis coding,True,False
MED_DISPENSE_DX,This table holds information about diagnoses associated with medication dispenses.,DX_ID_DX_NAME,VARCHAR,False,False,The name of the diagnosis.,ICD-10 / Diagnosis coding,False,False
MED_DISP_ALL_DX_CODES,"All diagnosis codes for the medication in the medication dispensed segment of the external e-prescription, received through the incoming e-prescribing interface. This table is replacing columns MED_DISP_PRIM_DX and MED_DISP_SEC_DX in table DOCS_RCVD_MED_DISP.",DOCUMENT_ID,NUMERIC,False,False,The unique identifier (.1 item) for the document record.,ICD-10 / Diagnosis coding,False,True
MED_DISP_ALL_DX_CODES,"All diagnosis codes for the medication in the medication dispensed segment of the external e-prescription, received through the incoming e-prescribing interface. This table is replacing columns MED_DISP_PRIM_DX and MED_DISP_SEC_DX in table DOCS_RCVD_MED_DISP.",GROUP_LINE,INTEGER,False,False,The line number for the information associated with this record.,ICD-10 / Diagnosis coding,False,True
MED_DISP_ALL_DX_CODES,"All diagnosis codes for the medication in the medication dispensed segment of the external e-prescription, received through the incoming e-prescribing interface. This table is replacing columns MED_DISP_PRIM_DX and MED_DISP_SEC_DX in table DOCS_RCVD_MED_DISP.",VALUE_LINE,INTEGER,False,False,The line number of one of the multiple values associated with a specific group of data within this record.,ICD-10 / Diagnosis coding,False,True
MED_DISP_ALL_DX_CODES,"All diagnosis codes for the medication in the medication dispensed segment of the external e-prescription, received through the incoming e-prescribing interface. This table is replacing columns MED_DISP_PRIM_DX and MED_DISP_SEC_DX in table DOCS_RCVD_MED_DISP.",MED_DISP_ALL_DX,VARCHAR,False,False,"All diagnosis codes for the medication in the medication dispensed segment of the external e-prescription, received through the incoming e-prescribing interface.",ICD-10 / Diagnosis coding,False,False
MED_DISP_ALL_DX_CODE_SYS,"The coding system used for all diagnosis codes for the medication in the medication dispensed segment of the external e-prescription, received through the incoming e-prescribing interface. This table is replacing columns MED_DIS_PRIM_DX_SYS and MED_DIS_SEC_DX_SYS in table DOCS_RCVD_MED_DISP.",DOCUMENT_ID,NUMERIC,False,False,The unique identifier (.1 item) for the document record.,ICD-10 / Diagnosis coding,False,True
MED_DISP_ALL_DX_CODE_SYS,"The coding system used for all diagnosis codes for the medication in the medication dispensed segment of the external e-prescription, received through the incoming e-prescribing interface. This table is replacing columns MED_DIS_PRIM_DX_SYS and MED_DIS_SEC_DX_SYS in table DOCS_RCVD_MED_DISP.",GROUP_LINE,INTEGER,False,False,The line number for the information associated with this record.,ICD-10 / Diagnosis coding,False,True
MED_DISP_ALL_DX_CODE_SYS,"The coding system used for all diagnosis codes for the medication in the medication dispensed segment of the external e-prescription, received through the incoming e-prescribing interface. This table is replacing columns MED_DIS_PRIM_DX_SYS and MED_DIS_SEC_DX_SYS in table DOCS_RCVD_MED_DISP.",VALUE_LINE,INTEGER,False,False,The line number of one of the multiple values associated with a specific group of data within this record.,ICD-10 / Diagnosis coding,False,True
MED_DISP_ALL_DX_CODE_SYS,"The coding system used for all diagnosis codes for the medication in the medication dispensed segment of the external e-prescription, received through the incoming e-prescribing interface. This table is replacing columns MED_DIS_PRIM_DX_SYS and MED_DIS_SEC_DX_SYS in table DOCS_RCVD_MED_DISP.",MED_DIS_ALL_DX_SYS,VARCHAR,False,False,"The coding system used for all diagnosis codes for the medication int he medication dispensed segment of the external e-prescription, received through the incoming e-prescribing interface.",ICD-10 / Diagnosis coding,False,False
MED_DISP_ALL_DX_IDS,"All diagnoses for the medication in the medication dispensed segment of the external e-prescription, received through the incoming e-prescribing interface. This table is replacing columns MED_DISP_PRIM_DX_ID and MED_DISP_SEC_DX_ID in table DOCS_RCVD_MED_DISP.",DOCUMENT_ID,NUMERIC,False,False,The unique identifier (.1 item) for the document record.,ICD-10 / Diagnosis coding,False,True
MED_DISP_ALL_DX_IDS,"All diagnoses for the medication in the medication dispensed segment of the external e-prescription, received through the incoming e-prescribing interface. This table is replacing columns MED_DISP_PRIM_DX_ID and MED_DISP_SEC_DX_ID in table DOCS_RCVD_MED_DISP.",GROUP_LINE,INTEGER,False,False,The line number for the information associated with this record.,ICD-10 / Diagnosis coding,False,True
MED_DISP_ALL_DX_IDS,"All diagnoses for the medication in the medication dispensed segment of the external e-prescription, received through the incoming e-prescribing interface. This table is replacing columns MED_DISP_PRIM_DX_ID and MED_DISP_SEC_DX_ID in table DOCS_RCVD_MED_DISP.",VALUE_LINE,INTEGER,False,False,The line number of one of the multiple values associated with a specific group of data within this record.,ICD-10 / Diagnosis coding,False,True
MED_DISP_ALL_DX_IDS,"All diagnoses for the medication in the medication dispensed segment of the external e-prescription, received through the incoming e-prescribing interface. This table is replacing columns MED_DISP_PRIM_DX_ID and MED_DISP_SEC_DX_ID in table DOCS_RCVD_MED_DISP.",MED_DISP_ALL_DX_ID_DX_NAME,VARCHAR,False,False,The name of the diagnosis.,ICD-10 / Diagnosis coding,False,False
MED_THERAPY_PROB_DX,Contains diagnosis information for the medication therapy problem.,PROBLEM_ID,NUMERIC,False,False,The unique identifier (.1 item) for the med therapy problem record.,ICD-10 / Diagnosis coding,False,True
MED_THERAPY_PROB_DX,Contains diagnosis information for the medication therapy problem.,CONTACT_DATE_REAL,FLOAT,False,False,"A unique contact date in decimal format. The integer portion of the number indicates the date of contact. The digits after the decimal distinguish different contacts on the same date and are unique for each contact on that date. For example, .00 is the first/only contact, .01 is the second contact, etc.",ICD-10 / Diagnosis coding,False,True
MED_THERAPY_PROB_DX,Contains diagnosis information for the medication therapy problem.,LINE,INTEGER,False,False,The line number for the information associated with this contact. Multiple pieces of information can be associated with this contact.,ICD-10 / Diagnosis coding,False,True
MED_THERAPY_PROB_DX,Contains diagnosis information for the medication therapy problem.,PROBLEM_DX_ID_DX_NAME,VARCHAR,False,False,The name of the diagnosis.,ICD-10 / Diagnosis coding,False,False
MED_THERAPY_PROB_DX,Contains diagnosis information for the medication therapy problem.,PROB_DIAG_SOURCE_C_NAME,VARCHAR,False,False,The source of the diagnosis on the same line.,ICD-10 / Diagnosis coding,False,False
MTP_AUTO_EVAL_DIAGNOSES,The diagnosis information obtained from the Medication Therapy Opportunities Engine.,PROBLEM_ID,NUMERIC,False,False,The unique identifier (.1 item) for the med therapy problem record.,ICD-10 / Diagnosis coding,False,True
MTP_AUTO_EVAL_DIAGNOSES,The diagnosis information obtained from the Medication Therapy Opportunities Engine.,LINE,INTEGER,False,False,The line number for the information associated with this record. Multiple pieces of information can be associated with this record.,ICD-10 / Diagnosis coding,False,True
MTP_AUTO_EVAL_DIAGNOSES,The diagnosis information obtained from the Medication Therapy Opportunities Engine.,AUTO_EVAL_DX_ID_DX_NAME,VARCHAR,False,False,The name of the diagnosis.,ICD-10 / Diagnosis coding,False,False
MTP_AUTO_EVAL_DIAGNOSES,The diagnosis information obtained from the Medication Therapy Opportunities Engine.,PROB_DIAG_SOURCE_C_NAME,VARCHAR,False,False,The source of the diagnosis identified by the medication therapy opportunities engine evaluation.,ICD-10 / Diagnosis coding,False,False
MTP_AUTO_EVAL_DIAGNOSES,The diagnosis information obtained from the Medication Therapy Opportunities Engine.,PROBLEM_LIST_ID,NUMERIC,False,False,The problem list identified by the medication therapy opportunities engine evaluation.,ICD-10 / Diagnosis coding,False,False
MTP_AUTO_EVAL_DIAGNOSES,The diagnosis information obtained from the Medication Therapy Opportunities Engine.,PAT_ENC_CSN_ID,NUMERIC,False,False,The patient encounter associated with the diagnosis identified by the medication therapy opportunities engine evaluation.,ICD-10 / Diagnosis coding,False,False
MTP_AUTO_EVAL_DIAGNOSES,The diagnosis information obtained from the Medication Therapy Opportunities Engine.,INVOICE_ID,NUMERIC,False,False,The invoice associated with the diagnosis identified by the medication therapy opportunities engine evaluation.,ICD-10 / Diagnosis coding,False,False
MTP_AUTO_EVAL_DIAGNOSES,The diagnosis information obtained from the Medication Therapy Opportunities Engine.,SURGICAL_LOG_ID,VARCHAR,False,False,The surgical log associated with the diagnosis identified by the medication therapy opportunities engine evaluation.,ICD-10 / Diagnosis coding,False,False
MTP_AUTO_EVAL_DIAGNOSES,The diagnosis information obtained from the Medication Therapy Opportunities Engine.,SURGICAL_CASE_ID,VARCHAR,False,False,The surgical case associated with the diagnosis identified by the medication therapy opportunities engine evaluation.,ICD-10 / Diagnosis coding,False,False
MTP_AUTO_EVAL_DIAGNOSES,The diagnosis information obtained from the Medication Therapy Opportunities Engine.,DX_DATE_FILED_DATE,DATETIME,False,False,The date when the diagnosis information was filed.,ICD-10 / Diagnosis coding,True,False
MTP_AUTO_EVAL_DX_EXT_REF,The external data reference identifiers associated with the diagnosis identified by the medication therapy opportunities engine evaluation.,PROBLEM_ID,NUMERIC,False,False,The unique identifier (.1 item) for the med therapy problem record.,ICD-10 / Diagnosis coding,False,True
MTP_AUTO_EVAL_DX_EXT_REF,The external data reference identifiers associated with the diagnosis identified by the medication therapy opportunities engine evaluation.,GROUP_LINE,INTEGER,False,False,The line number for the information associated with this record.,ICD-10 / Diagnosis coding,False,True
MTP_AUTO_EVAL_DX_EXT_REF,The external data reference identifiers associated with the diagnosis identified by the medication therapy opportunities engine evaluation.,VALUE_LINE,INTEGER,False,False,The line number of one of the multiple values associated with a specific group of data within this record.,ICD-10 / Diagnosis coding,False,True
MTP_AUTO_EVAL_DX_EXT_REF,The external data reference identifiers associated with the diagnosis identified by the medication therapy opportunities engine evaluation.,DX_EXT_REF_IDENT,VARCHAR,False,False,The external data reference identifier associated with the diagnosis identified by the medication therapy opportunities engine evaluation.,ICD-10 / Diagnosis coding,False,False
MTP_AUTO_EVAL_DX_SRC_ORG,The source organizations that filed the information.,PROBLEM_ID,NUMERIC,False,False,The unique identifier (.1 item) for the med therapy problem record.,ICD-10 / Diagnosis coding,False,True
MTP_AUTO_EVAL_DX_SRC_ORG,The source organizations that filed the information.,GROUP_LINE,INTEGER,False,False,The line number for the information associated with this record.,ICD-10 / Diagnosis coding,False,True
MTP_AUTO_EVAL_DX_SRC_ORG,The source organizations that filed the information.,VALUE_LINE,INTEGER,False,False,The line number of one of the multiple values associated with a specific group of data within this record.,ICD-10 / Diagnosis coding,False,True
MTP_AUTO_EVAL_DX_SRC_ORG,The source organizations that filed the information.,DX_SOURCE_ORG_ID,NUMERIC,False,False,The source organization that filed the information.,ICD-10 / Diagnosis coding,False,False
MTP_AUTO_EVAL_DX_SRC_ORG,The source organizations that filed the information.,DX_SOURCE_ORG_ID_EXTERNAL_NAME,VARCHAR,False,False,Organization's external name used as the display name on forms and user interfaces.,ICD-10 / Diagnosis coding,False,False
MULT_DISC_DX,This table contains information on the defined multidisciplinary diagnoses/problems.,PROBLEM_ID_NAME,VARCHAR,False,False,The name of the multidisciplinary diagnoses.,ICD-10 / Diagnosis coding,False,False
MULT_DISC_DX,This table contains information on the defined multidisciplinary diagnoses/problems.,NAME,VARCHAR,False,False,The name of the multidisciplinary diagnoses.,ICD-10 / Diagnosis coding,False,False
MULT_DISC_DX,This table contains information on the defined multidisciplinary diagnoses/problems.,DISPLAY_NAME,VARCHAR,False,False,The display name for the multidisciplinary diagnosis.,ICD-10 / Diagnosis coding,False,False
NOTES_PROC_PRE_DX,This table contains a list of preoperative diagnoses for ambulatory procedure notes.,NOTE_ID,VARCHAR,False,False,The unique ID of the note.,ICD-10 / Diagnosis coding,False,True
NOTES_PROC_PRE_DX,This table contains a list of preoperative diagnoses for ambulatory procedure notes.,CONTACT_DATE_REAL,FLOAT,False,False,"A unique, internal contact date in decimal format. The integer portion of the number indicates the date of the contact. The digits after the decimal distinguish different contacts on the same date and are unique for each contact on that date. For example, .00 is the first/only contact, .01 is the second contact, etc.",ICD-10 / Diagnosis coding,False,True
NOTES_PROC_PRE_DX,This table contains a list of preoperative diagnoses for ambulatory procedure notes.,LINE,INTEGER,False,False,The line number for the information associated with this contact. Multiple pieces of information can be associated with this contact.,ICD-10 / Diagnosis coding,False,True
NOTES_PROC_PRE_DX,This table contains a list of preoperative diagnoses for ambulatory procedure notes.,PROC_NOTE_PRE_DX_DX_NAME,VARCHAR,False,False,The name of the diagnosis.,ICD-10 / Diagnosis coding,False,False
NOTES_PROC_PST_DX,This table contains a list of postoperative diagnoses for ambulatory procedure notes.,NOTE_ID,VARCHAR,False,False,The unique ID of the note.,ICD-10 / Diagnosis coding,False,True
NOTES_PROC_PST_DX,This table contains a list of postoperative diagnoses for ambulatory procedure notes.,CONTACT_DATE_REAL,FLOAT,False,False,"A unique, internal contact date in decimal format. The integer portion of the number indicates the date of the contact. The digits after the decimal distinguish different contacts on the same date and are unique for each contact on that date. For example, .00 is the first/only contact, .01 is the second contact, etc.",ICD-10 / Diagnosis coding,False,True
NOTES_PROC_PST_DX,This table contains a list of postoperative diagnoses for ambulatory procedure notes.,LINE,INTEGER,False,False,The line number for the information associated with this contact. Multiple pieces of information can be associated with this contact.,ICD-10 / Diagnosis coding,False,True
NOTES_PROC_PST_DX,This table contains a list of postoperative diagnoses for ambulatory procedure notes.,PROC_NOTE_PST_DX_DX_NAME,VARCHAR,False,False,The name of the diagnosis.,ICD-10 / Diagnosis coding,False,False
NSQIP_FIRST_REOP_CPT,This table contains CPT® and procedure description related to the first reoperation.,REGISTRY_DATA_ID,NUMERIC,False,False,The unique identifier (.1 item) for the registry data record.,E/M level / CPT coding,False,True
NSQIP_FIRST_REOP_CPT,This table contains CPT® and procedure description related to the first reoperation.,LINE,INTEGER,False,False,The line number for the information associated with this record. Multiple pieces of information can be associated with this record.,E/M level / CPT coding,False,True
NSQIP_FIRST_REOP_CPT,This table contains CPT® and procedure description related to the first reoperation.,NSQIP_FST_REOP_INF_SRC_C_NAME,VARCHAR,False,False,The category ID for the source of information for the first return to the OR.,E/M level / CPT coding,False,False
NSQIP_FIRST_REOP_CPT,This table contains CPT® and procedure description related to the first reoperation.,NSQIP_FST_REOP_CPT,VARCHAR,False,False,CPT® code associated with the first return to the OR.,E/M level / CPT coding,False,False
NSQIP_FIRST_REOP_CPT,This table contains CPT® and procedure description related to the first reoperation.,NSQIP_FST_REOP_PROC_DESC,VARCHAR,False,False,Procedure description associated with the first return to the OR.,E/M level / CPT coding,False,False
NSQIP_FIRST_REOP_ICD10,This table contains ICD-10 code and diagnosis description related to the first reoperation.,REGISTRY_DATA_ID,NUMERIC,False,False,The unique identifier (.1 item) for the registry data record.,ICD-10 / Diagnosis coding,False,True
NSQIP_FIRST_REOP_ICD10,This table contains ICD-10 code and diagnosis description related to the first reoperation.,LINE,INTEGER,False,False,The line number for the information associated with this record. Multiple pieces of information can be associated with this record.,ICD-10 / Diagnosis coding,False,True
NSQIP_FIRST_REOP_ICD10,This table contains ICD-10 code and diagnosis description related to the first reoperation.,NSQIP_FST_REOP_ICD10,VARCHAR,False,False,ICD-10 code associated with the first return to the OR.,ICD-10 / Diagnosis coding,False,False
NSQIP_FIRST_REOP_ICD10,This table contains ICD-10 code and diagnosis description related to the first reoperation.,NSQIP_FST_REOP_ICD10_DX_DESC,VARCHAR,False,False,ICD-10 diagnosis description associated with the first return to the OR.,ICD-10 / Diagnosis coding,False,False
NSQIP_FIRST_REOP_ICD9,This table contains ICD-9 code and diagnosis description related to the first reoperation.,REGISTRY_DATA_ID,NUMERIC,False,False,The unique identifier (.1 item) for the registry data record.,ICD-10 / Diagnosis coding,False,True
NSQIP_FIRST_REOP_ICD9,This table contains ICD-9 code and diagnosis description related to the first reoperation.,LINE,INTEGER,False,False,The line number for the information associated with this record. Multiple pieces of information can be associated with this record.,ICD-10 / Diagnosis coding,False,True
NSQIP_FIRST_REOP_ICD9,This table contains ICD-9 code and diagnosis description related to the first reoperation.,NSQIP_FST_REOP_ICD9,VARCHAR,False,False,ICD-9 code associated with the first return to the OR.,ICD-10 / Diagnosis coding,False,False
NSQIP_FIRST_REOP_ICD9,This table contains ICD-9 code and diagnosis description related to the first reoperation.,NSQIP_FST_REOP_DX_DESC,VARCHAR,False,False,ICD-9 diagnosis description associated with the first return to the OR.,ICD-10 / Diagnosis coding,False,False
NSQIP_RETURN_DX_COMMENTS,This table contains diagnosis comments associated with unplanned returns to the OR.,REGISTRY_DATA_ID,NUMERIC,False,False,The unique identifier (.1 item) for the registry data record.,ICD-10 / Diagnosis coding,False,True
NSQIP_RETURN_DX_COMMENTS,This table contains diagnosis comments associated with unplanned returns to the OR.,LINE,INTEGER,False,False,The line number for the information associated with this record. Multiple pieces of information can be associated with this record.,ICD-10 / Diagnosis coding,False,True
NSQIP_RETURN_DX_COMMENTS,This table contains diagnosis comments associated with unplanned returns to the OR.,NSQIP_RETURN_DX_COMMENTS,VARCHAR,False,False,Diagnosis comments for an unplanned return to OR.,ICD-10 / Diagnosis coding,False,False
NSQIP_RETURN_ICD10_CODES,This table contains ICD-10 codes associated with unplanned returns to the OR.,REGISTRY_DATA_ID,NUMERIC,False,False,The unique identifier (.1 item) for the registry data record.,ICD-10 / Diagnosis coding,False,True
NSQIP_RETURN_ICD10_CODES,This table contains ICD-10 codes associated with unplanned returns to the OR.,LINE,INTEGER,False,False,The line number for the information associated with this record. Multiple pieces of information can be associated with this record.,ICD-10 / Diagnosis coding,False,True
NSQIP_RETURN_ICD10_CODES,This table contains ICD-10 codes associated with unplanned returns to the OR.,NSQIP_RETURN_ICD10_CODES,VARCHAR,False,False,ICD-10 codes associated with an unplanned return to the OR.,ICD-10 / Diagnosis coding,False,False
NSQIP_SECOND_REOP_CPT,This table contains CPT® and procedure description related to the second reoperation.,REGISTRY_DATA_ID,NUMERIC,False,False,The unique identifier (.1 item) for the registry data record.,E/M level / CPT coding,False,True
NSQIP_SECOND_REOP_CPT,This table contains CPT® and procedure description related to the second reoperation.,LINE,INTEGER,False,False,The line number for the information associated with this record. Multiple pieces of information can be associated with this record.,E/M level / CPT coding,False,True
NSQIP_SECOND_REOP_CPT,This table contains CPT® and procedure description related to the second reoperation.,NSQIP_SEC_REOP_INF_SRC_C_NAME,VARCHAR,False,False,The category ID for the source of information for the second return to the OR.,E/M level / CPT coding,False,False
NSQIP_SECOND_REOP_CPT,This table contains CPT® and procedure description related to the second reoperation.,NSQIP_SEC_REOP_CPT,VARCHAR,False,False,CPT® code associated with the second return to the OR.,E/M level / CPT coding,False,False
NSQIP_SECOND_REOP_CPT,This table contains CPT® and procedure description related to the second reoperation.,NSQIP_SEC_REOP_PROC_DESC,VARCHAR,False,False,Procedure description associated with the second return to the OR.,E/M level / CPT coding,False,False
NSQIP_SECOND_REOP_ICD10,This table contains ICD-10 code and diagnosis description related to the second reoperation.,REGISTRY_DATA_ID,NUMERIC,False,False,The unique identifier (.1 item) for the registry data record.,ICD-10 / Diagnosis coding,False,True
NSQIP_SECOND_REOP_ICD10,This table contains ICD-10 code and diagnosis description related to the second reoperation.,LINE,INTEGER,False,False,The line number for the information associated with this record. Multiple pieces of information can be associated with this record.,ICD-10 / Diagnosis coding,False,True
NSQIP_SECOND_REOP_ICD10,This table contains ICD-10 code and diagnosis description related to the second reoperation.,NSQIP_SEC_REOP_ICD10,VARCHAR,False,False,ICD-10 code associated with the second return to the OR.,ICD-10 / Diagnosis coding,False,False
NSQIP_SECOND_REOP_ICD10,This table contains ICD-10 code and diagnosis description related to the second reoperation.,NSQIP_SEC_REOP_ICD10_DX_DESC,VARCHAR,False,False,ICD-10 diagnosis description associated with the second return to OR.,ICD-10 / Diagnosis coding,False,False
NSQIP_SECOND_REOP_ICD9,This table contains ICD-9 code and diagnosis description related to the second reoperation.,REGISTRY_DATA_ID,NUMERIC,False,False,The unique identifier (.1 item) for the registry data record.,ICD-10 / Diagnosis coding,False,True
NSQIP_SECOND_REOP_ICD9,This table contains ICD-9 code and diagnosis description related to the second reoperation.,LINE,INTEGER,False,False,The line number for the information associated with this record. Multiple pieces of information can be associated with this record.,ICD-10 / Diagnosis coding,False,True
NSQIP_SECOND_REOP_ICD9,This table contains ICD-9 code and diagnosis description related to the second reoperation.,NSQIP_SEC_REOP_ICD9,VARCHAR,False,False,ICD-9 code associated with the second return to the OR.,ICD-10 / Diagnosis coding,False,False
NSQIP_SECOND_REOP_ICD9,This table contains ICD-9 code and diagnosis description related to the second reoperation.,NSQIP_SEC_REOP_DX_DESC,VARCHAR,False,False,ICD-9 diagnosis description associated with the second return to the OR.,ICD-10 / Diagnosis coding,False,False
ORDER_DX_MED,"The ORDER_DX_MED table enables you to report on the diagnoses associated with medications ordered in clinical system (prescriptions). Since one medication order may be associated with multiple diagnoses, each row in this table is one medication - diagnosis relation. We have also included patient and contact identification information for each record. Note that system settings may or may not require that medications be associated with diagnoses. This table contains only information for those medications and diagnoses that have been explicitly associated. Check with your clinical system Application Administrator to determine how your organization has this set up.",ORDER_MED_ID,NUMERIC,False,False,The unique ID of the medication order (prescription) record.,ICD-10 / Diagnosis coding,False,True
ORDER_DX_MED,"The ORDER_DX_MED table enables you to report on the diagnoses associated with medications ordered in clinical system (prescriptions). Since one medication order may be associated with multiple diagnoses, each row in this table is one medication - diagnosis relation. We have also included patient and contact identification information for each record. Note that system settings may or may not require that medications be associated with diagnoses. This table contains only information for those medications and diagnoses that have been explicitly associated. Check with your clinical system Application Administrator to determine how your organization has this set up.",LINE,INTEGER,False,False,The line number for the information associated with this contact. Multiple pieces of information can be associated with this contact.,ICD-10 / Diagnosis coding,False,True
ORDER_DX_MED,"The ORDER_DX_MED table enables you to report on the diagnoses associated with medications ordered in clinical system (prescriptions). Since one medication order may be associated with multiple diagnoses, each row in this table is one medication - diagnosis relation. We have also included patient and contact identification information for each record. Note that system settings may or may not require that medications be associated with diagnoses. This table contains only information for those medications and diagnoses that have been explicitly associated. Check with your clinical system Application Administrator to determine how your organization has this set up.",PAT_ENC_DATE_REAL,FLOAT,False,False,"A unique, internal contact date in decimal format. The integer portion of the number indicates the date of the contact. The digits after the decimal distinguish different contacts on the same date and are unique for each contact on that date. For example, .00 is the first/only contact, .01 is the second contact, etc.",ICD-10 / Diagnosis coding,False,False
ORDER_DX_MED,"The ORDER_DX_MED table enables you to report on the diagnoses associated with medications ordered in clinical system (prescriptions). Since one medication order may be associated with multiple diagnoses, each row in this table is one medication - diagnosis relation. We have also included patient and contact identification information for each record. Note that system settings may or may not require that medications be associated with diagnoses. This table contains only information for those medications and diagnoses that have been explicitly associated. Check with your clinical system Application Administrator to determine how your organization has this set up.",PAT_ENC_CSN_ID,NUMERIC,False,False,The unique contact serial number for this contact. This number is unique across all patient encounters in your system. If you use IntraConnect this is the Unique Contact Identifier (UCI).,ICD-10 / Diagnosis coding,False,False
ORDER_DX_MED,"The ORDER_DX_MED table enables you to report on the diagnoses associated with medications ordered in clinical system (prescriptions). Since one medication order may be associated with multiple diagnoses, each row in this table is one medication - diagnosis relation. We have also included patient and contact identification information for each record. Note that system settings may or may not require that medications be associated with diagnoses. This table contains only information for those medications and diagnoses that have been explicitly associated. Check with your clinical system Application Administrator to determine how your organization has this set up.",DX_ID_DX_NAME,VARCHAR,False,False,The name of the diagnosis.,ICD-10 / Diagnosis coding,False,False
ORDER_DX_MED,"The ORDER_DX_MED table enables you to report on the diagnoses associated with medications ordered in clinical system (prescriptions). Since one medication order may be associated with multiple diagnoses, each row in this table is one medication - diagnosis relation. We have also included patient and contact identification information for each record. Note that system settings may or may not require that medications be associated with diagnoses. This table contains only information for those medications and diagnoses that have been explicitly associated. Check with your clinical system Application Administrator to determine how your organization has this set up.",DX_QUALIFIER_C_NAME,VARCHAR,True,False,The category ID of the qualifier associated with the diagnosis.,ICD-10 / Diagnosis coding,False,False
ORDER_DX_MED,"The ORDER_DX_MED table enables you to report on the diagnoses associated with medications ordered in clinical system (prescriptions). Since one medication order may be associated with multiple diagnoses, each row in this table is one medication - diagnosis relation. We have also included patient and contact identification information for each record. Note that system settings may or may not require that medications be associated with diagnoses. This table contains only information for those medications and diagnoses that have been explicitly associated. Check with your clinical system Application Administrator to determine how your organization has this set up.",DX_CHRONIC_YN,VARCHAR,False,False,Indicates whether the associated diagnosis is chronic.,ICD-10 / Diagnosis coding,False,False
ORDER_DX_MED,"The ORDER_DX_MED table enables you to report on the diagnoses associated with medications ordered in clinical system (prescriptions). Since one medication order may be associated with multiple diagnoses, each row in this table is one medication - diagnosis relation. We have also included patient and contact identification information for each record. Note that system settings may or may not require that medications be associated with diagnoses. This table contains only information for those medications and diagnoses that have been explicitly associated. Check with your clinical system Application Administrator to determine how your organization has this set up.",COMMENTS,VARCHAR,False,False,Free text comments added when the prescription was ordered or discontinued.,ICD-10 / Diagnosis coding,False,False
ORDER_DX_PROC,"The ORDER_DX_PROC table enables you to report on the diagnoses associated with procedures ordered in clinical system. Since one procedure order may be associated with multiple diagnoses, each row in this table is one procedure - diagnosis relation. We have also included patient and contact identification information for each record. Note that system settings may or may not require that procedures be associated with diagnoses. This table contains only information for those procedures and diagnoses that have been explicitly associated. Check with your clinical system Application Administrator to determine how your organization has this set up.",ORDER_PROC_ID,NUMERIC,False,False,The unique ID of the procedure order record.,ICD-10 / Diagnosis coding,False,True
ORDER_DX_PROC,"The ORDER_DX_PROC table enables you to report on the diagnoses associated with procedures ordered in clinical system. Since one procedure order may be associated with multiple diagnoses, each row in this table is one procedure - diagnosis relation. We have also included patient and contact identification information for each record. Note that system settings may or may not require that procedures be associated with diagnoses. This table contains only information for those procedures and diagnoses that have been explicitly associated. Check with your clinical system Application Administrator to determine how your organization has this set up.",LINE,INTEGER,False,False,The line number for the information associated with this procedure record. Multiple pieces of information can be associated with this record.,ICD-10 / Diagnosis coding,False,True
ORDER_DX_PROC,"The ORDER_DX_PROC table enables you to report on the diagnoses associated with procedures ordered in clinical system. Since one procedure order may be associated with multiple diagnoses, each row in this table is one procedure - diagnosis relation. We have also included patient and contact identification information for each record. Note that system settings may or may not require that procedures be associated with diagnoses. This table contains only information for those procedures and diagnoses that have been explicitly associated. Check with your clinical system Application Administrator to determine how your organization has this set up.",PAT_ENC_DATE_REAL,FLOAT,False,False,"A unique contact date in decimal format. The integer portion of the number indicates the date of contact. The digits after the decimal distinguish different contacts on the same date and are unique for each contact on that date. For example, .00 is the first/only contact, .01 is the second contact, etc.",ICD-10 / Diagnosis coding,False,False
ORDER_DX_PROC,"The ORDER_DX_PROC table enables you to report on the diagnoses associated with procedures ordered in clinical system. Since one procedure order may be associated with multiple diagnoses, each row in this table is one procedure - diagnosis relation. We have also included patient and contact identification information for each record. Note that system settings may or may not require that procedures be associated with diagnoses. This table contains only information for those procedures and diagnoses that have been explicitly associated. Check with your clinical system Application Administrator to determine how your organization has this set up.",PAT_ENC_CSN_ID,NUMERIC,False,False,"The unique contact serial number for this contact. This number is unique across all patient encounters in your system. If you use IntraConnect, this is the Unique Contact Identifier (UCI).",ICD-10 / Diagnosis coding,False,False
ORDER_DX_PROC,"The ORDER_DX_PROC table enables you to report on the diagnoses associated with procedures ordered in clinical system. Since one procedure order may be associated with multiple diagnoses, each row in this table is one procedure - diagnosis relation. We have also included patient and contact identification information for each record. Note that system settings may or may not require that procedures be associated with diagnoses. This table contains only information for those procedures and diagnoses that have been explicitly associated. Check with your clinical system Application Administrator to determine how your organization has this set up.",DX_ID_DX_NAME,VARCHAR,False,False,The name of the diagnosis.,ICD-10 / Diagnosis coding,False,False
ORDER_DX_PROC,"The ORDER_DX_PROC table enables you to report on the diagnoses associated with procedures ordered in clinical system. Since one procedure order may be associated with multiple diagnoses, each row in this table is one procedure - diagnosis relation. We have also included patient and contact identification information for each record. Note that system settings may or may not require that procedures be associated with diagnoses. This table contains only information for those procedures and diagnoses that have been explicitly associated. Check with your clinical system Application Administrator to determine how your organization has this set up.",DX_QUALIFIER_C_NAME,VARCHAR,True,False,"The diagnosis qualifier category ID, which indicates modifier information for the diagnosis associated with the order record.",ICD-10 / Diagnosis coding,False,False
ORDER_DX_PROC,"The ORDER_DX_PROC table enables you to report on the diagnoses associated with procedures ordered in clinical system. Since one procedure order may be associated with multiple diagnoses, each row in this table is one procedure - diagnosis relation. We have also included patient and contact identification information for each record. Note that system settings may or may not require that procedures be associated with diagnoses. This table contains only information for those procedures and diagnoses that have been explicitly associated. Check with your clinical system Application Administrator to determine how your organization has this set up.",COMMENTS,VARCHAR,False,False,Comments added when the procedure was ordered,ICD-10 / Diagnosis coding,False,False
ORDER_DX_PROC,"The ORDER_DX_PROC table enables you to report on the diagnoses associated with procedures ordered in clinical system. Since one procedure order may be associated with multiple diagnoses, each row in this table is one procedure - diagnosis relation. We have also included patient and contact identification information for each record. Note that system settings may or may not require that procedures be associated with diagnoses. This table contains only information for those procedures and diagnoses that have been explicitly associated. Check with your clinical system Application Administrator to determine how your organization has this set up.",DX_CHRONIC_YN,VARCHAR,False,False,Indicates whether the diagnosis associated with this order record was marked as chronic during the ordering process. 'Y' indicates that a the diagnosis was marked as chronic. 'N' or NULL indicate that a the diagnosis was not marked as chronic.,ICD-10 / Diagnosis coding,False,False
ORDER_DX_PROC,"The ORDER_DX_PROC table enables you to report on the diagnoses associated with procedures ordered in clinical system. Since one procedure order may be associated with multiple diagnoses, each row in this table is one procedure - diagnosis relation. We have also included patient and contact identification information for each record. Note that system settings may or may not require that procedures be associated with diagnoses. This table contains only information for those procedures and diagnoses that have been explicitly associated. Check with your clinical system Application Administrator to determine how your organization has this set up.",ASSOC_DX_DESC,VARCHAR,False,False,"This column stores a free text diagnosis description entered by the end user. Also referred to as the ""display as"" field.",ICD-10 / Diagnosis coding,False,False
ORDER_DX_PROC,"The ORDER_DX_PROC table enables you to report on the diagnoses associated with procedures ordered in clinical system. Since one procedure order may be associated with multiple diagnoses, each row in this table is one procedure - diagnosis relation. We have also included patient and contact identification information for each record. Note that system settings may or may not require that procedures be associated with diagnoses. This table contains only information for those procedures and diagnoses that have been explicitly associated. Check with your clinical system Application Administrator to determine how your organization has this set up.",ASSOC_REQ_DX_ID_DX_NAME,VARCHAR,False,False,The name of the diagnosis.,ICD-10 / Diagnosis coding,False,False
ORDER_ORIG_RX_DX,"For orders representing electronic refill requests received via an interface, this item contains the diagnoses that were received in the interface message.",ORDER_ID,NUMERIC,False,False,The unique identifier for the order record.,ICD-10 / Diagnosis coding,False,True
ORDER_ORIG_RX_DX,"For orders representing electronic refill requests received via an interface, this item contains the diagnoses that were received in the interface message.",LINE,INTEGER,False,False,The line number for the information associated with this record. Multiple pieces of information can be associated with this record.,ICD-10 / Diagnosis coding,False,True
ORDER_ORIG_RX_DX,"For orders representing electronic refill requests received via an interface, this item contains the diagnoses that were received in the interface message.",ORIG_DX_ID_DX_NAME,VARCHAR,False,False,The name of the diagnosis.,ICD-10 / Diagnosis coding,False,False
ORDER_RAD_DX,This table contains diagnoses attached to an imaging order by the reading physician. The diagnoses are used by billing to drop charges.,ORDER_ID,NUMERIC,False,False,The unique identifier of the corresponding Order (ORD) record in the database.,ICD-10 / Diagnosis coding,False,True
ORDER_RAD_DX,This table contains diagnoses attached to an imaging order by the reading physician. The diagnoses are used by billing to drop charges.,LINE,INTEGER,False,False,The line number for the information associated with this record. Multiple pieces of information can be associated with this record.,ICD-10 / Diagnosis coding,False,True
ORDER_RAD_DX,This table contains diagnoses attached to an imaging order by the reading physician. The diagnoses are used by billing to drop charges.,RIS_DIAGNOSES_ID_DX_NAME,VARCHAR,False,False,The name of the diagnosis.,ICD-10 / Diagnosis coding,False,False
OR_CASE_CPT_TXT,The OR_CASE_CPT_TXT table contains the list of free-text CPT(R) codes entered for a case record.,CASE_ID,VARCHAR,False,False,The unique identifier for the case request record.,E/M level / CPT coding,False,True
OR_CASE_CPT_TXT,The OR_CASE_CPT_TXT table contains the list of free-text CPT(R) codes entered for a case record.,LINE,INTEGER,False,False,The line number for the information associated with this record. Multiple pieces of information can be associated with this record.,E/M level / CPT coding,False,True
OR_CASE_CPT_TXT,The OR_CASE_CPT_TXT table contains the list of free-text CPT(R) codes entered for a case record.,CPT_CODE_TXT,VARCHAR,False,False,The free-text Current Procedural Terminology (CPT(R)) codes associated with the procedures in this case request.,E/M level / CPT coding,False,False
OR_CASE_DIAGNOSTIC_PROC,This table contains the diagnostic procedures performed for a case.,CASE_ID,VARCHAR,False,False,The unique identifier for the case request record.,ICD-10 / Diagnosis coding,False,True
OR_CASE_DIAGNOSTIC_PROC,This table contains the diagnostic procedures performed for a case.,LINE,INTEGER,False,False,The line number for the information associated with this record. Multiple pieces of information can be associated with this record.,ICD-10 / Diagnosis coding,False,True
OR_CASE_DIAGNOSTIC_PROC,This table contains the diagnostic procedures performed for a case.,DIAGNOSTIC_PROC_C_NAME,VARCHAR,True,False,The category list of diagnostic procedures performed for a case.,ICD-10 / Diagnosis coding,False,False
OR_CASE_DX_CODE,The OR_CASE_DX_CODE table contains OR management system case diagnosis codes.,OR_CASE_ID,VARCHAR,False,False,The unique ID of the case record.,ICD-10 / Diagnosis coding,False,True
OR_CASE_DX_CODE,The OR_CASE_DX_CODE table contains OR management system case diagnosis codes.,LINE,INTEGER,False,False,The number of the line of the diagnosis information for the case.,ICD-10 / Diagnosis coding,False,True
OR_CASE_DX_CODE,The OR_CASE_DX_CODE table contains OR management system case diagnosis codes.,DX_ID_DX_NAME,VARCHAR,False,False,The name of the diagnosis.,ICD-10 / Diagnosis coding,False,False
OR_IMP_DIAGNOSIS,This table contains information about implant diagnoses.,IMPLANT_ID,VARCHAR,False,False,The unique identifier for the implant record.,ICD-10 / Diagnosis coding,False,True
OR_IMP_DIAGNOSIS,This table contains information about implant diagnoses.,CONTACT_DATE_REAL,FLOAT,False,False,"A unique contact date in decimal format. The integer portion of the number indicates the date of contact. The digits after the decimal distinguish different contacts on the same date and are unique for each contact on that date. For example, .00 is the first/only contact, .01 is the second contact, etc.",ICD-10 / Diagnosis coding,False,True
OR_IMP_DIAGNOSIS,This table contains information about implant diagnoses.,LINE,INTEGER,False,False,The line number for the information associated with this contact. Multiple pieces of information can be associated with this contact.,ICD-10 / Diagnosis coding,False,True
OR_IMP_DIAGNOSIS,This table contains information about implant diagnoses.,CONTACT_DATE,DATETIME,False,False,The date of this contact in calendar format.,ICD-10 / Diagnosis coding,True,False
OR_IMP_DIAGNOSIS,This table contains information about implant diagnoses.,IMPLANT_DIAGNOSIS_C_NAME,VARCHAR,True,False,The category ID for the diagnosis for the implant.,ICD-10 / Diagnosis coding,False,False
OR_IMP_ICD_PACEMAKER_RATE,This table stores the rate type for implantable cardioverter-defibrillator (ICD)/Pacemaker implants.,IMPLANT_ID,VARCHAR,False,False,The unique identifier for the implant record.,ICD-10 / Diagnosis coding,False,True
OR_IMP_ICD_PACEMAKER_RATE,This table stores the rate type for implantable cardioverter-defibrillator (ICD)/Pacemaker implants.,LINE,INTEGER,False,False,The line number for the information associated with this record. Multiple pieces of information can be associated with this record.,ICD-10 / Diagnosis coding,False,True
OR_IMP_ICD_PACEMAKER_RATE,This table stores the rate type for implantable cardioverter-defibrillator (ICD)/Pacemaker implants.,ICD_PACEMAKER_RATE_TYPE_C_NAME,VARCHAR,True,False,The Rate Type category ID for ICD/Pacemaker implants.,ICD-10 / Diagnosis coding,False,False
OR_LNLG_ANINF_CPT,This table contains the Anesthesia Info CPT codes for the Surgical Log (ORL).,RECORD_ID,VARCHAR,False,False,The unique ID of the line record.,E/M level / CPT coding,False,True
OR_LNLG_ANINF_CPT,This table contains the Anesthesia Info CPT codes for the Surgical Log (ORL).,LINE,INTEGER,False,False,The line number for the information associated with this record. Multiple pieces of information can be associated with this record.,E/M level / CPT coding,False,True
OR_LNLG_ANINF_CPT,This table contains the Anesthesia Info CPT codes for the Surgical Log (ORL).,ANES_INFO_CPTM_ID_PROC_NAME,VARCHAR,False,False,The name of each procedure.,E/M level / CPT coding,False,False
OR_LNLG_DIAGNOSIS,This table contains the Diagnosis information for the Surgical Log (ORL).,RECORD_ID,VARCHAR,False,False,The unique ID of the line record.,ICD-10 / Diagnosis coding,False,True
OR_LNLG_DIAGNOSIS,This table contains the Diagnosis information for the Surgical Log (ORL).,DX_ORP_ID,VARCHAR,False,False,Procedure associated with this diagnosis.,ICD-10 / Diagnosis coding,False,False
OR_LNLG_DIAGNOSIS,This table contains the Diagnosis information for the Surgical Log (ORL).,DX_ORP_ID_PROC_NAME,VARCHAR,False,False,The name of the surgical procedure record.,ICD-10 / Diagnosis coding,False,False
OR_LNLG_DIAGNOSIS,This table contains the Diagnosis information for the Surgical Log (ORL).,DX_LATERALITY_C_NAME,VARCHAR,True,False,Laterality for the corresponding procedure in the diagnosis information,ICD-10 / Diagnosis coding,False,False
OR_LNLG_DIAGNOSIS,This table contains the Diagnosis information for the Surgical Log (ORL).,DX_PRIMARY_DX_ID_DX_NAME,VARCHAR,False,False,The name of the diagnosis.,ICD-10 / Diagnosis coding,False,False
OR_LNLG_DIAGNOSIS,This table contains the Diagnosis information for the Surgical Log (ORL).,DX_PROC_PANEL,INTEGER,False,False,The panel to which this procedure belongs,ICD-10 / Diagnosis coding,False,False
OR_LNLG_DIAGNOSIS,This table contains the Diagnosis information for the Surgical Log (ORL).,DX_CPT_CODE_2_ID_PROC_NAME,VARCHAR,False,False,The name of each procedure.,ICD-10 / Diagnosis coding,False,False
OR_LNLG_DIAGNOSIS,This table contains the Diagnosis information for the Surgical Log (ORL).,DX_CPT_CODE_3_ID_PROC_NAME,VARCHAR,False,False,The name of each procedure.,ICD-10 / Diagnosis coding,False,False
OR_LNLG_DIAGNOSIS,This table contains the Diagnosis information for the Surgical Log (ORL).,DX_QTY,INTEGER,False,False,The quantity for this procedure-diagnosis combination.,ICD-10 / Diagnosis coding,False,False
OR_LNLG_DIAGNOSIS,This table contains the Diagnosis information for the Surgical Log (ORL).,DX_PROC_TYPE_C_NAME,VARCHAR,True,False,The procedure type for this diagnosis,ICD-10 / Diagnosis coding,False,False
OR_LNLG_DIAG_CPTS,This table contains the Diagnosis CPT codes for the Surgical Log (ORL).,RECORD_ID,VARCHAR,False,False,The unique ID of the line record.,E/M level / CPT coding,False,True
OR_LNLG_DIAG_CPTS,This table contains the Diagnosis CPT codes for the Surgical Log (ORL).,LINE,INTEGER,False,False,The line number for the information associated with this record. Multiple pieces of information can be associated with this record.,E/M level / CPT coding,False,True
OR_LNLG_DIAG_CPTS,This table contains the Diagnosis CPT codes for the Surgical Log (ORL).,DX_CPT_CODE_1_ID_PROC_NAME,VARCHAR,False,False,The name of each procedure.,E/M level / CPT coding,False,False
OR_LOG_DIAGNOSTIC_PROC,This table stores additional diagnostic/therapeutic procedures performed.,LOG_ID,VARCHAR,False,False,The unique identifier for the log record.,ICD-10 / Diagnosis coding,False,True
OR_LOG_DIAGNOSTIC_PROC,This table stores additional diagnostic/therapeutic procedures performed.,LINE,INTEGER,False,False,The line number for the information associated with this record. Multiple pieces of information can be associated with this record.,ICD-10 / Diagnosis coding,False,True
OR_LOG_DIAGNOSTIC_PROC,This table stores additional diagnostic/therapeutic procedures performed.,DIAGNOSTIC_PROCEDURES_C_NAME,VARCHAR,True,False,The category ID for additional diagnostic/therapeutic procedure performed.,ICD-10 / Diagnosis coding,False,False
OR_LOG_DIAGNOSTIC_PROC_FT,This table stores free-text comments about additional diagnostic/therapeutic procedures performed.,LOG_ID,VARCHAR,False,False,The unique identifier for the log record.,ICD-10 / Diagnosis coding,False,True
OR_LOG_DIAGNOSTIC_PROC_FT,This table stores free-text comments about additional diagnostic/therapeutic procedures performed.,LINE,INTEGER,False,False,The line number for the information associated with this record. Multiple pieces of information can be associated with this record.,ICD-10 / Diagnosis coding,False,True
OR_LOG_DIAGNOSTIC_PROC_FT,This table stores free-text comments about additional diagnostic/therapeutic procedures performed.,DIAGNOSTIC_PROCEDURES_FT,VARCHAR,False,False,This column stores free-text information about additional diagnostic/therapeutic procedure performed.,ICD-10 / Diagnosis coding,False,False
OR_LOG_LN_DIAGNOS,This table contains the line IDs (ORM) for the Diagnosis Information of the Surgical Log (ORL).,LOG_ID,VARCHAR,False,False,The unique ID of the procedural log record.,ICD-10 / Diagnosis coding,False,True
OR_LOG_LN_DIAGNOS,This table contains the line IDs (ORM) for the Diagnosis Information of the Surgical Log (ORL).,LINE,INTEGER,False,False,The line number for the information associated with this record. Multiple pieces of information can be associated with this record.,ICD-10 / Diagnosis coding,False,True
OR_LOG_LN_DIAGNOS,This table contains the line IDs (ORM) for the Diagnosis Information of the Surgical Log (ORL).,DX_PROC_INFO_ID,VARCHAR,False,False,"List of line record IDs, each of which stores the information for a single procedure and its related diagnoses.",ICD-10 / Diagnosis coding,False,False
OR_OPE_CODE_DIAGNOSIS,This table contains the diagnoses associated with procedure codes.,OPE_ID,NUMERIC,False,False,The unique identifier (.1 item) for the orders performed record.,ICD-10 / Diagnosis coding,False,True
OR_OPE_CODE_DIAGNOSIS,This table contains the diagnoses associated with procedure codes.,GROUP_LINE,INTEGER,False,False,The line number for the procedure code.,ICD-10 / Diagnosis coding,False,True
OR_OPE_CODE_DIAGNOSIS,This table contains the diagnoses associated with procedure codes.,VALUE_LINE,INTEGER,False,False,The line number of the diagnosis associated with the procedure code.,ICD-10 / Diagnosis coding,False,True
OR_OPE_CODE_DIAGNOSIS,This table contains the diagnoses associated with procedure codes.,PROC_CODE_DX_ID_DX_NAME,VARCHAR,False,False,The name of the diagnosis.,ICD-10 / Diagnosis coding,False,False
OTP_DX_ASSOC,The diagnoses associated with an order template. Note that if an order template is unreleased and it has no diagnoses then it will use the plan diagnoses stored in the ASSOCIATED_DX table.,OTP_ID,NUMERIC,False,False,The order template ID.,ICD-10 / Diagnosis coding,False,True
OTP_DX_ASSOC,The diagnoses associated with an order template. Note that if an order template is unreleased and it has no diagnoses then it will use the plan diagnoses stored in the ASSOCIATED_DX table.,LINE,INTEGER,False,False,The line number that corresponds to each diagnosis associated with the order template in this row.,ICD-10 / Diagnosis coding,False,True
OTP_DX_ASSOC,The diagnoses associated with an order template. Note that if an order template is unreleased and it has no diagnoses then it will use the plan diagnoses stored in the ASSOCIATED_DX table.,ASSOC_DX_ID_DX_NAME,VARCHAR,False,False,The name of the diagnosis.,ICD-10 / Diagnosis coding,False,False
OTP_DX_ASSOC,The diagnoses associated with an order template. Note that if an order template is unreleased and it has no diagnoses then it will use the plan diagnoses stored in the ASSOCIATED_DX table.,ASSOC_DX_DESC,VARCHAR,False,False,The description of a diagnosis associated with the order template in this row.,ICD-10 / Diagnosis coding,False,False
OTP_DX_ASSOC,The diagnoses associated with an order template. Note that if an order template is unreleased and it has no diagnoses then it will use the plan diagnoses stored in the ASSOCIATED_DX table.,ASSOC_DX_COMMENT,VARCHAR,False,False,The comment for a diagnosis associated with the order template in this row.,ICD-10 / Diagnosis coding,False,False
PAS_TRIAGE_DX_HX,This table extracts the related multiple response Triage History - Diagnoses (I RFL 971) item.,REFERRAL_ID,NUMERIC,False,False,The referral ID for the referral record.,ICD-10 / Diagnosis coding,False,True
PAS_TRIAGE_DX_HX,This table extracts the related multiple response Triage History - Diagnoses (I RFL 971) item.,GROUP_LINE,INTEGER,False,False,The line number for the information associated with this record.,ICD-10 / Diagnosis coding,False,True
PAS_TRIAGE_DX_HX,This table extracts the related multiple response Triage History - Diagnoses (I RFL 971) item.,VALUE_LINE,INTEGER,False,False,The line number of one of the multiple values associated with a specific group of data within this record.,ICD-10 / Diagnosis coding,False,True
PAS_TRIAGE_DX_HX,This table extracts the related multiple response Triage History - Diagnoses (I RFL 971) item.,PAS_TRI_HX_DX_ID_DX_NAME,VARCHAR,False,False,The name of the diagnosis.,ICD-10 / Diagnosis coding,False,False
PAT_DIFF_DX,This table will contain all of the differential diagnosis entries for a particular encounter.,PAT_ENC_CSN_ID,NUMERIC,False,False,The unique contact serial number for this contact. This number is unique across all patient encounters in your system. If you use IntraConnect this is the Unique Contact Identifier (UCI).,ICD-10 / Diagnosis coding,False,True
PAT_DIFF_DX,This table will contain all of the differential diagnosis entries for a particular encounter.,LINE,INTEGER,False,False,The line number for the differential diagnosis associated with this contact. Multiple pieces of information can be associated with this contact.,ICD-10 / Diagnosis coding,False,True
PAT_DIFF_DX,This table will contain all of the differential diagnosis entries for a particular encounter.,PAT_ENC_DATE_REAL,FLOAT,False,False,This is a numeric representation of the date of this encounter in your system. The integer portion of the number specifies the date of the encounter. The digits after the decimal point indicate multiple visits on one day.,ICD-10 / Diagnosis coding,False,False
PAT_DIFF_DX,This table will contain all of the differential diagnosis entries for a particular encounter.,CONTACT_DATE,DATETIME,False,False,The date of this contact in calendar format.,ICD-10 / Diagnosis coding,True,False
PAT_DIFF_DX,This table will contain all of the differential diagnosis entries for a particular encounter.,DIFF_DX_ID_DX_NAME,VARCHAR,False,False,The name of the diagnosis.,ICD-10 / Diagnosis coding,False,False
PAT_DIFF_DX,This table will contain all of the differential diagnosis entries for a particular encounter.,DIFF_DX_DESC,VARCHAR,False,False,The text description of the differential diagnosis.,ICD-10 / Diagnosis coding,False,False
PAT_DIFF_DX,This table will contain all of the differential diagnosis entries for a particular encounter.,DIFF_DX_QUALIFIER_C_NAME,VARCHAR,True,False,Stores the category number of the qualifier for the differential diagnosis.,ICD-10 / Diagnosis coding,False,False
PAT_DIFF_DX,This table will contain all of the differential diagnosis entries for a particular encounter.,DIFF_DX_STATUS_C_NAME,VARCHAR,False,False,Stores the category number of the status for the differential diagnosis.,ICD-10 / Diagnosis coding,False,False
PAT_DIFF_DX,This table will contain all of the differential diagnosis entries for a particular encounter.,DIFF_DX_COMMENT,VARCHAR,False,False,The comment for the differential diagnosis entered by the user.,ICD-10 / Diagnosis coding,False,False
PAT_DIFF_DX,This table will contain all of the differential diagnosis entries for a particular encounter.,DIFF_DX_UNIQUE,VARCHAR,False,False,The unique identifier associated with this differential diagnosis that is used to distinguish between other diagnosis entries.,ICD-10 / Diagnosis coding,False,False
PAT_DIFF_DX,This table will contain all of the differential diagnosis entries for a particular encounter.,DIFF_CHRONIC_YN,VARCHAR,False,False,Indicates whether the differential diagnosis is chronic.,ICD-10 / Diagnosis coding,False,False
PAT_DIFF_DX,This table will contain all of the differential diagnosis entries for a particular encounter.,DDX_LINK_PROB_ID,NUMERIC,False,False,Stores the unique ID of the problem used to create the differential diagnosis.,ICD-10 / Diagnosis coding,False,False
PAT_ENC_ADMIT_DX_AUDIT,This tables stores previous instances in which the admission diagnosis was populated or deleted for an encounter.,PAT_ENC_CSN_ID,NUMERIC,False,False,"The unique contact serial number for this contact. This number is unique across all patient encounters in your system. If you use IntraConnect, this is the Unique Contact Identifier (UCI).",ICD-10 / Diagnosis coding,False,True
PAT_ENC_ADMIT_DX_AUDIT,This tables stores previous instances in which the admission diagnosis was populated or deleted for an encounter.,LINE,INTEGER,False,False,The line number for the information associated with this contact. Multiple pieces of information can be associated with this contact.,ICD-10 / Diagnosis coding,False,True
PAT_ENC_ADMIT_DX_AUDIT,This tables stores previous instances in which the admission diagnosis was populated or deleted for an encounter.,ADMISSION_DX_EDIT_UTC_DTTM,DATETIME (UTC),False,False,Stores the instant that a change to the Inpatient Admission Diagnosis (I EPT 10150/10151) was made.,ICD-10 / Diagnosis coding,False,False
PAT_ENC_APPT_DX,"The PAT_ENC_APPT_DX table contains a list of diagnoses associated with appointments that were manually entered by a user on the ""Clinical Information"" form, which can appear in Advantage Activities in Check In, Check Out, Appointment Information, or After Appointment Entry, depending on your configuration.",PAT_ENC_CSN_ID,NUMERIC,False,False,"The unique contact serial number for this contact. This number is unique across all patient encounters in your system. If you use IntraConnect, this is the Unique Contact Identifier (UCI).",ICD-10 / Diagnosis coding,False,True
PAT_ENC_APPT_DX,"The PAT_ENC_APPT_DX table contains a list of diagnoses associated with appointments that were manually entered by a user on the ""Clinical Information"" form, which can appear in Advantage Activities in Check In, Check Out, Appointment Information, or After Appointment Entry, depending on your configuration.",LINE,INTEGER,False,False,The line number for the information associated with this contact. Multiple pieces of information can be associated with this contact.,ICD-10 / Diagnosis coding,False,True
PAT_ENC_APPT_DX,"The PAT_ENC_APPT_DX table contains a list of diagnoses associated with appointments that were manually entered by a user on the ""Clinical Information"" form, which can appear in Advantage Activities in Check In, Check Out, Appointment Information, or After Appointment Entry, depending on your configuration.",PAT_ID,VARCHAR,False,False,The unique ID of the patient record for this row. This column is frequently used to link to the PATIENT table.,ICD-10 / Diagnosis coding,False,False
PAT_ENC_APPT_DX,"The PAT_ENC_APPT_DX table contains a list of diagnoses associated with appointments that were manually entered by a user on the ""Clinical Information"" form, which can appear in Advantage Activities in Check In, Check Out, Appointment Information, or After Appointment Entry, depending on your configuration.",PAT_ENC_DATE_REAL,FLOAT,False,False,"A unique contact date in decimal format. The integer portion of the number indicates the date of contact. The digits after the decimal distinguish different contacts on the same date and are unique for each contact on that date. For example, .00 is the first/only contact, .01 is the second contact, etc.",ICD-10 / Diagnosis coding,False,False
PAT_ENC_APPT_DX,"The PAT_ENC_APPT_DX table contains a list of diagnoses associated with appointments that were manually entered by a user on the ""Clinical Information"" form, which can appear in Advantage Activities in Check In, Check Out, Appointment Information, or After Appointment Entry, depending on your configuration.",CONTACT_DATE,DATETIME,False,False,The date of this contact in calendar format.,ICD-10 / Diagnosis coding,True,False
PAT_ENC_APPT_DX,"The PAT_ENC_APPT_DX table contains a list of diagnoses associated with appointments that were manually entered by a user on the ""Clinical Information"" form, which can appear in Advantage Activities in Check In, Check Out, Appointment Information, or After Appointment Entry, depending on your configuration.",DX_ID_DX_NAME,VARCHAR,False,False,The name of the diagnosis.,ICD-10 / Diagnosis coding,False,False
PAT_ENC_DX,The patient encounter diagnosis table contains one record for each diagnosis associated with each encounter level of service. This table will contain all diagnoses specified on the Order Summary screen.,PAT_ENC_DATE_REAL,FLOAT,False,False,This is a numeric representation of the date of this encounter in your system. The integer portion of the number specifies the date of the encounter. The digits after the decimal point indicate multiple visits on one day.,ICD-10 / Diagnosis coding,False,False
PAT_ENC_DX,The patient encounter diagnosis table contains one record for each diagnosis associated with each encounter level of service. This table will contain all diagnoses specified on the Order Summary screen.,LINE,INTEGER,False,False,The line number of the diagnosis within the encounter. This is the second column in the primary key and uniquely identifies this diagnosis on the encounter.,ICD-10 / Diagnosis coding,False,True
PAT_ENC_DX,The patient encounter diagnosis table contains one record for each diagnosis associated with each encounter level of service. This table will contain all diagnoses specified on the Order Summary screen.,CONTACT_DATE,DATETIME,False,False,The contact date of the encounter associated with this diagnosis. Note: There may be multiple encounters on the same calendar date.,ICD-10 / Diagnosis coding,True,False
PAT_ENC_DX,The patient encounter diagnosis table contains one record for each diagnosis associated with each encounter level of service. This table will contain all diagnoses specified on the Order Summary screen.,PAT_ENC_CSN_ID,NUMERIC,False,False,A unique serial number for this encounter. This number is unique across all patients and encounters in the system.,ICD-10 / Diagnosis coding,False,True
PAT_ENC_DX,The patient encounter diagnosis table contains one record for each diagnosis associated with each encounter level of service. This table will contain all diagnoses specified on the Order Summary screen.,DX_ID_DX_NAME,VARCHAR,False,False,The name of the diagnosis.,ICD-10 / Diagnosis coding,False,False
PAT_ENC_DX,The patient encounter diagnosis table contains one record for each diagnosis associated with each encounter level of service. This table will contain all diagnoses specified on the Order Summary screen.,ANNOTATION,VARCHAR,False,False,The annotation (description) text entered for this diagnosis by the clinical system user. This field is NULL if no annotation was entered during the encounter. Order entry in clinical system limits this field to 160 characters.,ICD-10 / Diagnosis coding,False,False
PAT_ENC_DX,The patient encounter diagnosis table contains one record for each diagnosis associated with each encounter level of service. This table will contain all diagnoses specified on the Order Summary screen.,DX_QUALIFIER_C_NAME,VARCHAR,True,False,The category value for the diagnosis qualifier. This field is null if no qualifier was entered.,ICD-10 / Diagnosis coding,False,False
PAT_ENC_DX,The patient encounter diagnosis table contains one record for each diagnosis associated with each encounter level of service. This table will contain all diagnoses specified on the Order Summary screen.,PRIMARY_DX_YN,VARCHAR,False,False,This is a one character field that indicates whether this diagnosis was the primary diagnosis for the encounter. If the diagnosis was the primary this field will have a value of 'Y' otherwise it will have a value of 'N'.,ICD-10 / Diagnosis coding,False,False
PAT_ENC_DX,The patient encounter diagnosis table contains one record for each diagnosis associated with each encounter level of service. This table will contain all diagnoses specified on the Order Summary screen.,COMMENTS,VARCHAR,False,False,Any text comment associated with the encounter diagnosis. This field is NULL if no comment was provided.,ICD-10 / Diagnosis coding,False,False
PAT_ENC_DX,The patient encounter diagnosis table contains one record for each diagnosis associated with each encounter level of service. This table will contain all diagnoses specified on the Order Summary screen.,DX_CHRONIC_YN,VARCHAR,False,False,Stores the chronic flag for a diagnosis.,ICD-10 / Diagnosis coding,False,False
PAT_ENC_DX,The patient encounter diagnosis table contains one record for each diagnosis associated with each encounter level of service. This table will contain all diagnoses specified on the Order Summary screen.,DX_STAGE_ID,NUMERIC,False,False,The stage for the diagnosis.,ICD-10 / Diagnosis coding,False,False
PAT_ENC_DX,The patient encounter diagnosis table contains one record for each diagnosis associated with each encounter level of service. This table will contain all diagnoses specified on the Order Summary screen.,DX_UNIQUE,VARCHAR,False,False,Unique identifier given when a diagnosis is added to the encounter diagnosis list.,ICD-10 / Diagnosis coding,False,False
PAT_ENC_DX,The patient encounter diagnosis table contains one record for each diagnosis associated with each encounter level of service. This table will contain all diagnoses specified on the Order Summary screen.,DX_ED_YN,VARCHAR,False,False,Definitively identifies an encounter diagnosis (I EDG 18400) as being an ED clinical impression. This is important to differentiate ED diagnoses from diagnoses filed to the same item as in the IP setting.,ICD-10 / Diagnosis coding,False,False
PAT_ENC_DX,The patient encounter diagnosis table contains one record for each diagnosis associated with each encounter level of service. This table will contain all diagnoses specified on the Order Summary screen.,DX_LINK_PROB_ID,NUMERIC,False,False,Stores the problem ID of the linked problem.,ICD-10 / Diagnosis coding,False,False
PAT_ENC_EM_CODE_DX,"The PAT_ENC_EM_CODE_DX table enables you to report on the diagnoses associated with evaluation and management (E/M) codes entered for a patient encounter. Since one E/M code may be associated with multiple diagnoses, each row in this table is one E/M code - diagnosis relation. This table contains only information for those E/M codes and diagnoses that have been explicitly associated.",PAT_ENC_CSN_ID,NUMERIC,False,False,"The unique contact serial number for this contact. This number is unique across all patient encounters in your system. If you use IntraConnect, this is the Unique Contact Identifier (UCI).",ICD-10 / Diagnosis coding;E/M level / CPT coding,False,True
PAT_ENC_EM_CODE_DX,"The PAT_ENC_EM_CODE_DX table enables you to report on the diagnoses associated with evaluation and management (E/M) codes entered for a patient encounter. Since one E/M code may be associated with multiple diagnoses, each row in this table is one E/M code - diagnosis relation. This table contains only information for those E/M codes and diagnoses that have been explicitly associated.",LINE,INTEGER,False,False,The line number for the information associated with this contact. Multiple pieces of information can be associated with this contact.,ICD-10 / Diagnosis coding;E/M level / CPT coding,False,True
PAT_ENC_EM_CODE_DX,"The PAT_ENC_EM_CODE_DX table enables you to report on the diagnoses associated with evaluation and management (E/M) codes entered for a patient encounter. Since one E/M code may be associated with multiple diagnoses, each row in this table is one E/M code - diagnosis relation. This table contains only information for those E/M codes and diagnoses that have been explicitly associated.",PAT_ENC_DATE_REAL,FLOAT,False,False,"A unique contact date in decimal format. The integer portion of the number indicates the date of contact. The digits after the decimal distinguish different contacts on the same date and are unique for each contact on that date. For example, .00 is the first/only contact, .01 is the second contact, etc.",ICD-10 / Diagnosis coding;E/M level / CPT coding,False,False
PAT_ENC_EM_CODE_DX,"The PAT_ENC_EM_CODE_DX table enables you to report on the diagnoses associated with evaluation and management (E/M) codes entered for a patient encounter. Since one E/M code may be associated with multiple diagnoses, each row in this table is one E/M code - diagnosis relation. This table contains only information for those E/M codes and diagnoses that have been explicitly associated.",CONTACT_DATE,DATETIME,False,False,The date of this contact in calendar format.,ICD-10 / Diagnosis coding;E/M level / CPT coding,True,False
PAT_ENC_EM_CODE_DX,"The PAT_ENC_EM_CODE_DX table enables you to report on the diagnoses associated with evaluation and management (E/M) codes entered for a patient encounter. Since one E/M code may be associated with multiple diagnoses, each row in this table is one E/M code - diagnosis relation. This table contains only information for those E/M codes and diagnoses that have been explicitly associated.",EM_CODE_LINE,INTEGER,False,False,"The indicator of the E/M code associated with the diagnosis. This value corresponds to the LINE column in the ADDITIONAL_EM_CODE table. Together with PAT_ENC_CSN_ID, this forms the foreign key to the ADDITIONAL_EM_CODE table.",ICD-10 / Diagnosis coding;E/M level / CPT coding,False,False
PAT_ENC_EM_CODE_DX,"The PAT_ENC_EM_CODE_DX table enables you to report on the diagnoses associated with evaluation and management (E/M) codes entered for a patient encounter. Since one E/M code may be associated with multiple diagnoses, each row in this table is one E/M code - diagnosis relation. This table contains only information for those E/M codes and diagnoses that have been explicitly associated.",DX_UNIQUE,VARCHAR,False,False,"The unique identifier of the diagnosis associated with the Evaluation and Management (E/M) code. This value corresponds to the DX_UNIQUE column in the PAT_ENC_DX table. Together with PAT_ENC_CSN_ID, this forms the foreign key to the PAT_ENC_DX table.",ICD-10 / Diagnosis coding;E/M level / CPT coding,False,False
PAT_ENC_LOS_DX,The PAT_ENC_LOS_DX table enables you to report on the diagnoses associated with the level of service (LOS) entered for a patient encounter. This table contains only information for those diagnoses that have been explicitly associated with the LOS.,PAT_ENC_CSN_ID,NUMERIC,False,False,"The unique contact serial number for this contact. This number is unique across all patient encounters in your system. If you use IntraConnect, this is the Unique Contact Identifier (UCI).",ICD-10 / Diagnosis coding,False,True
PAT_ENC_LOS_DX,The PAT_ENC_LOS_DX table enables you to report on the diagnoses associated with the level of service (LOS) entered for a patient encounter. This table contains only information for those diagnoses that have been explicitly associated with the LOS.,LINE,INTEGER,False,False,The line number for the information associated with this contact. Multiple pieces of information can be associated with this contact.,ICD-10 / Diagnosis coding,False,True
PAT_ENC_LOS_DX,The PAT_ENC_LOS_DX table enables you to report on the diagnoses associated with the level of service (LOS) entered for a patient encounter. This table contains only information for those diagnoses that have been explicitly associated with the LOS.,CONTACT_DATE,DATETIME,False,False,The date of this contact in calendar format.,ICD-10 / Diagnosis coding,True,False
PAT_ENC_LOS_DX,The PAT_ENC_LOS_DX table enables you to report on the diagnoses associated with the level of service (LOS) entered for a patient encounter. This table contains only information for those diagnoses that have been explicitly associated with the LOS.,DX_UNIQUE,VARCHAR,False,False,"The unique identifier of the diagnosis associated with the Level of Service (LOS). This value corresponds to the DX_UNIQUE column in the PAT_ENC_DX table. Together with PAT_ENC_CSN_ID, this forms the foreign key to the PAT_ENC_DX table.",ICD-10 / Diagnosis coding,False,False
PAT_RSN_VISIT_DX,All values associated with a claim are stored in the Claim External Value record. The PAT_RSN_VISIT_DX table holds the diagnoses that document the patient's reason for an outpatient visit.,RECORD_ID,NUMERIC,False,False,The unique identifier for the claim record.,ICD-10 / Diagnosis coding,False,True
PAT_RSN_VISIT_DX,All values associated with a claim are stored in the Claim External Value record. The PAT_RSN_VISIT_DX table holds the diagnoses that document the patient's reason for an outpatient visit.,LINE,INTEGER,False,False,The line number for the information associated with this contact. Multiple pieces of information can be associated with this contact.,ICD-10 / Diagnosis coding,False,True
PAT_RSN_VISIT_DX,All values associated with a claim are stored in the Claim External Value record. The PAT_RSN_VISIT_DX table holds the diagnoses that document the patient's reason for an outpatient visit.,PAT_RSN_VISIT_QUAL,VARCHAR,False,False,This item holds the qualifier identifying the code set for the patient reason for visit diagnoses.,ICD-10 / Diagnosis coding,False,False
PAT_RSN_VISIT_DX,All values associated with a claim are stored in the Claim External Value record. The PAT_RSN_VISIT_DX table holds the diagnoses that document the patient's reason for an outpatient visit.,PAT_RSN_VISIT_DX,VARCHAR,False,False,This item holds the diagnoses representing the patient's reason for the visit.,ICD-10 / Diagnosis coding,False,False
POC_HSPC_DX,Contains information concerning the hospice diagnoses corresponding to the plan of care.,POC_ID,NUMERIC,False,False,The unique identifier for the plan of care record.,ICD-10 / Diagnosis coding,False,True
POC_HSPC_DX,Contains information concerning the hospice diagnoses corresponding to the plan of care.,LINE,INTEGER,False,False,The line number for the information associated with this record. Multiple pieces of information can be associated with this record.,ICD-10 / Diagnosis coding,False,True
POC_HSPC_DX,Contains information concerning the hospice diagnoses corresponding to the plan of care.,POC_HSPC_DX_ID_DX_NAME,VARCHAR,False,False,The name of the diagnosis.,ICD-10 / Diagnosis coding,False,False
POC_HSPC_DX_RELATED,This table indicates whether the hospice diagnoses at the time of the completed plan of care were hospice related.,POC_ID,NUMERIC,False,False,The unique identifier (.1 item) for the plan of care record.,ICD-10 / Diagnosis coding,False,True
POC_HSPC_DX_RELATED,This table indicates whether the hospice diagnoses at the time of the completed plan of care were hospice related.,LINE,INTEGER,False,False,The line number for the information associated with this record. Multiple pieces of information can be associated with this record.,ICD-10 / Diagnosis coding,False,True
POC_HSPC_DX_RELATED,This table indicates whether the hospice diagnoses at the time of the completed plan of care were hospice related.,HOSPICE_RELATED_C_NAME,VARCHAR,False,False,Whether the hospice diagnoses at the time of the completed plan of care were hospice related.,ICD-10 / Diagnosis coding,False,False
PRE_AR_ORG_DX,This table contains the original diagnosis information of the transaction. Note: temporary accounts receivable (TAR) records in Chronicles are purged periodically depending on your system setting. Be aware that old data in this table might be lost if you truncate the table.,TAR_ID,NUMERIC,False,False,The unique identifier for the temporary transaction record.,ICD-10 / Diagnosis coding,False,True
PRE_AR_ORG_DX,This table contains the original diagnosis information of the transaction. Note: temporary accounts receivable (TAR) records in Chronicles are purged periodically depending on your system setting. Be aware that old data in this table might be lost if you truncate the table.,LINE,INTEGER,False,False,The line number for the information associated with this record. Multiple pieces of information can be associated with this record.,ICD-10 / Diagnosis coding,False,True
PRE_AR_ORG_DX,This table contains the original diagnosis information of the transaction. Note: temporary accounts receivable (TAR) records in Chronicles are purged periodically depending on your system setting. Be aware that old data in this table might be lost if you truncate the table.,ORG_DX_ID_DX_NAME,VARCHAR,False,False,The name of the diagnosis.,ICD-10 / Diagnosis coding,False,False
PRE_AR_ORG_DX,This table contains the original diagnosis information of the transaction. Note: temporary accounts receivable (TAR) records in Chronicles are purged periodically depending on your system setting. Be aware that old data in this table might be lost if you truncate the table.,ORG_DX_QUAL_C_NAME,VARCHAR,True,False,The qualifier category ID for the current diagnosis in a charge review session.,ICD-10 / Diagnosis coding,False,False
RECONCILE_MA_RA_DX_INFO,This table contains reconciliation information regarding statuses of diagnoses from Medicare Advantage Risk Adjustment files.,CLAIM_RECON_ID,VARCHAR,False,False,The unique identifier (.1 item) for the claim status update record.,ICD-10 / Diagnosis coding,False,True
RECONCILE_MA_RA_DX_INFO,This table contains reconciliation information regarding statuses of diagnoses from Medicare Advantage Risk Adjustment files.,CONTACT_DATE_REAL,FLOAT,False,False,"A unique contact date in decimal format. The integer portion of the number indicates the date of contact. The digits after the decimal distinguish different contacts on the same date and are unique for each contact on that date. For example, .00 is the first/only contact, .01 is the second contact, etc.",ICD-10 / Diagnosis coding,False,True
RECONCILE_MA_RA_DX_INFO,This table contains reconciliation information regarding statuses of diagnoses from Medicare Advantage Risk Adjustment files.,LINE,INTEGER,False,False,The line number for the information associated with this contact. Multiple pieces of information can be associated with this contact.,ICD-10 / Diagnosis coding,False,True
RECONCILE_MA_RA_DX_INFO,This table contains reconciliation information regarding statuses of diagnoses from Medicare Advantage Risk Adjustment files.,CONTACT_DATE,DATETIME,False,False,The date of this contact in calendar format.,ICD-10 / Diagnosis coding,True,False
RECONCILE_MA_RA_DX_INFO,This table contains reconciliation information regarding statuses of diagnoses from Medicare Advantage Risk Adjustment files.,MA_RA_DX_ID_DX_NAME,VARCHAR,False,False,The name of the diagnosis.,ICD-10 / Diagnosis coding,False,False
RECONCILE_MA_RA_DX_INFO,This table contains reconciliation information regarding statuses of diagnoses from Medicare Advantage Risk Adjustment files.,MA_RA_DX_FLAG_C_NAME,VARCHAR,False,False,"List of flags denoting whether corresponding diagnoses are added, deleted, or not applicable for risk adjustment for this file load.",ICD-10 / Diagnosis coding,False,False
REFERRAL_CE_DX_TXT,This audit table stores the Care Everywhere Diagnoses Free Text.,REFERRAL_ID,NUMERIC,False,False,The unique identifier for the referral record.,ICD-10 / Diagnosis coding,False,True
REFERRAL_CE_DX_TXT,This audit table stores the Care Everywhere Diagnoses Free Text.,LINE,INTEGER,False,False,The line number for the information associated with this record. Multiple pieces of information can be associated with this record.,ICD-10 / Diagnosis coding,False,True
REFERRAL_CE_DX_TXT,This audit table stores the Care Everywhere Diagnoses Free Text.,AUDIT_DIAGNOSIS_TXT,VARCHAR,False,False,Stores the free text diagnoses received from the referring organization with an external referral. This column is used to audit data from incoming Care Everywhere referrals.,ICD-10 / Diagnosis coding,False,False
REFERRAL_DX,The REFERRAL_DX table contains diagnosis information stored with referrals.,REFERRAL_ID,NUMERIC,False,False,The referral ID for the referral record.,ICD-10 / Diagnosis coding,False,True
REFERRAL_DX,The REFERRAL_DX table contains diagnosis information stored with referrals.,LINE,INTEGER,False,False,"The line number of the diagnosis associated with the referral. For example, if a referral has two associated diagnoses, the first diagnosis will have a line value of 1, while the second diagnosis will have a line value of 2.",ICD-10 / Diagnosis coding,False,True
REFERRAL_DX,The REFERRAL_DX table contains diagnosis information stored with referrals.,DX_ID_DX_NAME,VARCHAR,False,False,The name of the diagnosis.,ICD-10 / Diagnosis coding,False,False
REFERRAL_DX,The REFERRAL_DX table contains diagnosis information stored with referrals.,DX_TEXT,VARCHAR,False,False,Free text associated with each additional diagnosis (I RFL 1000).,ICD-10 / Diagnosis coding,False,False
REFERRAL_DX,The REFERRAL_DX table contains diagnosis information stored with referrals.,DX_CODE_TYPE_C_NAME,VARCHAR,True,False,Stores the code type of the additional diagnosis,ICD-10 / Diagnosis coding,False,False
REFERRAL_DX_MODIFIERS,This table extracts the related multiple response Diagnosis Modifiers (I RFL 1001) item.,REFERRAL_ID,NUMERIC,False,False,The referral ID for the referral record.,ICD-10 / Diagnosis coding,False,True
REFERRAL_DX_MODIFIERS,This table extracts the related multiple response Diagnosis Modifiers (I RFL 1001) item.,GROUP_LINE,INTEGER,False,False,The line number for the information associated with this record.,ICD-10 / Diagnosis coding,False,True
REFERRAL_DX_MODIFIERS,This table extracts the related multiple response Diagnosis Modifiers (I RFL 1001) item.,VALUE_LINE,INTEGER,False,False,The line number of one of the multiple values associated with a specific group of data within this record.,ICD-10 / Diagnosis coding,False,True
REFERRAL_DX_MODIFIERS,This table extracts the related multiple response Diagnosis Modifiers (I RFL 1001) item.,DX_MODIFIER_ID,VARCHAR,False,False,Stores the modifiers or add-codes associated with the diagnoses.,ICD-10 / Diagnosis coding,False,False
REFERRAL_DX_MODIFIERS,This table extracts the related multiple response Diagnosis Modifiers (I RFL 1001) item.,DX_MODIFIER_ID_MODIFIER_NAME,VARCHAR,False,False,The name of the modifier record.,ICD-10 / Diagnosis coding,False,False
REFERRAL_DX_NOTES,Referral free text diagnosis notes as entered on the Procedures and Diagnoses (Px/Dx) form during referral entry.,REFERRAL_ID,NUMERIC,False,False,The referral ID for the referral record.,ICD-10 / Diagnosis coding,False,True
REFERRAL_DX_NOTES,Referral free text diagnosis notes as entered on the Procedures and Diagnoses (Px/Dx) form during referral entry.,LINE,INTEGER,False,False,The line number of the free text diagnosis note.,ICD-10 / Diagnosis coding,False,True
REFERRAL_DX_NOTES,Referral free text diagnosis notes as entered on the Procedures and Diagnoses (Px/Dx) form during referral entry.,REFERRAL_DX_NOTES,VARCHAR,False,False,The free text diagnosis information that was entered during referral entry.,ICD-10 / Diagnosis coding,False,False
REMOVED_CLAIM_DX,This table contains information about removed diagnoses from a claim adjustment.,RECORD_ID,NUMERIC,False,False,The unique identifier (.1 item) for the claim value record.,ICD-10 / Diagnosis coding,False,True
REMOVED_CLAIM_DX,This table contains information about removed diagnoses from a claim adjustment.,LINE,INTEGER,False,False,The line number for the information associated with this record. Multiple pieces of information can be associated with this record.,ICD-10 / Diagnosis coding,False,True
REMOVED_CLAIM_DX,This table contains information about removed diagnoses from a claim adjustment.,REMOVED_CLAIM_DX,VARCHAR,False,False,Contains the diagnoses that have been removed from this claim adjustment.,ICD-10 / Diagnosis coding,False,False
REQ_DIAGNOSIS,This table contains the associated diagnoses on requisitions.,REQUISITION_ID,NUMERIC,False,False,The unique identifier for the requisition record.,ICD-10 / Diagnosis coding,False,True
REQ_DIAGNOSIS,This table contains the associated diagnoses on requisitions.,LINE,INTEGER,False,False,The line number for the information associated with this record. Multiple pieces of information can be associated with this record.,ICD-10 / Diagnosis coding,False,True
REQ_DIAGNOSIS,This table contains the associated diagnoses on requisitions.,ASSOCIATED_DX_ID_DX_NAME,VARCHAR,False,False,The name of the diagnosis.,ICD-10 / Diagnosis coding,False,False
RFL_DX_PRIM_MODS_TXT,A table to hold primary diagnosis modifier text.,REFERRAL_ID,NUMERIC,False,False,The referral ID for the referral record.,ICD-10 / Diagnosis coding,False,True
RFL_DX_PRIM_MODS_TXT,A table to hold primary diagnosis modifier text.,LINE,INTEGER,False,False,The line number for the information associated with this record. Multiple pieces of information can be associated with this record.,ICD-10 / Diagnosis coding,False,True
RFL_DX_PRIM_MODS_TXT,A table to hold primary diagnosis modifier text.,PRIMARY_DX_MOD_TXT,VARCHAR,False,False,Free text associated with the referral's primary diagnosis modifiers (I RFL 937).,ICD-10 / Diagnosis coding,False,False
RFL_DX_TXT,This table holds the primary diagnosis free text that is associated with a referral.,REFERRAL_ID,NUMERIC,False,False,The referral ID for the referral record.,ICD-10 / Diagnosis coding,False,True
RFL_DX_TXT,This table holds the primary diagnosis free text that is associated with a referral.,LINE,INTEGER,False,False,The line number for the information associated with this record. Multiple pieces of information can be associated with this record.,ICD-10 / Diagnosis coding,False,True
RFL_DX_TXT,This table holds the primary diagnosis free text that is associated with a referral.,RFL_DX_TEXT,VARCHAR,False,False,Free text associated with Primary referral diagnosis (I RFL 933).,ICD-10 / Diagnosis coding,False,False
RFL_PRI_DX_MOD,RFL_PRI_DX_MOD contains information about modifiers associated with the primary referral diagnosis.,REFERRAL_ID,NUMERIC,False,False,The referral ID for the referral record.,ICD-10 / Diagnosis coding,False,True
RFL_PRI_DX_MOD,RFL_PRI_DX_MOD contains information about modifiers associated with the primary referral diagnosis.,LINE,INTEGER,False,False,The line number for the information associated with this record. Multiple pieces of information can be associated with this record.,ICD-10 / Diagnosis coding,False,True
RFL_PRI_DX_MOD,RFL_PRI_DX_MOD contains information about modifiers associated with the primary referral diagnosis.,PRIMARY_DX_MOD_ID,VARCHAR,False,False,Stores the modifiers or add-codes associated with the referral diagnosis.,ICD-10 / Diagnosis coding,False,False
RFL_PRI_DX_MOD,RFL_PRI_DX_MOD contains information about modifiers associated with the primary referral diagnosis.,PRIMARY_DX_MOD_ID_MODIFIER_NAME,VARCHAR,False,False,The name of the modifier record.,ICD-10 / Diagnosis coding,False,False
RISK_ADJ_EVAL_VERS_INFO,Stores contact specific identification information for risk adjustment data.,SUMMARY_DATA_ID,NUMERIC,False,False,The unique identifier (.1 item) for the summary record.,HCC / Risk adjustment,False,True
RISK_ADJ_EVAL_VERS_INFO,Stores contact specific identification information for risk adjustment data.,CONTACT_DATE_REAL,FLOAT,False,False,"A unique contact date in decimal format. The integer portion of the number indicates the date of contact. The digits after the decimal distinguish different contacts on the same date and are unique for each contact on that date. For example, .00 is the first/only contact, .01 is the second contact, etc.",HCC / Risk adjustment,False,True
RXA_DX_INFO,This table holds the diagnosis-related National Council for Prescription Drug Programs (NCPDP) items used in prescription adjudication.,RECORD_ID,NUMERIC,False,False,The unique identifier for the adjudication record.,ICD-10 / Diagnosis coding,False,True
RXA_DX_INFO,This table holds the diagnosis-related National Council for Prescription Drug Programs (NCPDP) items used in prescription adjudication.,CONTACT_DATE_REAL,FLOAT,False,False,"A unique contact date in decimal format. The integer portion of the number indicates the date of contact. The digits after the decimal distinguish different contacts on the same date and are unique for each contact on that date. For example, .00 is the first/only contact, .01 is the second contact, etc.",ICD-10 / Diagnosis coding,False,True
RXA_DX_INFO,This table holds the diagnosis-related National Council for Prescription Drug Programs (NCPDP) items used in prescription adjudication.,LINE,INTEGER,False,False,The line number for the information associated with this contact. Multiple pieces of information can be associated with this contact.,ICD-10 / Diagnosis coding,False,True
RXA_DX_INFO,This table holds the diagnosis-related National Council for Prescription Drug Programs (NCPDP) items used in prescription adjudication.,CONTACT_DATE,DATETIME,False,False,The date of this contact in calendar format.,ICD-10 / Diagnosis coding,True,False
RXA_DX_INFO,This table holds the diagnosis-related National Council for Prescription Drug Programs (NCPDP) items used in prescription adjudication.,DX_CODE_QUALIFIER_C_NAME,VARCHAR,False,False,NCPDP code qualifying the value in the Diagnosis code field 424-DO. (492-WE),ICD-10 / Diagnosis coding,False,False
RXA_DX_INFO,This table holds the diagnosis-related National Council for Prescription Drug Programs (NCPDP) items used in prescription adjudication.,DX_CODE,VARCHAR,False,False,The code that identifies the diagnosis of the patient. (424-DO),ICD-10 / Diagnosis coding,False,False
RXA_DX_OUT,Clarity extract of the outgoing diagnosis information.,RECORD_ID,NUMERIC,False,False,The unique identifier for the adjudication record.,ICD-10 / Diagnosis coding,False,True
RXA_DX_OUT,Clarity extract of the outgoing diagnosis information.,CONTACT_DATE_REAL,FLOAT,False,False,"A unique contact date in decimal format. The integer portion of the number indicates the date of contact. The digits after the decimal distinguish different contacts on the same date and are unique for each contact on that date. For example, .00 is the first/only contact, .01 is the second contact, etc.",ICD-10 / Diagnosis coding,False,True
RXA_DX_OUT,Clarity extract of the outgoing diagnosis information.,LINE,INTEGER,False,False,The line number for the information associated with this contact. Multiple pieces of information can be associated with this contact.,ICD-10 / Diagnosis coding,False,True
RXA_DX_OUT,Clarity extract of the outgoing diagnosis information.,CONTACT_DATE,DATETIME,False,False,The date of this contact in calendar format.,ICD-10 / Diagnosis coding,True,False
RXA_DX_OUT,Clarity extract of the outgoing diagnosis information.,O_DX_CODE_QUAL_ID,NUMERIC,False,False,The code that qualifies the 'Diagnosis Code' (424-DO),ICD-10 / Diagnosis coding,False,False
RXA_DX_OUT,Clarity extract of the outgoing diagnosis information.,O_DX_CODE_QUAL_ID_EXT_CODE_LST_NAME,VARCHAR,False,False,The name of the list value.,ICD-10 / Diagnosis coding,False,False
RXA_DX_OUT,Clarity extract of the outgoing diagnosis information.,O_DX_CODE,VARCHAR,False,False,The code that identifies the diagnosis of the patient.,ICD-10 / Diagnosis coding,False,False
RXA_DX_OUT,Clarity extract of the outgoing diagnosis information.,CM_CT_OWNER_ID,VARCHAR,False,False,The Community ID (CID) of the instance that owns this contact. This is only populated if you use IntraConnect.,ICD-10 / Diagnosis coding,False,False
RXFILL_DIAGNOSES,Table for the RxFill diagnoses.,MED_PRBLM_LIST_ID,NUMERIC,False,False,The unique identifier for the med problem list record.,ICD-10 / Diagnosis coding,False,True
RXFILL_DIAGNOSES,Table for the RxFill diagnoses.,GROUP_LINE,INTEGER,False,False,The line number for the information associated with this record.,ICD-10 / Diagnosis coding,False,True
RXFILL_DIAGNOSES,Table for the RxFill diagnoses.,VALUE_LINE,INTEGER,False,False,The line number of one of the multiple values associated with a specific group of data within this record.,ICD-10 / Diagnosis coding,False,True
RXFILL_DIAGNOSES,Table for the RxFill diagnoses.,RXFILL_DIAGNOSES_ID_DX_NAME,VARCHAR,False,False,The name of the diagnosis.,ICD-10 / Diagnosis coding,False,False
RX_DISPENSE_DX,This table holds the diagnoses associated with a prescription fill.,ORDER_ID,NUMERIC,False,False,The unique identifier (.1 item) for the order record.,ICD-10 / Diagnosis coding,False,True
RX_DISPENSE_DX,This table holds the diagnoses associated with a prescription fill.,CONTACT_DATE_REAL,FLOAT,False,False,"A unique contact date in decimal format. The integer portion of the number indicates the date of contact. The digits after the decimal distinguish different contacts on the same date and are unique for each contact on that date. For example, .00 is the first/only contact, .01 is the second contact, etc.",ICD-10 / Diagnosis coding,False,True
RX_DISPENSE_DX,This table holds the diagnoses associated with a prescription fill.,LINE,INTEGER,False,False,The line number for the information associated with this contact. Multiple pieces of information can be associated with this contact.,ICD-10 / Diagnosis coding,False,True
RX_DISPENSE_DX,This table holds the diagnoses associated with a prescription fill.,CONTACT_DATE,DATETIME,False,False,The date of this contact in calendar format.,ICD-10 / Diagnosis coding,True,False
RX_DISPENSE_DX,This table holds the diagnoses associated with a prescription fill.,RX_DISPENSE_DX_ID_DX_NAME,VARCHAR,False,False,The name of the diagnosis.,ICD-10 / Diagnosis coding,False,False
RX_TRANSFER_DENIAL_REASON,Electronic prescription transfer denial reason.,DOCUMENT_ID,NUMERIC,False,False,The unique identifier (.1 item) for the document record.,Claims / Denials,False,True
RX_TRANSFER_DENIAL_REASON,Electronic prescription transfer denial reason.,LINE,INTEGER,False,False,The line number for the information associated with this record. Multiple pieces of information can be associated with this record.,Claims / Denials,False,True
RX_TRANSFER_DENIAL_REASON,Electronic prescription transfer denial reason.,EXFER_DENIAL_REASON,VARCHAR,False,False,Electronic prescription transfer denial reason.,Claims / Denials,False,False
RX_XFER_DENIAL_RSN_CODES,Electronic prescription transfer denial reason codes.,DOCUMENT_ID,NUMERIC,False,False,The unique identifier (.1 item) for the document record.,Claims / Denials,False,True
RX_XFER_DENIAL_RSN_CODES,Electronic prescription transfer denial reason codes.,LINE,INTEGER,False,False,The line number for the information associated with this record. Multiple pieces of information can be associated with this record.,Claims / Denials,False,True
RX_XFER_DENIAL_RSN_CODES,Electronic prescription transfer denial reason codes.,RXTRANS_DENIAL_ID,NUMERIC,False,False,Electronic prescription transfer denial reason codes.,Claims / Denials,False,False
RX_XFER_DENIAL_RSN_CODES,Electronic prescription transfer denial reason codes.,RXTRANS_DENIAL_ID_EXT_CODE_LST_NAME,VARCHAR,False,False,The name of the list value.,Claims / Denials,False,False
RYAN_WHITE_DX,This table contains diagnosis information from Ryan White abstractions.,REGISTRY_DATA_ID,NUMERIC,False,False,The unique identifier (.1 item) for the registry data record.,ICD-10 / Diagnosis coding,False,True
RYAN_WHITE_DX,This table contains diagnosis information from Ryan White abstractions.,LINE,INTEGER,False,False,The line number for the information associated with this record. Multiple pieces of information can be associated with this record.,ICD-10 / Diagnosis coding,False,True
RYAN_WHITE_DX,This table contains diagnosis information from Ryan White abstractions.,RYN_WHT_DX_ID_DX_NAME,VARCHAR,False,False,The name of the diagnosis.,ICD-10 / Diagnosis coding,False,False
RYAN_WHITE_DX,This table contains diagnosis information from Ryan White abstractions.,RYN_WHT_DX_DATE,DATETIME,False,False,Start date of a diagnosis documented on the patient for Ryan White reporting.,ICD-10 / Diagnosis coding,True,False
RYAN_WHITE_DX,This table contains diagnosis information from Ryan White abstractions.,RYN_WHT_DX_RESOLVED_DATE,DATETIME,False,False,End date of a diagnosis documented on the patient for Ryan White reporting.,ICD-10 / Diagnosis coding,True,False
RYAN_WHITE_DX,This table contains diagnosis information from Ryan White abstractions.,RYN_WHT_DX_ASSESSMENT_C_NAME,VARCHAR,False,False,Assessment detail for a diagnosis documented on the patient for Ryan White reporting.,ICD-10 / Diagnosis coding,False,False
RYAN_WHITE_DX,This table contains diagnosis information from Ryan White abstractions.,RYN_WHT_DX_COMMENT,VARCHAR,False,False,Additional comment for a diagnosis documented on the patient for Ryan White reporting.,ICD-10 / Diagnosis coding,False,False
RYAN_WHITE_DX,This table contains diagnosis information from Ryan White abstractions.,RYN_WHT_DX_PROBLEM,VARCHAR,False,False,Medical issue resulting in diagnosis documented on the patient for Ryan White reporting.,ICD-10 / Diagnosis coding,False,False
RYAN_WHITE_DX,This table contains diagnosis information from Ryan White abstractions.,RYN_WHT_DX_STATUS_C_NAME,VARCHAR,False,False,Status category for a diagnosis documented on the patient for Ryan White reporting.,ICD-10 / Diagnosis coding,False,False
SAR_INFO_DX,This table extracts the diagnoses associated with the general/administrative information pertaining to a SAR (Service Authorization Request) case.,REFERRAL_ID,NUMERIC,False,False,The referral ID for the referral record.,ICD-10 / Diagnosis coding,False,True
SAR_INFO_DX,This table extracts the diagnoses associated with the general/administrative information pertaining to a SAR (Service Authorization Request) case.,GROUP_LINE,INTEGER,False,False,The line number for the information associated with this record.,ICD-10 / Diagnosis coding,False,True
SAR_INFO_DX,This table extracts the diagnoses associated with the general/administrative information pertaining to a SAR (Service Authorization Request) case.,VALUE_LINE,INTEGER,False,False,The line number of one of the multiple values associated with a specific group of data within this record.,ICD-10 / Diagnosis coding,False,True
SAR_INFO_DX,This table extracts the diagnoses associated with the general/administrative information pertaining to a SAR (Service Authorization Request) case.,CCS_DX_ID_DX_NAME,VARCHAR,False,False,The name of the diagnosis.,ICD-10 / Diagnosis coding,False,False
SPEC_ARCH_DX_CMT,"This table extracts the related multiple response Archived Order Associated Diagnosis Comment (I OVS 33009) item, which contains the diagnosis comment for diagnoses associated with an archived order.",SPECIMEN_ID,VARCHAR,False,False,The unique identifier for the specimen record.,ICD-10 / Diagnosis coding,False,True
SPEC_ARCH_DX_CMT,"This table extracts the related multiple response Archived Order Associated Diagnosis Comment (I OVS 33009) item, which contains the diagnosis comment for diagnoses associated with an archived order.",GROUP_LINE,INTEGER,False,False,The line number for the information associated with this record.,ICD-10 / Diagnosis coding,False,True
SPEC_ARCH_DX_CMT,"This table extracts the related multiple response Archived Order Associated Diagnosis Comment (I OVS 33009) item, which contains the diagnosis comment for diagnoses associated with an archived order.",VALUE_LINE,INTEGER,False,False,The line number of one of the multiple values associated with a specific group of data within this record.,ICD-10 / Diagnosis coding,False,True
SPEC_ARCH_DX_CMT,"This table extracts the related multiple response Archived Order Associated Diagnosis Comment (I OVS 33009) item, which contains the diagnosis comment for diagnoses associated with an archived order.",ARCH_ORD_DX_CMT,VARCHAR,False,False,"Diagnosis comment for a diagnosis associated with an order that has been archived as part of deceased patient archiving. Once the order is archived, all of the data from the order record is deleted and will not be available. This item is one of a group of items in the specimen record that are populated at the time of archiving by copying the most important pieces of information from the order record.",ICD-10 / Diagnosis coding,False,False
SPEC_ARCH_ORD_DX,"This table extracts the related multiple response item Archived Order Associated Diagnoses (I OVS 33008), which contains the list of diagnoses associated with an archived order.",SPECIMEN_ID,VARCHAR,False,False,The unique identifier for the specimen record.,ICD-10 / Diagnosis coding,False,True
SPEC_ARCH_ORD_DX,"This table extracts the related multiple response item Archived Order Associated Diagnoses (I OVS 33008), which contains the list of diagnoses associated with an archived order.",GROUP_LINE,INTEGER,False,False,The line number for the information associated with this record.,ICD-10 / Diagnosis coding,False,True
SPEC_ARCH_ORD_DX,"This table extracts the related multiple response item Archived Order Associated Diagnoses (I OVS 33008), which contains the list of diagnoses associated with an archived order.",VALUE_LINE,INTEGER,False,False,The line number of one of the multiple values associated with a specific group of data within this record.,ICD-10 / Diagnosis coding,False,True
SPEC_ARCH_ORD_DX,"This table extracts the related multiple response item Archived Order Associated Diagnoses (I OVS 33008), which contains the list of diagnoses associated with an archived order.",ARCH_ORD_DX_ID_DX_NAME,VARCHAR,False,False,The name of the diagnosis.,ICD-10 / Diagnosis coding,False,False
SPEC_DX_CODES,This table contains diagnosis codes (EDG records) for a specimen documented in Specimens navigator section.,RECORD_ID,NUMERIC,False,False,The unique identifier for the specimen record.,ICD-10 / Diagnosis coding,False,True
SPEC_DX_CODES,This table contains diagnosis codes (EDG records) for a specimen documented in Specimens navigator section.,LINE,INTEGER,False,False,The line number for the information associated with this record. Multiple pieces of information can be associated with this record.,ICD-10 / Diagnosis coding,False,True
SPEC_DX_CODES,This table contains diagnosis codes (EDG records) for a specimen documented in Specimens navigator section.,SPEC_DX_CODE_ID_DX_NAME,VARCHAR,False,False,The name of the diagnosis.,ICD-10 / Diagnosis coding,False,False
SPEC_SECTION_DX_CODES,This table contains diagnosis codes (EDG records) for all the specimens documented in Specimens navigator section.,RECORD_ID,NUMERIC,False,False,The unique identifier for the specimen record.,ICD-10 / Diagnosis coding,False,True
SPEC_SECTION_DX_CODES,This table contains diagnosis codes (EDG records) for all the specimens documented in Specimens navigator section.,LINE,INTEGER,False,False,The line number for the information associated with this record. Multiple pieces of information can be associated with this record.,ICD-10 / Diagnosis coding,False,True
SPEC_SECTION_DX_CODES,This table contains diagnosis codes (EDG records) for all the specimens documented in Specimens navigator section.,SPEC_SECTION_DX_CODE_ID_DX_NAME,VARCHAR,False,False,The name of the diagnosis.,ICD-10 / Diagnosis coding,False,False
TIMEOUT_POST_OP_DX,This table holds whether a discussion took place regarding the post-op diagnosis.,RECORD_ID,NUMERIC,False,False,The unique identifier for the timeout record.,ICD-10 / Diagnosis coding,False,True
TIMEOUT_POST_OP_DX,This table holds whether a discussion took place regarding the post-op diagnosis.,CONTACT_DATE_REAL,FLOAT,False,False,"A unique contact date in decimal format. The integer portion of the number indicates the date of contact. The digits after the decimal distinguish different contacts on the same date and are unique for each contact on that date. For example, .00 is the first/only contact, .01 is the second contact, etc.",ICD-10 / Diagnosis coding,False,True
TIMEOUT_POST_OP_DX,This table holds whether a discussion took place regarding the post-op diagnosis.,LINE,INTEGER,False,False,The line number for the information associated with this contact. Multiple pieces of information can be associated with this contact.,ICD-10 / Diagnosis coding,False,True
TIMEOUT_POST_OP_DX,This table holds whether a discussion took place regarding the post-op diagnosis.,CONTACT_DATE,DATETIME,False,False,The date of this contact in calendar format.,ICD-10 / Diagnosis coding,True,False
TIMEOUT_POST_OP_DX,This table holds whether a discussion took place regarding the post-op diagnosis.,POST_OP_DX_REVIEW_C_NAME,VARCHAR,True,False,Stores whether a discussion took place regarding the post-op diagnosis.,ICD-10 / Diagnosis coding,False,False
TRIAGE_HX_DX_CODE_TYPE,History item to track changes made to diagnosis description code type.,REFERRAL_ID,NUMERIC,False,False,The referral ID for the referral record.,ICD-10 / Diagnosis coding,False,True
TRIAGE_HX_DX_CODE_TYPE,History item to track changes made to diagnosis description code type.,GROUP_LINE,INTEGER,False,False,The line number for the information associated with this record.,ICD-10 / Diagnosis coding,False,True
TRIAGE_HX_DX_CODE_TYPE,History item to track changes made to diagnosis description code type.,VALUE_LINE,INTEGER,False,False,The line number of one of the multiple values associated with a specific group of data within this record.,ICD-10 / Diagnosis coding,False,True
TRIAGE_HX_DX_CODE_TYPE,History item to track changes made to diagnosis description code type.,TRI_HX_DX_TYPE_C_NAME,VARCHAR,True,False,History item to track changes made to diagnosis description code type.,ICD-10 / Diagnosis coding,False,False
TRIAGE_HX_DX_TXT,History item to track changes made to free text associated with diagnosis.,REFERRAL_ID,NUMERIC,False,False,The referral ID for the referral record.,ICD-10 / Diagnosis coding,False,True
TRIAGE_HX_DX_TXT,History item to track changes made to free text associated with diagnosis.,GROUP_LINE,INTEGER,False,False,The line number for the information associated with this record.,ICD-10 / Diagnosis coding,False,True
TRIAGE_HX_DX_TXT,History item to track changes made to free text associated with diagnosis.,VALUE_LINE,INTEGER,False,False,The line number of one of the multiple values associated with a specific group of data within this record.,ICD-10 / Diagnosis coding,False,True
TRIAGE_HX_DX_TXT,History item to track changes made to free text associated with diagnosis.,TRI_HX_DX_TXT,VARCHAR,False,False,History item to track changes made to free text associated with diagnosis.,ICD-10 / Diagnosis coding,False,False
TRIAGE_HX_RFL_DX_MOD,This table extracts the related multiple response History - Primary Referral Diagnosis Modifiers (I RFL 992) item.,REFERRAL_ID,NUMERIC,False,False,The referral ID for the referral record.,ICD-10 / Diagnosis coding,False,True
TRIAGE_HX_RFL_DX_MOD,This table extracts the related multiple response History - Primary Referral Diagnosis Modifiers (I RFL 992) item.,GROUP_LINE,INTEGER,False,False,The line number for the information associated with this record.,ICD-10 / Diagnosis coding,False,True
TRIAGE_HX_RFL_DX_MOD,This table extracts the related multiple response History - Primary Referral Diagnosis Modifiers (I RFL 992) item.,VALUE_LINE,INTEGER,False,False,The line number of one of the multiple values associated with a specific group of data within this record.,ICD-10 / Diagnosis coding,False,True
TRIAGE_HX_RFL_DX_MOD,This table extracts the related multiple response History - Primary Referral Diagnosis Modifiers (I RFL 992) item.,TRIAGE_HX_DX_MOD_ID,VARCHAR,False,False,History item to track changes made to add codes associated with the primary referral diagnosis during triage.,ICD-10 / Diagnosis coding,False,False
TRIAGE_HX_RFL_DX_MOD,This table extracts the related multiple response History - Primary Referral Diagnosis Modifiers (I RFL 992) item.,TRIAGE_HX_DX_MOD_ID_MODIFIER_NAME,VARCHAR,False,False,The name of the modifier record.,ICD-10 / Diagnosis coding,False,False
TXP_RETRANSPLANT_DX,UNOS retransplant diagnosis information.,SUMMARY_BLOCK_ID,NUMERIC,False,False,The unique identifier for the episode record.,ICD-10 / Diagnosis coding,False,True
TXP_RETRANSPLANT_DX,UNOS retransplant diagnosis information.,LINE,INTEGER,False,False,The line number for a primary retransplant diagnosis on the transplant episode. Multiple pieces of information can be associated with this record. You can use this column in conjunction with SUMMARY_BLOCK_ID to join to TXP_RETRANSPLANT_DX_RM on SUMMARY_BLOCK_ID and GROUP_LINE.,ICD-10 / Diagnosis coding,False,True
TXP_RETRANSPLANT_DX,UNOS retransplant diagnosis information.,RETXP_DX_ORGAN_C_NAME,VARCHAR,False,False,The organ type for the associated retransplant diagnosis,ICD-10 / Diagnosis coding,False,False
TXP_RETRANSPLANT_DX,UNOS retransplant diagnosis information.,RETXP_PRIMARY_DX_C_NAME,VARCHAR,True,False,The patient's primary retransplant diagnosis.,ICD-10 / Diagnosis coding,False,False
TXP_RETRANSPLANT_DX,UNOS retransplant diagnosis information.,RETXP_PRIMARY_DX_OTHR,VARCHAR,False,False,The patient's free-text primary retransplant diagnosis.,ICD-10 / Diagnosis coding,False,False
TXP_RETRANSPLANT_DX,UNOS retransplant diagnosis information.,RETXP_SEC_DX_OTHR,VARCHAR,False,False,The patient's free-text secondary retransplant diagnosis.,ICD-10 / Diagnosis coding,False,False
TXP_RETRANSPLANT_DX_RM,This table extracts the related multiple-response Secondary Re-transplant Diagnosis (I HSB 30553) item.,SUMMARY_BLOCK_ID,NUMERIC,False,False,The unique identifier for the episode record.,ICD-10 / Diagnosis coding,False,True
TXP_RETRANSPLANT_DX_RM,This table extracts the related multiple-response Secondary Re-transplant Diagnosis (I HSB 30553) item.,GROUP_LINE,INTEGER,False,False,The line number for the primary retransplant diagnosis associated with a secondary retransplant diagnosis category on the transplant episode. You can use this column in conjunction with SUMMARY_BLOCK_ID to join to TXP_RETRANSPLANT_DX on SUMMARY_BLOCK_ID and LINE.,ICD-10 / Diagnosis coding,False,True
TXP_RETRANSPLANT_DX_RM,This table extracts the related multiple-response Secondary Re-transplant Diagnosis (I HSB 30553) item.,VALUE_LINE,INTEGER,False,False,The line number of one of the multiple values associated with a specific group of data within this record.,ICD-10 / Diagnosis coding,False,True
TXP_RETRANSPLANT_DX_RM,This table extracts the related multiple-response Secondary Re-transplant Diagnosis (I HSB 30553) item.,RETXP_SEC_DX_C_NAME,VARCHAR,True,False,The patient's secondary retransplant diagnoses.,ICD-10 / Diagnosis coding,False,False
UNIV_CHG_LN_DX,This table contains diagnosis information for one charge in the Universal Charge Line (UCL) masterfile.,UCL_ID,VARCHAR,False,False,The unique ID associated with the charge record.,ICD-10 / Diagnosis coding,False,True
UNIV_CHG_LN_DX,This table contains diagnosis information for one charge in the Universal Charge Line (UCL) masterfile.,LINE,INTEGER,False,False,Each charge line (UCL) can have multiple diagnoses associated with it. The combination of UCL_ID and LINE make up a unique identifier for this diagnosis.,ICD-10 / Diagnosis coding,False,True
UNIV_CHG_LN_DX,This table contains diagnosis information for one charge in the Universal Charge Line (UCL) masterfile.,DIAGNOSIS_ID_DX_NAME,VARCHAR,False,False,The name of the diagnosis.,ICD-10 / Diagnosis coding,False,False
UNIV_CHG_LN_DX,This table contains diagnosis information for one charge in the Universal Charge Line (UCL) masterfile.,DIAGNOSIS_QUAL_C_NAME,VARCHAR,True,False,The qualifier for the diagnosis.,ICD-10 / Diagnosis coding,False,False
URIN_BLADDER_CPTR,"Stores single response data for College of American Pathologists (CAP) form 76061-URINARY BLADDER: Cystectomy, Partial, Total, or Radical.",RESULT_ID,VARCHAR,False,False,The unique identifier for the result record.,E/M level / CPT coding,False,True
URIN_BLADDER_CPTR,"Stores single response data for College of American Pathologists (CAP) form 76061-URINARY BLADDER: Cystectomy, Partial, Total, or Radical.",TUMOR_SITE_SPECIFY,VARCHAR,False,False,CAP synoptic form item: Specify tumor site.,E/M level / CPT coding,False,False
URIN_BLADDER_CPTR,"Stores single response data for College of American Pathologists (CAP) form 76061-URINARY BLADDER: Cystectomy, Partial, Total, or Radical.",CAP_COMMENTS,VARCHAR,False,False,CAP synoptic form item: General comments.,E/M level / CPT coding,False,False
URIN_BLADDER_CPTR,"Stores single response data for College of American Pathologists (CAP) form 76061-URINARY BLADDER: Cystectomy, Partial, Total, or Radical.",SPEC_PROC_SPECIFY,VARCHAR,False,False,CAP synoptic form item: Specify the Specimen Procedure.,E/M level / CPT coding,False,False
URIN_BLADDER_CPTR,"Stores single response data for College of American Pathologists (CAP) form 76061-URINARY BLADDER: Cystectomy, Partial, Total, or Radical.",TUMOR_SIZE_GREAT,NUMERIC,False,False,CAP synoptic form item: Tumor Greatest Size.,E/M level / CPT coding,False,False
URIN_BLADDER_CPTR,"Stores single response data for College of American Pathologists (CAP) form 76061-URINARY BLADDER: Cystectomy, Partial, Total, or Radical.",TUMOR_SIZE_ADDL,NUMERIC,False,False,CAP synoptic form item: Tumor Size (length).,E/M level / CPT coding,False,False
URIN_BLADDER_CPTR,"Stores single response data for College of American Pathologists (CAP) form 76061-URINARY BLADDER: Cystectomy, Partial, Total, or Radical.",TUMOR_SIZE_ADDL2,NUMERIC,False,False,CAP synoptic form item: Tumor Size (width).,E/M level / CPT coding,False,False
URIN_BLADDER_CPTR,"Stores single response data for College of American Pathologists (CAP) form 76061-URINARY BLADDER: Cystectomy, Partial, Total, or Radical.",TUMOR_SIZE_SPECIFY,VARCHAR,False,False,CAP synoptic form item: Specify Tumor Size.,E/M level / CPT coding,False,False
URIN_BLADDER_CPTR,"Stores single response data for College of American Pathologists (CAP) form 76061-URINARY BLADDER: Cystectomy, Partial, Total, or Radical.",MICRO_TMR_EXT_SPFY,VARCHAR,False,False,CAP synoptic form item: Specify Microscopic Tumor Extension.,E/M level / CPT coding,False,False
URIN_BLADDER_CPTR,"Stores single response data for College of American Pathologists (CAP) form 76061-URINARY BLADDER: Cystectomy, Partial, Total, or Radical.",SPECIMEN_OTHER_SPFY,VARCHAR,False,False,CAP synoptic form item: Specify other specimen.,E/M level / CPT coding,False,False
URIN_BLADDER_CPTR,"Stores single response data for College of American Pathologists (CAP) form 76061-URINARY BLADDER: Cystectomy, Partial, Total, or Radical.",REGIONL_LYMPH_ND_C_NAME,VARCHAR,True,False,CAP synoptic form item: Regional Lymph Nodes (pN).,E/M level / CPT coding,False,False
URIN_BLADDER_CPTR,"Stores single response data for College of American Pathologists (CAP) form 76061-URINARY BLADDER: Cystectomy, Partial, Total, or Radical.",REG_LN_NUM_EXM,NUMERIC,False,False,CAP synoptic form item: Regional Lymph Nodes Number Examined.,E/M level / CPT coding,False,False
URIN_BLADDER_CPTR,"Stores single response data for College of American Pathologists (CAP) form 76061-URINARY BLADDER: Cystectomy, Partial, Total, or Radical.",REG_LN_NUM_INV,NUMERIC,False,False,CAP synoptic form item: Regional Lymph Nodes Number Involved.,E/M level / CPT coding,False,False
URIN_BLADDER_CPTR,"Stores single response data for College of American Pathologists (CAP) form 76061-URINARY BLADDER: Cystectomy, Partial, Total, or Radical.",PRIMARY_TUMOR_C_NAME,VARCHAR,True,False,CAP synoptic form item: Primary Tumor (pT).,E/M level / CPT coding,False,False
URIN_BLADDER_CPTR,"Stores single response data for College of American Pathologists (CAP) form 76061-URINARY BLADDER: Cystectomy, Partial, Total, or Radical.",DISTNT_METASTASIS_C_NAME,VARCHAR,True,False,CAP synoptic form item: Distant Metastasis.,E/M level / CPT coding,False,False
URIN_BLADDER_CPTR,"Stores single response data for College of American Pathologists (CAP) form 76061-URINARY BLADDER: Cystectomy, Partial, Total, or Radical.",DSTNT_METASTATIS_ST,VARCHAR,False,False,CAP synoptic form item: Distant Metastatis Sites.,E/M level / CPT coding,False,False
URIN_BLADDER_CPTR,"Stores single response data for College of American Pathologists (CAP) form 76061-URINARY BLADDER: Cystectomy, Partial, Total, or Radical.",ADDL_PATH_FIND_SPFY,VARCHAR,False,False,CAP synoptic form item: Specify additional pathologic findings.,E/M level / CPT coding,False,False
URIN_BLADDER_CPTR,"Stores single response data for College of American Pathologists (CAP) form 76061-URINARY BLADDER: Cystectomy, Partial, Total, or Radical.",SPEC_MG_IVLV_INV_CC,VARCHAR,False,False,CAP synoptic form item: Specify Margin Involved by Invasive Carcinoma.,E/M level / CPT coding,False,False
URIN_BLADDER_CPTR,"Stores single response data for College of American Pathologists (CAP) form 76061-URINARY BLADDER: Cystectomy, Partial, Total, or Radical.",OTHER_TM_CONFIG_S,VARCHAR,False,False,CAP synoptic form item: Specify other tumor configuration.,E/M level / CPT coding,False,False
URIN_BLADDER_CPTR,"Stores single response data for College of American Pathologists (CAP) form 76061-URINARY BLADDER: Cystectomy, Partial, Total, or Radical.",HIST_TYP_NONCL_SPFY,VARCHAR,False,False,CAP synoptic form item: Specify other or nonclassifiable histologic type.,E/M level / CPT coding,False,False
URIN_BLADDER_CPTR,"Stores single response data for College of American Pathologists (CAP) form 76061-URINARY BLADDER: Cystectomy, Partial, Total, or Radical.",HG_URTL_CCNM_C_NAME,VARCHAR,True,False,CAP synoptic form item: Histologic Grade Urothelial Carcinoma.,E/M level / CPT coding,False,False
URIN_BLADDER_CPTR,"Stores single response data for College of American Pathologists (CAP) form 76061-URINARY BLADDER: Cystectomy, Partial, Total, or Radical.",HG_URTL_CCNM_S,VARCHAR,False,False,CAP synoptic form item: Specify the details of Histologic Grade Urothelial carcinoma.,E/M level / CPT coding,False,False
URIN_BLADDER_CPTR,"Stores single response data for College of American Pathologists (CAP) form 76061-URINARY BLADDER: Cystectomy, Partial, Total, or Radical.",HG_ADEN_SQUA_CC_C_NAME,VARCHAR,True,False,CAP synoptic form item: Histologic Grade Adenocarcinoma and Squamous Cell Carcinoma.,E/M level / CPT coding,False,False
URIN_BLADDER_CPTR,"Stores single response data for College of American Pathologists (CAP) form 76061-URINARY BLADDER: Cystectomy, Partial, Total, or Radical.",ADEN_SQUA_CCS,VARCHAR,False,False,CAP synoptic form item: Specify Histologic Grade Adenocarcinoma and Squamous Cell Carcinoma.,E/M level / CPT coding,False,False
URIN_BLADDER_CPTR,"Stores single response data for College of American Pathologists (CAP) form 76061-URINARY BLADDER: Cystectomy, Partial, Total, or Radical.",UROT_CCM_W_VAR_HIST,VARCHAR,False,False,CAP synoptic form item: Specify the details of Urothelial carcinoma with variant histology.,E/M level / CPT coding,False,False
URIN_BLADDER_CPTR,"Stores single response data for College of American Pathologists (CAP) form 76061-URINARY BLADDER: Cystectomy, Partial, Total, or Radical.",SQM_C_CCNM_VAR_HIST,VARCHAR,False,False,"CAP synoptic form item: Specify the details of Squamous cell carcinoma, variant histology.",E/M level / CPT coding,False,False
URIN_BLADDER_CPTR,"Stores single response data for College of American Pathologists (CAP) form 76061-URINARY BLADDER: Cystectomy, Partial, Total, or Radical.",ADNCCNM_VAR_HIST,VARCHAR,False,False,"CAP synoptic form item: Specify the details of Adenocarcinoma, variant histology.",E/M level / CPT coding,False,False
URIN_BLADDER_CPTR,"Stores single response data for College of American Pathologists (CAP) form 76061-URINARY BLADDER: Cystectomy, Partial, Total, or Radical.",UNDIFF_CCNM,VARCHAR,False,False,CAP synoptic form item: Specify the details of undifferentiated carcinoma.,E/M level / CPT coding,False,False
URIN_BLADDER_CPTR,"Stores single response data for College of American Pathologists (CAP) form 76061-URINARY BLADDER: Cystectomy, Partial, Total, or Radical.",HIST_TP_MIX_CT,VARCHAR,False,False,CAP synoptic form item: Specify the details of mixed cell type.,E/M level / CPT coding,False,False
URIN_BLADDER_CPTR,"Stores single response data for College of American Pathologists (CAP) form 76061-URINARY BLADDER: Cystectomy, Partial, Total, or Radical.",MG_IVLV_INV_CCNM_C_NAME,VARCHAR,True,False,CAP synoptic form item: Margin Involvement by Invasive Carcinoma.,E/M level / CPT coding,False,False
URIN_BLADDER_CPTR,"Stores single response data for College of American Pathologists (CAP) form 76061-URINARY BLADDER: Cystectomy, Partial, Total, or Radical.",MG_UVLV_IC_DSTNC_IC,NUMERIC,False,False,CAP synoptic form item: Margins uninvolved by invasive carcinoma - Distance of Invasive Carcinoma from Closest Margin.,E/M level / CPT coding,False,False
URIN_BLADDER_CPTR,"Stores single response data for College of American Pathologists (CAP) form 76061-URINARY BLADDER: Cystectomy, Partial, Total, or Radical.",MG_UVLV_IC_SM,VARCHAR,False,False,CAP synoptic form item: Specify Margin for Margins uninvolved by invasive carcinoma.,E/M level / CPT coding,False,False
URIN_BLADDER_CPTR,"Stores single response data for College of American Pathologists (CAP) form 76061-URINARY BLADDER: Cystectomy, Partial, Total, or Radical.",MG_IVLV_CCNM_SS,VARCHAR,False,False,CAP synoptic form item: Specify Margins involved by carcinoma in situ.,E/M level / CPT coding,False,False
URIN_BLADDER_CPTR,"Stores single response data for College of American Pathologists (CAP) form 76061-URINARY BLADDER: Cystectomy, Partial, Total, or Radical.",MG_IVLV_CCNM_ST_C_NAME,VARCHAR,True,False,CAP synoptic form item: Margin Involvement by Carcinoma in situ.,E/M level / CPT coding,False,False
