table,table_description,column,type,org_specific,discontinued,column_description,bucket,time_typed,already_in_cm04_card
ABN_DOCUMENT_ID,This table contains information related to a patient's Advance Beneficiary Notice (ABN) documents.,PAT_ENC_CSN_ID,NUMERIC,False,False,"The unique contact serial number (CSN) for this contact. This number is unique across all patient encounters in your system. If you use IntraConnect, this is the Unique Contact Identifier (UCI).","administrative/non-clinical (comment fields, billing/coverage/referral/etc.)",False,False
ABN_DOCUMENT_ID,This table contains information related to a patient's Advance Beneficiary Notice (ABN) documents.,LINE,INTEGER,False,False,The line number for the information associated with this contact. Multiple pieces of information can be associated with this contact.,"administrative/non-clinical (comment fields, billing/coverage/referral/etc.)",False,False
ABN_DOCUMENT_ID,This table contains information related to a patient's Advance Beneficiary Notice (ABN) documents.,PAT_ENC_DATE_REAL,FLOAT,False,False,"A unique contact date in decimal format. The integer portion of the number indicates the date of contact. The digits after the decimal distinguish different contacts on the same date and are unique for each contact on that date. For example, .00 is the first/only contact, .01 is the second contact, etc.","administrative/non-clinical (comment fields, billing/coverage/referral/etc.)",False,False
ABN_DOCUMENT_ID,This table contains information related to a patient's Advance Beneficiary Notice (ABN) documents.,CONTACT_DATE,DATETIME,False,False,The date of this contact in calendar format.,"administrative/non-clinical (comment fields, billing/coverage/referral/etc.)",True,False
ABN_DOCUMENT_ID,This table contains information related to a patient's Advance Beneficiary Notice (ABN) documents.,ABN_DOCUMENT_ID,VARCHAR,False,False,The unique ID of the Advance Beneficiary Notice (ABN) document linked to this patient encounter.,"administrative/non-clinical (comment fields, billing/coverage/referral/etc.)",False,False
ABN_NOTE_COMMENTS,Stores information about the follow-up comments associated with an ABN note.,NOTE_CSN_ID,NUMERIC,False,False,The contact serial number (CSN) of the contact.,"administrative/non-clinical (comment fields, billing/coverage/referral/etc.)",False,False
ABN_NOTE_COMMENTS,Stores information about the follow-up comments associated with an ABN note.,LINE,INTEGER,False,False,The line number for the information associated with this contact. Multiple pieces of information can be associated with this contact.,"administrative/non-clinical (comment fields, billing/coverage/referral/etc.)",False,False
ABN_NOTE_COMMENTS,Stores information about the follow-up comments associated with an ABN note.,NOTE_ID,VARCHAR,False,False,The unique identifier (.1 item) for the note record.,"administrative/non-clinical (comment fields, billing/coverage/referral/etc.)",False,False
ABN_NOTE_COMMENTS,Stores information about the follow-up comments associated with an ABN note.,CONTACT_DATE_REAL,FLOAT,False,False,"A unique contact date in decimal format. The integer portion of the number indicates the date of contact. The digits after the decimal distinguish different contacts on the same date and are unique for each contact on that date. For example, .00 is the first/only contact, .01 is the second contact, etc.","administrative/non-clinical (comment fields, billing/coverage/referral/etc.)",False,False
ABN_NOTE_COMMENTS,Stores information about the follow-up comments associated with an ABN note.,CONTACT_DATE,DATETIME,False,False,The date of this contact in calendar format.,"administrative/non-clinical (comment fields, billing/coverage/referral/etc.)",True,False
ABN_NOTE_COMMENTS,Stores information about the follow-up comments associated with an ABN note.,ABN_FOLUP_COMMENTS,VARCHAR,False,False,Stores free text comment about the follow up,"administrative/non-clinical (comment fields, billing/coverage/referral/etc.)",False,False
ABN_NOTE_CONTACT_SERVICE,This extract table contains information for items in the General Use Notes (HNO) ABN Procedures (HNO 2310) related group. These items are populated with information from the Advanced Beneficiary Notice (ABN) waiver form related to the services that triggered an ABN. A row in this table represents one failed service for which an ABN was generated.,NOTE_ID,VARCHAR,False,False,The unique ID of the note (HNO) record that contains the Advance Beneficiary Notice (ABN) information.,"administrative/non-clinical (comment fields, billing/coverage/referral/etc.)",False,False
ABN_NOTE_CONTACT_SERVICE,This extract table contains information for items in the General Use Notes (HNO) ABN Procedures (HNO 2310) related group. These items are populated with information from the Advanced Beneficiary Notice (ABN) waiver form related to the services that triggered an ABN. A row in this table represents one failed service for which an ABN was generated.,LINE,INTEGER,False,False,The line number for the information associated with this record. Multiple pieces of information can be associated with this record.,"administrative/non-clinical (comment fields, billing/coverage/referral/etc.)",False,False
ABN_NOTE_CONTACT_SERVICE,This extract table contains information for items in the General Use Notes (HNO) ABN Procedures (HNO 2310) related group. These items are populated with information from the Advanced Beneficiary Notice (ABN) waiver form related to the services that triggered an ABN. A row in this table represents one failed service for which an ABN was generated.,ABN_PROC_ID_PROC_NAME,VARCHAR,False,False,The name of each procedure.,"administrative/non-clinical (comment fields, billing/coverage/referral/etc.)",False,False
ABN_NOTE_CONTACT_SERVICE,This extract table contains information for items in the General Use Notes (HNO) ABN Procedures (HNO 2310) related group. These items are populated with information from the Advanced Beneficiary Notice (ABN) waiver form related to the services that triggered an ABN. A row in this table represents one failed service for which an ABN was generated.,ABN_REASON_FOR_NONCOVERAGE,VARCHAR,False,False,This item stores an additional user-specified reason for ABN. The possible reasons based on LCD rules are stored in item 2313 of the ABN record.,"administrative/non-clinical (comment fields, billing/coverage/referral/etc.)",False,False
ABN_NOTE_CONTACT_SERVICE,This extract table contains information for items in the General Use Notes (HNO) ABN Procedures (HNO 2310) related group. These items are populated with information from the Advanced Beneficiary Notice (ABN) waiver form related to the services that triggered an ABN. A row in this table represents one failed service for which an ABN was generated.,ABN_TRIGGERING_REASON,VARCHAR,False,False,Stores the reason for triggering an ABN,"administrative/non-clinical (comment fields, billing/coverage/referral/etc.)",False,False
ABN_NOTE_CONTACT_SERVICE,This extract table contains information for items in the General Use Notes (HNO) ABN Procedures (HNO 2310) related group. These items are populated with information from the Advanced Beneficiary Notice (ABN) waiver form related to the services that triggered an ABN. A row in this table represents one failed service for which an ABN was generated.,ABN_PRICE_PER_SERVICE,NUMERIC,False,False,Contains the price per procedure (orderable) or medication for an ABN waiver form. This price will take into account quantity of the procedure ordered.,"administrative/non-clinical (comment fields, billing/coverage/referral/etc.)",False,False
ABN_NOTE_CONTACT_SERVICE,This extract table contains information for items in the General Use Notes (HNO) ABN Procedures (HNO 2310) related group. These items are populated with information from the Advanced Beneficiary Notice (ABN) waiver form related to the services that triggered an ABN. A row in this table represents one failed service for which an ABN was generated.,ABN_MODIFIER_USED,VARCHAR,False,False,This item holds the modifiers used by price generation code to ensure that we are calculating the price correctly when updating the ABN record.,"administrative/non-clinical (comment fields, billing/coverage/referral/etc.)",False,False
ABN_NOTE_CONTACT_SERVICE,This extract table contains information for items in the General Use Notes (HNO) ABN Procedures (HNO 2310) related group. These items are populated with information from the Advanced Beneficiary Notice (ABN) waiver form related to the services that triggered an ABN. A row in this table represents one failed service for which an ABN was generated.,ABN_ORIGINAL_PRICE_PER_SERVICE,NUMERIC,False,False,Stores the price generated by the system for a procedure or medication that generated the ABN,"administrative/non-clinical (comment fields, billing/coverage/referral/etc.)",False,False
ABN_NOTE_CONTACT_SERVICE,This extract table contains information for items in the General Use Notes (HNO) ABN Procedures (HNO 2310) related group. These items are populated with information from the Advanced Beneficiary Notice (ABN) waiver form related to the services that triggered an ABN. A row in this table represents one failed service for which an ABN was generated.,ABN_MEDICATION_ID_MEDICATION_NAME,VARCHAR,False,False,The name of this medication record.,"administrative/non-clinical (comment fields, billing/coverage/referral/etc.)",False,False
ABN_NOTE_CONTACT_SERVICE,This extract table contains information for items in the General Use Notes (HNO) ABN Procedures (HNO 2310) related group. These items are populated with information from the Advanced Beneficiary Notice (ABN) waiver form related to the services that triggered an ABN. A row in this table represents one failed service for which an ABN was generated.,ABN_FAILED_LCD_C,VARCHAR,False,False,Indicates which LCD category values the given service failed when run through the blackbox,"administrative/non-clinical (comment fields, billing/coverage/referral/etc.)",False,False
ABN_NOTE_CONTACT_SERVICE,This extract table contains information for items in the General Use Notes (HNO) ABN Procedures (HNO 2310) related group. These items are populated with information from the Advanced Beneficiary Notice (ABN) waiver form related to the services that triggered an ABN. A row in this table represents one failed service for which an ABN was generated.,ABN_SERVICE_DUR,VARCHAR,False,False,Holds a string displayed in the ABN showing the duration for an ordered procedure or medication.,"administrative/non-clinical (comment fields, billing/coverage/referral/etc.)",False,False
ABN_NOTE_PROC,Store information about the ABN procedure note for EHI reporting.,NOTE_ID,VARCHAR,False,False,The unique identifier (.1 item) for the note record.,"administrative/non-clinical (comment fields, billing/coverage/referral/etc.)",False,False
ABN_NOTE_PROC,Store information about the ABN procedure note for EHI reporting.,LINE,INTEGER,False,False,The line number for the information associated with this record. Multiple pieces of information can be associated with this record.,"administrative/non-clinical (comment fields, billing/coverage/referral/etc.)",False,False
ABN_NOTE_PROC,Store information about the ABN procedure note for EHI reporting.,ABN_PROC_FREQ_DUR,VARCHAR,False,False,Holds a string displayed in the ABN showing the duration for an ordered procedure or medication.,"administrative/non-clinical (comment fields, billing/coverage/referral/etc.)",False,False
ACCESSIBLE_DOCUMENTS_PREF,Stores a patient's preferences for receiving accessible documents.,PAT_ID,VARCHAR,False,False,The unique ID of the patient record for this row. This column is frequently used to link to the PATIENT table.,"administrative/non-clinical (comment fields, billing/coverage/referral/etc.)",False,False
ACCESSIBLE_DOCUMENTS_PREF,Stores a patient's preferences for receiving accessible documents.,LINE,INTEGER,False,False,The line number for the information associated with this record. Multiple pieces of information can be associated with this record.,"administrative/non-clinical (comment fields, billing/coverage/referral/etc.)",False,False
ACCESSIBLE_DOCUMENTS_PREF,Stores a patient's preferences for receiving accessible documents.,ACCESSIBLE_DOCUMENTS_PREF_C_NAME,VARCHAR,True,False,Indicates the patient's preferred options for receiving accessibility-enabled documents. An example is large print size.,"administrative/non-clinical (comment fields, billing/coverage/referral/etc.)",False,False
ACCT_HB_BNOTE,This table contains Hospital Billing billing notes for guarantor accounts.,ACCT_ID,NUMERIC,False,False,The unique ID of the guarantor record for this row. This column is frequently used to link to the ACCOUNT table.,"administrative/non-clinical (comment fields, billing/coverage/referral/etc.)",False,False
ACCT_HB_BNOTE,This table contains Hospital Billing billing notes for guarantor accounts.,LINE,INTEGER,False,False,The line number for the information associated with this record. Multiple pieces of information can be associated with this record.,"administrative/non-clinical (comment fields, billing/coverage/referral/etc.)",False,False
ACCT_HB_BNOTE,This table contains Hospital Billing billing notes for guarantor accounts.,HB_BILLING_NOTE,VARCHAR,False,False,This column contains one line of the Hospital Billing billing note of the guarantor account for this row.,"administrative/non-clinical (comment fields, billing/coverage/referral/etc.)",False,False
ACCT_PB_BILL_NOTE,This table stores billing note on the account.,ACCT_ID,NUMERIC,False,False,The unique identifier for the guarantor record.,"administrative/non-clinical (comment fields, billing/coverage/referral/etc.)",False,False
ACCT_PB_BILL_NOTE,This table stores billing note on the account.,LINE,INTEGER,False,False,The line number for the information associated with this record. Multiple pieces of information can be associated with this record.,"administrative/non-clinical (comment fields, billing/coverage/referral/etc.)",False,False
ACCT_PB_BILL_NOTE,This table stores billing note on the account.,BILLING_NOTE,VARCHAR,False,False,Billing note on the account.,"administrative/non-clinical (comment fields, billing/coverage/referral/etc.)",False,False
ADDENDUM_VERSIONS,The ADDENDUM_VERSIONS table contains information about imaging result text addenda. The rows in this table can be used to link the version of the addendum text with other order information at the time that addendum text was documented.,ORDER_ID,NUMERIC,False,False,The unique identifier for the order record.,addendum,False,False
ADDENDUM_VERSIONS,The ADDENDUM_VERSIONS table contains information about imaging result text addenda. The rows in this table can be used to link the version of the addendum text with other order information at the time that addendum text was documented.,CONTACT_DATE_REAL,FLOAT,False,False,"A unique contact date in decimal format. The integer portion of the number indicates the date of contact. The digits after the decimal distinguish different contacts on the same date and are unique for each contact on that date. For example, .00 is the first/only contact, .01 is the second contact, etc.",addendum,False,False
ADDENDUM_VERSIONS,The ADDENDUM_VERSIONS table contains information about imaging result text addenda. The rows in this table can be used to link the version of the addendum text with other order information at the time that addendum text was documented.,LINE,INTEGER,False,False,The line number for the information associated with this contact. Multiple pieces of information can be associated with this contact.,addendum,False,False
ADDENDUM_VERSIONS,The ADDENDUM_VERSIONS table contains information about imaging result text addenda. The rows in this table can be used to link the version of the addendum text with other order information at the time that addendum text was documented.,ADDENDUM_CONTACT,NUMERIC,False,False,The unique ID of the note contact that stores the addendum text which corresponds to this version of the order's result text.,addendum,False,False
AUTH_REQUEST_HX_UNS_NOTE,This table contains the snapshot of unsigned notes associated with the authorization request.,AUTH_REQUEST_ID,NUMERIC,False,False,The unique identifier (.1 item) for the authorization request record.,other note/document-adjacent,False,False
AUTH_REQUEST_HX_UNS_NOTE,This table contains the snapshot of unsigned notes associated with the authorization request.,CONTACT_DATE_REAL,FLOAT,False,False,"A unique contact date in decimal format. The integer portion of the number indicates the date of contact. The digits after the decimal distinguish different contacts on the same date and are unique for each contact on that date. For example, .00 is the first/only contact, .01 is the second contact, etc.",other note/document-adjacent,False,False
AUTH_REQUEST_HX_UNS_NOTE,This table contains the snapshot of unsigned notes associated with the authorization request.,LINE,INTEGER,False,False,The line number for the information associated with this contact. Multiple pieces of information can be associated with this contact.,other note/document-adjacent,False,False
AUTH_REQUEST_HX_UNS_NOTE,This table contains the snapshot of unsigned notes associated with the authorization request.,UNSIGNED_NOTE_ID,VARCHAR,False,False,This item stores the unsigned notes associated with the authorization request.,other note/document-adjacent,False,False
BLOCK_NOTE_COPIES,Info for note copies to potentially block while blocking parent note.,NOTE_CSN_ID,NUMERIC,False,False,The contact serial number (CSN) of the contact.,other note/document-adjacent,False,False
BLOCK_NOTE_COPIES,Info for note copies to potentially block while blocking parent note.,LINE,INTEGER,False,False,The line number for the information associated with this contact. Multiple pieces of information can be associated with this contact.,other note/document-adjacent,False,False
BLOCK_NOTE_COPIES,Info for note copies to potentially block while blocking parent note.,NOTE_ID,VARCHAR,False,False,The unique identifier (.1 item) for the note record.,other note/document-adjacent,False,False
BLOCK_NOTE_COPIES,Info for note copies to potentially block while blocking parent note.,CONTACT_DATE,DATETIME,False,False,The date of this contact in calendar format.,other note/document-adjacent,True,False
BLOCK_NOTE_COPIES,Info for note copies to potentially block while blocking parent note.,BLOCK_CPY_NOTE_ID,VARCHAR,False,False,Contains the list of note copies shown to the last user who blocked this note.,other note/document-adjacent,False,False
BLOCK_NOTE_COPIES,Info for note copies to potentially block while blocking parent note.,BLOCK_CPY_YN,VARCHAR,False,False,Column in a related group that indicates if the note copy shown to the user during patient blocking should also be blocked.,other note/document-adjacent,False,False
CAREPLAN_PROG_NOTE,This table contains information about the list of progress notes filed from Care Plans activity for each Care Plan record.,CARE_INTG_ID,VARCHAR,False,False,The unique identifier for the careplan record.,other note/document-adjacent,False,False
CAREPLAN_PROG_NOTE,This table contains information about the list of progress notes filed from Care Plans activity for each Care Plan record.,LINE,INTEGER,False,False,The line number for the information associated with this record. Multiple pieces of information can be associated with this record.,other note/document-adjacent,False,False
CAREPLAN_PROG_NOTE,This table contains information about the list of progress notes filed from Care Plans activity for each Care Plan record.,CP_PROG_NOTES_ID,VARCHAR,False,False,The unique ID of the Progress Note (HNO) that was filed from the Care Plans activity.,other note/document-adjacent,False,False
CHILD_NOTE_INFO,"The CHILD_NOTE_INFO table contains information about child notes that are linked to clinical notes. Each row represents one child note and contains information such as the user that created the link, when the link was created, and what type of link it is.",NOTE_ID,VARCHAR,False,False,The unique identifier for the note record.,other note/document-adjacent,False,False
CHILD_NOTE_INFO,"The CHILD_NOTE_INFO table contains information about child notes that are linked to clinical notes. Each row represents one child note and contains information such as the user that created the link, when the link was created, and what type of link it is.",LINE,INTEGER,False,False,The line number for the information associated with this record. Multiple pieces of information can be associated with this record.,other note/document-adjacent,False,False
CHILD_NOTE_INFO,"The CHILD_NOTE_INFO table contains information about child notes that are linked to clinical notes. Each row represents one child note and contains information such as the user that created the link, when the link was created, and what type of link it is.",TEXT_NOTE_CSN_ID,NUMERIC,False,False,This holds the note contact serial number (CSN) pointer to the record where the child note's text can be found. Any workflow that links a child note to a clinical note must populate this item with the pointer to the child note contact.,other note/document-adjacent,False,False
CHILD_NOTE_INFO,"The CHILD_NOTE_INFO table contains information about child notes that are linked to clinical notes. Each row represents one child note and contains information such as the user that created the link, when the link was created, and what type of link it is.",LINK_TYPE_C_NAME,VARCHAR,False,False,This holds the type of linked note. Any workflow that links a child note to a clinical note must populate this item with the type of child note that is being linked. Different link types will have different effects on how the parent clinical note displays or behaves.,other note/document-adjacent,False,False
CHILD_NOTE_INFO,"The CHILD_NOTE_INFO table contains information about child notes that are linked to clinical notes. Each row represents one child note and contains information such as the user that created the link, when the link was created, and what type of link it is.",LINK_USER_ID,VARCHAR,False,False,Contains the user ID of the user who added the corresponding child note. Any workflow that links a child note to a clinical note must specify the user adding the link in this item.,other note/document-adjacent,False,False
CHILD_NOTE_INFO,"The CHILD_NOTE_INFO table contains information about child notes that are linked to clinical notes. Each row represents one child note and contains information such as the user that created the link, when the link was created, and what type of link it is.",LINK_USER_ID_NAME,VARCHAR,False,False,The name of the user record. This name may be hidden.,other note/document-adjacent,False,False
CHILD_NOTE_INFO,"The CHILD_NOTE_INFO table contains information about child notes that are linked to clinical notes. Each row represents one child note and contains information such as the user that created the link, when the link was created, and what type of link it is.",LINK_UTC,DATETIME (UTC),False,False,"Holds the instant, in UTC format, that the child note was added to the note. Any workflow that links a child note to a clinical note must populate this item with the UTC timestamp of when the link was added.",other note/document-adjacent,True,False
CHILD_NOTE_INFO,"The CHILD_NOTE_INFO table contains information about child notes that are linked to clinical notes. Each row represents one child note and contains information such as the user that created the link, when the link was created, and what type of link it is.",SOURCE_NOTE_CSN_ID,NUMERIC,False,False,Contains the note contact serial number (CSN) of the source contact the child note was originally added to. Any workflow that links a child note to a clinical note must specify which contact on the parent clinical note the child note applies to.,other note/document-adjacent,False,False
CHILD_NOTE_INFO,"The CHILD_NOTE_INFO table contains information about child notes that are linked to clinical notes. Each row represents one child note and contains information such as the user that created the link, when the link was created, and what type of link it is.",LINK_DTTM,DATETIME (Local),False,False,"Holds the instant, in local time zone format, that the child note was added to the note. This item is automatically calculated based on the Child Note - Instant (UTC) item (I HNO 34253).",other note/document-adjacent,True,False
CLM_NOTE,All values associated with a claim are stored in the Claim External Value record. The CLM_NOTE table holds claim level notes or remarks.,RECORD_ID,NUMERIC,False,False,The unique identifier for the Claim Info record.,"administrative/non-clinical (comment fields, billing/coverage/referral/etc.)",False,False
CLM_NOTE,All values associated with a claim are stored in the Claim External Value record. The CLM_NOTE table holds claim level notes or remarks.,LINE,INTEGER,False,False,The line number for the information associated with this contact. Multiple pieces of information can be associated with this contact.,"administrative/non-clinical (comment fields, billing/coverage/referral/etc.)",False,False
CLM_NOTE,All values associated with a claim are stored in the Claim External Value record. The CLM_NOTE table holds claim level notes or remarks.,CLM_NOTE,VARCHAR,False,False,This item holds claim level notes.,"administrative/non-clinical (comment fields, billing/coverage/referral/etc.)",False,False
CONTACT_POINT_DOCUMENTS,This table contains Clinical References linked to patient education points.,EDUCATION_RECORD_ID,NUMERIC,False,False,The unique identifier (.1 item) for the education record.,"administrative/non-clinical (comment fields, billing/coverage/referral/etc.)",False,False
CONTACT_POINT_DOCUMENTS,This table contains Clinical References linked to patient education points.,CONTACT_DATE_REAL,FLOAT,False,False,"A unique contact date in decimal format. The integer portion of the number indicates the date of contact. The digits after the decimal distinguish different contacts on the same date and are unique for each contact on that date. For example, .00 is the first/only contact, .01 is the second contact, etc.","administrative/non-clinical (comment fields, billing/coverage/referral/etc.)",False,False
CONTACT_POINT_DOCUMENTS,This table contains Clinical References linked to patient education points.,GROUP_LINE,INTEGER,False,False,"The line number of the associated point in the patient's education record. Together with EDUCATION_RECORD_ID and CONTACT_DATE_REAL, this forms the foreign key to the CL_PATEDU_CNTCT_PT table.","administrative/non-clinical (comment fields, billing/coverage/referral/etc.)",False,False
CONTACT_POINT_DOCUMENTS,This table contains Clinical References linked to patient education points.,VALUE_LINE,INTEGER,False,False,The line number of one of the Clinical References associated with a point in the patient's education record.,"administrative/non-clinical (comment fields, billing/coverage/referral/etc.)",False,False
CONTACT_POINT_DOCUMENTS,This table contains Clinical References linked to patient education points.,CONTACT_DATE,DATETIME,False,False,The date of this contact in calendar format.,"administrative/non-clinical (comment fields, billing/coverage/referral/etc.)",True,False
CONTACT_POINT_DOCUMENTS,This table contains Clinical References linked to patient education points.,CONTACT_POINT_DCS_ID,VARCHAR,False,False,The unique ID of the Document Information record for a Clinical Reference document that is associated with the education point in CL_PATEDU_CNTCT_PT with a LINE number that matches this row's GROUP_LINE number. This column is frequently used to link to Document Information tables like DOC_INFORMATION and DOC_INFORMATION_2.,"administrative/non-clinical (comment fields, billing/coverage/referral/etc.)",False,False
CONTACT_TITLE_DOCUMENTS,This table contains Clinical References linked to patient education titles.,EDUCATION_RECORD_ID,NUMERIC,False,False,The unique identifier (.1 item) for the education record.,"administrative/non-clinical (comment fields, billing/coverage/referral/etc.)",False,False
CONTACT_TITLE_DOCUMENTS,This table contains Clinical References linked to patient education titles.,CONTACT_DATE_REAL,FLOAT,False,False,"A unique contact date in decimal format. The integer portion of the number indicates the date of contact. The digits after the decimal distinguish different contacts on the same date and are unique for each contact on that date. For example, .00 is the first/only contact, .01 is the second contact, etc.","administrative/non-clinical (comment fields, billing/coverage/referral/etc.)",False,False
CONTACT_TITLE_DOCUMENTS,This table contains Clinical References linked to patient education titles.,GROUP_LINE,INTEGER,False,False,"The line number of the associated title in the patient's education record. Together with EDUCATION_RECORD_ID and CONTACT_DATE_REAL, this forms the foreign key to the CL_PATEDU_CNT_TITL table.","administrative/non-clinical (comment fields, billing/coverage/referral/etc.)",False,False
CONTACT_TITLE_DOCUMENTS,This table contains Clinical References linked to patient education titles.,VALUE_LINE,INTEGER,False,False,The line number of one of the Clinical References associated with a title in the patient's education record.,"administrative/non-clinical (comment fields, billing/coverage/referral/etc.)",False,False
CONTACT_TITLE_DOCUMENTS,This table contains Clinical References linked to patient education titles.,CONTACT_DATE,DATETIME,False,False,The date of this contact in calendar format.,"administrative/non-clinical (comment fields, billing/coverage/referral/etc.)",True,False
CONTACT_TITLE_DOCUMENTS,This table contains Clinical References linked to patient education titles.,CONTACT_TITLE_DCS_ID,VARCHAR,False,False,The unique ID of the Document Information record for a Clinical Reference document that is associated with the education title in CL_PATEDU_CNT_TITL with a LINE number that matches this row's GROUP_LINE number. This column is frequently used to link to Document Information tables like DOC_INFORMATION and DOC_INFORMATION_2.,"administrative/non-clinical (comment fields, billing/coverage/referral/etc.)",False,False
CONTACT_TOPIC_DOCUMENTS,This table contains Clinical References linked to patient education topics.,EDUCATION_RECORD_ID,NUMERIC,False,False,The unique identifier (.1 item) for the education record.,"administrative/non-clinical (comment fields, billing/coverage/referral/etc.)",False,False
CONTACT_TOPIC_DOCUMENTS,This table contains Clinical References linked to patient education topics.,CONTACT_DATE_REAL,FLOAT,False,False,"A unique contact date in decimal format. The integer portion of the number indicates the date of contact. The digits after the decimal distinguish different contacts on the same date and are unique for each contact on that date. For example, .00 is the first/only contact, .01 is the second contact, etc.","administrative/non-clinical (comment fields, billing/coverage/referral/etc.)",False,False
CONTACT_TOPIC_DOCUMENTS,This table contains Clinical References linked to patient education topics.,GROUP_LINE,INTEGER,False,False,"The line number of the associated topic in the patient's education record. Together with EDUCATION_RECORD_ID and CONTACT_DATE_REAL, this forms the foreign key to the CL_PATEDU_CT_TOPIC table.","administrative/non-clinical (comment fields, billing/coverage/referral/etc.)",False,False
CONTACT_TOPIC_DOCUMENTS,This table contains Clinical References linked to patient education topics.,VALUE_LINE,INTEGER,False,False,The line number of one of the Clinical References associated with a topic in the patient's education record.,"administrative/non-clinical (comment fields, billing/coverage/referral/etc.)",False,False
CONTACT_TOPIC_DOCUMENTS,This table contains Clinical References linked to patient education topics.,CONTACT_DATE,DATETIME,False,False,The date of this contact in calendar format.,"administrative/non-clinical (comment fields, billing/coverage/referral/etc.)",True,False
CONTACT_TOPIC_DOCUMENTS,This table contains Clinical References linked to patient education topics.,CONTACT_TOPIC_DCS_ID,VARCHAR,False,False,The unique ID of the Document Information record for a Clinical Reference document that is associated with the education topic in CL_PATEDU_CT_TOPIC with a LINE number that matches this row's GROUP_LINE number. This column is frequently used to link to Document Information tables like DOC_INFORMATION and DOC_INFORMATION_2.,"administrative/non-clinical (comment fields, billing/coverage/referral/etc.)",False,False
COVERAGE_NOTE_INFO,This table contains information about notes attached to coverage records.,COVERAGE_ID,NUMERIC,False,False,The unique identifier for the coverage record.,"administrative/non-clinical (comment fields, billing/coverage/referral/etc.)",False,False
COVERAGE_NOTE_INFO,This table contains information about notes attached to coverage records.,LINE,INTEGER,False,False,The line number for the information associated with this record. Multiple pieces of information can be associated with this record.,"administrative/non-clinical (comment fields, billing/coverage/referral/etc.)",False,False
COVERAGE_NOTE_INFO,This table contains information about notes attached to coverage records.,NOTE_ID,VARCHAR,False,False,The unique identifier of the note associated with the coverage.,"administrative/non-clinical (comment fields, billing/coverage/referral/etc.)",False,False
COVERAGE_NOTE_INFO,This table contains information about notes attached to coverage records.,NOTE_DATE,DATETIME,False,False,The date the note was created.,"administrative/non-clinical (comment fields, billing/coverage/referral/etc.)",True,False
COVERAGE_NOTE_INFO,This table contains information about notes attached to coverage records.,NOTE_DTTM,DATETIME (Local),False,False,The date and time the note was created.,"administrative/non-clinical (comment fields, billing/coverage/referral/etc.)",True,False
COVERAGE_NOTE_INFO,This table contains information about notes attached to coverage records.,NOTE_USER_ID,VARCHAR,False,False,The user who created the note.,"administrative/non-clinical (comment fields, billing/coverage/referral/etc.)",False,False
COVERAGE_NOTE_INFO,This table contains information about notes attached to coverage records.,NOTE_USER_ID_NAME,VARCHAR,False,False,The name of the user record. This name may be hidden.,"administrative/non-clinical (comment fields, billing/coverage/referral/etc.)",False,False
CP_NOTE_READING_HX,This table stores the history information for the note's care plan reading.,NOTE_CSN_ID,NUMERIC,False,False,The contact serial number (CSN) of the contact.,other note/document-adjacent,False,False
CP_NOTE_READING_HX,This table stores the history information for the note's care plan reading.,LINE,INTEGER,False,False,The line number for the information associated with this contact. Multiple pieces of information can be associated with this contact.,other note/document-adjacent,False,False
CP_NOTE_READING_HX,This table stores the history information for the note's care plan reading.,NOTE_ID,VARCHAR,False,False,The unique identifier for the note record.,other note/document-adjacent,False,False
CP_NOTE_READING_HX,This table stores the history information for the note's care plan reading.,CONTACT_DATE_REAL,FLOAT,False,False,"A unique contact date in decimal format. The integer portion of the number indicates the date of contact. The digits after the decimal distinguish different contacts on the same date and are unique for each contact on that date. For example, .00 is the first/only contact, .01 is the second contact, etc.",other note/document-adjacent,False,False
CP_NOTE_READING_HX,This table stores the history information for the note's care plan reading.,CONTACT_DATE,DATETIME,False,False,The date of this contact in calendar format.,other note/document-adjacent,True,False
CP_NOTE_READING_HX,This table stores the history information for the note's care plan reading.,CARE_PLAN_HX_CSN_ID,NUMERIC,False,False,Stores the history of care plan contact links associated with the goal or intervention documentation.,other note/document-adjacent,False,False
DOCS_RCVD_ASMT_PLAN_NOTE,This table extracts the related multiple response item DXR-11048.,DOCUMENT_ID,NUMERIC,False,False,The unique identifier (.1 item) for the document record.,"administrative/non-clinical (comment fields, billing/coverage/referral/etc.)",False,False
DOCS_RCVD_ASMT_PLAN_NOTE,This table extracts the related multiple response item DXR-11048.,CONTACT_DATE_REAL,FLOAT,False,False,"A unique contact date in decimal format. The integer portion of the number indicates the date of contact. The digits after the decimal distinguish different contacts on the same date and are unique for each contact on that date. For example, .00 is the first/only contact, .01 is the second contact, etc.","administrative/non-clinical (comment fields, billing/coverage/referral/etc.)",False,False
DOCS_RCVD_ASMT_PLAN_NOTE,This table extracts the related multiple response item DXR-11048.,GROUP_LINE,INTEGER,False,False,The line number for the information associated with this contact.,"administrative/non-clinical (comment fields, billing/coverage/referral/etc.)",False,False
DOCS_RCVD_ASMT_PLAN_NOTE,This table extracts the related multiple response item DXR-11048.,VALUE_LINE,INTEGER,False,False,The line number of one of the multiple values associated with a specific group of data within this contact.,"administrative/non-clinical (comment fields, billing/coverage/referral/etc.)",False,False
DOCS_RCVD_ASMT_PLAN_NOTE,This table extracts the related multiple response item DXR-11048.,CONTACT_DATE,DATETIME,False,False,The date of this contact in calendar format.,"administrative/non-clinical (comment fields, billing/coverage/referral/etc.)",True,False
DOCS_RCVD_ASMT_PLAN_NOTE,This table extracts the related multiple response item DXR-11048.,ASMT_PLAN_NOTE_ID,VARCHAR,False,False,Assessment and Plan notes for a problem.,"administrative/non-clinical (comment fields, billing/coverage/referral/etc.)",False,False
DOCS_RCVD_CLN_NOTE_SIGNRS,Clinical note signer information for notes recieved externally.,DOCUMENT_ID,NUMERIC,False,False,The unique identifier (.1 item) for the document record.,"administrative/non-clinical (comment fields, billing/coverage/referral/etc.)",False,False
DOCS_RCVD_CLN_NOTE_SIGNRS,Clinical note signer information for notes recieved externally.,CONTACT_DATE_REAL,FLOAT,False,False,"A unique contact date in decimal format. The integer portion of the number indicates the date of contact. The digits after the decimal distinguish different contacts on the same date and are unique for each contact on that date. For example, .00 is the first/only contact, .01 is the second contact, etc.","administrative/non-clinical (comment fields, billing/coverage/referral/etc.)",False,False
DOCS_RCVD_CLN_NOTE_SIGNRS,Clinical note signer information for notes recieved externally.,LINE,INTEGER,False,False,The line number for the information associated with this contact. Multiple pieces of information can be associated with this contact.,"administrative/non-clinical (comment fields, billing/coverage/referral/etc.)",False,False
DOCS_RCVD_CLN_NOTE_SIGNRS,Clinical note signer information for notes recieved externally.,CONTACT_DATE,DATETIME,False,False,The date of this contact in calendar format.,"administrative/non-clinical (comment fields, billing/coverage/referral/etc.)",True,False
DOCS_RCVD_CLN_NOTE_SIGNRS,Clinical note signer information for notes recieved externally.,NOTE_REFERENCE_IDENT,VARCHAR,False,False,"The reference ID of a clinical note, which uniquely identifies a note sent through C-CDA.","administrative/non-clinical (comment fields, billing/coverage/referral/etc.)",False,False
DOCS_RCVD_CLN_NOTE_SIGNRS,Clinical note signer information for notes recieved externally.,NOTE_LOCAL_UNIQUE_IDENT,VARCHAR,False,False,The locally-assigned unique identifier to identify clinical notes sent through FHIR.,"administrative/non-clinical (comment fields, billing/coverage/referral/etc.)",False,False
DOCS_RCVD_CLN_NOTE_SIGNRS,Clinical note signer information for notes recieved externally.,NOTE_SIGNER_NAME,VARCHAR,False,False,A clinical note signer's name.,"administrative/non-clinical (comment fields, billing/coverage/referral/etc.)",False,False
DOCS_RCVD_CLN_NOTE_SIGNRS,Clinical note signer information for notes recieved externally.,NOTE_SIGNED_UTC_DTTM,DATETIME (UTC),False,False,The UTC instant when a clinical note was signed.,"administrative/non-clinical (comment fields, billing/coverage/referral/etc.)",True,False
DOCS_RCVD_CLN_NOTE_SIGNRS,Clinical note signer information for notes recieved externally.,NOTE_SIGNER_ROLE_C_NAME,VARCHAR,False,False,A note signer's role in authenticating the content of a clinical note.,"administrative/non-clinical (comment fields, billing/coverage/referral/etc.)",False,False
DOCS_RCVD_CLN_NOTE_SIGNRS,Clinical note signer information for notes recieved externally.,NOTE_SIGNER_NPI,VARCHAR,False,False,A clinical note signer's NPI,"administrative/non-clinical (comment fields, billing/coverage/referral/etc.)",False,False
DOCS_RCVD_INTVN_NOTE,This table extracts the dispense intervention note associated with a particular dispense.,DOCUMENT_ID,NUMERIC,False,False,The unique identifier (.1 item) for the document record.,"administrative/non-clinical (comment fields, billing/coverage/referral/etc.)",False,False
DOCS_RCVD_INTVN_NOTE,This table extracts the dispense intervention note associated with a particular dispense.,CONTACT_DATE_REAL,FLOAT,False,False,"A unique contact date in decimal format. The integer portion of the number indicates the date of contact. The digits after the decimal distinguish different contacts on the same date and are unique for each contact on that date. For example, .00 is the first/only contact, .01 is the second contact, etc.","administrative/non-clinical (comment fields, billing/coverage/referral/etc.)",False,False
DOCS_RCVD_INTVN_NOTE,This table extracts the dispense intervention note associated with a particular dispense.,GROUP_LINE,INTEGER,False,False,"The line number of the dispense intervention note in the received external medication. Together with the document ID and the contact date real, this forms the foreign key to the document received dispense intervention note table.","administrative/non-clinical (comment fields, billing/coverage/referral/etc.)",False,False
DOCS_RCVD_INTVN_NOTE,This table extracts the dispense intervention note associated with a particular dispense.,VALUE_LINE,INTEGER,False,False,The line number of one of the multiple note lines associated with the document received and a dispense intervention from the document received dispense intervention table.,"administrative/non-clinical (comment fields, billing/coverage/referral/etc.)",False,False
DOCS_RCVD_INTVN_NOTE,This table extracts the dispense intervention note associated with a particular dispense.,CONTACT_DATE,DATETIME,False,False,The date of this contact in calendar format.,"administrative/non-clinical (comment fields, billing/coverage/referral/etc.)",True,False
DOCS_RCVD_NOTE_SECTIONS,Stores note section data received.,DOCUMENT_ID,NUMERIC,False,False,The unique identifier (.1 item) for the document record.,"administrative/non-clinical (comment fields, billing/coverage/referral/etc.)",False,False
DOCS_RCVD_NOTE_SECTIONS,Stores note section data received.,CONTACT_DATE_REAL,FLOAT,False,False,"A unique contact date in decimal format. The integer portion of the number indicates the date of contact. The digits after the decimal distinguish different contacts on the same date and are unique for each contact on that date. For example, .00 is the first/only contact, .01 is the second contact, etc.","administrative/non-clinical (comment fields, billing/coverage/referral/etc.)",False,False
DOCS_RCVD_NOTE_SECTIONS,Stores note section data received.,LINE,INTEGER,False,False,The line number for the information associated with this contact. Multiple pieces of information can be associated with this contact.,"administrative/non-clinical (comment fields, billing/coverage/referral/etc.)",False,False
DOCS_RCVD_NOTE_SECTIONS,Stores note section data received.,CONTACT_DATE,DATETIME,False,False,The date of this contact in calendar format.,"administrative/non-clinical (comment fields, billing/coverage/referral/etc.)",True,False
DOCS_RCVD_NOTE_SECTIONS,Stores note section data received.,NOTE_SECTION_IDENTIFIER,VARCHAR,False,False,Stores unique identifier for the note section we received,"administrative/non-clinical (comment fields, billing/coverage/referral/etc.)",False,False
DOCS_RCVD_NOTE_SECTIONS,Stores note section data received.,NOTE_SECTION_TYPE,VARCHAR,False,False,Stores LOINC code for the section type,"administrative/non-clinical (comment fields, billing/coverage/referral/etc.)",False,False
DOCS_RCVD_NOTE_SECTIONS,Stores note section data received.,NOTE_SECTION_NOTE_ID,VARCHAR,False,False,HNO ID where the note text is saved,"administrative/non-clinical (comment fields, billing/coverage/referral/etc.)",False,False
DOCS_RCVD_NOTE_SECTIONS,Stores note section data received.,CONTACT_SERIAL_NUM,NUMERIC,False,False,The contact serial number (CSN) of the contact.,"administrative/non-clinical (comment fields, billing/coverage/referral/etc.)",False,False
DOCS_RCVD_NOTE_SECTIONS,Stores note section data received.,NOTE_SECTION_LENGTH,INTEGER,False,False,This item stores total number of characters in the note section.,"administrative/non-clinical (comment fields, billing/coverage/referral/etc.)",False,False
DOCS_RCVD_NOTE_SECTIONS,Stores note section data received.,HUMAN_REVIEWED_YN,VARCHAR,False,False,"Flag to say if a note section was reviewed by a human before being sent to Epic, or if it was purely auto-generated.","administrative/non-clinical (comment fields, billing/coverage/referral/etc.)",False,False
DOCS_RCVD_PCCNOTE,This table stores discrete information for patient care coordination notes received from outside sources.,DOCUMENT_ID,NUMERIC,False,False,This item stores the Received Document record ID.,"administrative/non-clinical (comment fields, billing/coverage/referral/etc.)",False,False
DOCS_RCVD_PCCNOTE,This table stores discrete information for patient care coordination notes received from outside sources.,CONTACT_DATE_REAL,FLOAT,False,False,"A unique contact date in decimal format. The integer portion of the number indicates the date of contact. The digits after the decimal distinguish different contacts on the same date and are unique for each contact on that date. For example, .00 is the first/only contact, .01 is the second contact, etc.","administrative/non-clinical (comment fields, billing/coverage/referral/etc.)",False,False
DOCS_RCVD_PCCNOTE,This table stores discrete information for patient care coordination notes received from outside sources.,LINE,INTEGER,False,False,The line number for the information associated with this contact. Multiple pieces of information can be associated with this contact.,"administrative/non-clinical (comment fields, billing/coverage/referral/etc.)",False,False
DOCS_RCVD_PCCNOTE,This table stores discrete information for patient care coordination notes received from outside sources.,CONTACT_DATE,DATETIME,False,False,The date of this contact in calendar format.,"administrative/non-clinical (comment fields, billing/coverage/referral/etc.)",True,False
DOCS_RCVD_PCCNOTE,This table stores discrete information for patient care coordination notes received from outside sources.,PCCNOTE_REF_ID,VARCHAR,False,False,This item stores the unique reference identifier associated with the care coordination note.,"administrative/non-clinical (comment fields, billing/coverage/referral/etc.)",False,False
DOCS_RCVD_PCCNOTE,This table stores discrete information for patient care coordination notes received from outside sources.,PCCNOTE_SIGNED_INST_DTTM,DATETIME (Local),False,False,This item stores the instant when the patient care coordination note was signed.,"administrative/non-clinical (comment fields, billing/coverage/referral/etc.)",True,False
DOCS_RCVD_PCCNOTE,This table stores discrete information for patient care coordination notes received from outside sources.,PCCNOTE_AUTHOR,VARCHAR,False,False,This item stores the author's name of the patient care coordination note.,"administrative/non-clinical (comment fields, billing/coverage/referral/etc.)",False,False
DOCS_RCVD_PCCNOTE,This table stores discrete information for patient care coordination notes received from outside sources.,PCCNOTE_ID,VARCHAR,False,False,This item stores the identifier of the Notes (HNO) record that stores the patient care coordination note.,"administrative/non-clinical (comment fields, billing/coverage/referral/etc.)",False,False
DOCS_RCVD_PCCNOTE,This table stores discrete information for patient care coordination notes received from outside sources.,PCCNOTE_SRC_CSN,NUMERIC,False,False,This item stores the contact serial number (CSN) of the Document Received record that owns the instance of this patient care coordination note.,"administrative/non-clinical (comment fields, billing/coverage/referral/etc.)",False,False
DOCS_RCVD_PCCNOTE,This table stores discrete information for patient care coordination notes received from outside sources.,PCC_LST_UPD_INST_DTTM,DATETIME (UTC),False,False,Stores the last update instant of a Patient Care Coordination note in UTC.,"administrative/non-clinical (comment fields, billing/coverage/referral/etc.)",True,False
DOCS_RCVD_RSLTS_ADDENDUM,This table stores discrete result addendum information received from outside sources.,DOCUMENT_ID,NUMERIC,False,False,This item stores the Received Document record ID.,"administrative/non-clinical (comment fields, billing/coverage/referral/etc.)",False,False
DOCS_RCVD_RSLTS_ADDENDUM,This table stores discrete result addendum information received from outside sources.,CONTACT_DATE_REAL,FLOAT,False,False,"A unique contact date in decimal format. The integer portion of the number indicates the date of contact. The digits after the decimal distinguish different contacts on the same date and are unique for each contact on that date. For example, .00 is the first/only contact, .01 is the second contact, etc.","administrative/non-clinical (comment fields, billing/coverage/referral/etc.)",False,False
DOCS_RCVD_RSLTS_ADDENDUM,This table stores discrete result addendum information received from outside sources.,LINE,INTEGER,False,False,The line number for the information associated with this contact. Multiple pieces of information can be associated with this contact.,"administrative/non-clinical (comment fields, billing/coverage/referral/etc.)",False,False
DOCS_RCVD_RSLTS_ADDENDUM,This table stores discrete result addendum information received from outside sources.,CONTACT_DATE,DATETIME,False,False,The date of this contact in calendar format.,"administrative/non-clinical (comment fields, billing/coverage/referral/etc.)",True,False
DOCS_RCVD_RSLTS_ADDENDUM,This table stores discrete result addendum information received from outside sources.,RSLT_ADDEND_REFID,VARCHAR,False,False,This item stores the reference ID of the result that this addendum belongs to.,"administrative/non-clinical (comment fields, billing/coverage/referral/etc.)",False,False
DOCS_RCVD_RSLTS_ADDENDUM,This table stores discrete result addendum information received from outside sources.,RSLT_ADDEND_NOTE_ID,VARCHAR,False,False,This item stores the ID of the note record (HNO) that contains the text of the addendum.,"administrative/non-clinical (comment fields, billing/coverage/referral/etc.)",False,False
DOCS_RCVD_RSLTS_ADDENDUM,This table stores discrete result addendum information received from outside sources.,RSLT_ADDEND_INS_UTC_DTTM,DATETIME (UTC),False,False,This item stores the instant when this addendum is documented.,"administrative/non-clinical (comment fields, billing/coverage/referral/etc.)",True,False
DOCUMENT_SIG_DATA,Contains data about the signatures collected for an electronic signature document.,DOCUMENT_ID,VARCHAR,False,False,The unique identifier for the document record.,other note/document-adjacent,False,False
DOCUMENT_SIG_DATA,Contains data about the signatures collected for an electronic signature document.,LINE,INTEGER,False,False,The line number for the information associated with this record. Multiple pieces of information can be associated with this record.,other note/document-adjacent,False,False
DOCUMENT_SIG_DATA,Contains data about the signatures collected for an electronic signature document.,SIG_IMAGE_FILE,VARCHAR,False,False,Stores the key of a signature image file for a e-signature document.,other note/document-adjacent,False,False
DOCUMENT_SIG_DATA,Contains data about the signatures collected for an electronic signature document.,SIGNATURE_NAME,VARCHAR,False,False,Stores the name of the signature from the signature template record for the signature collected in this field.,other note/document-adjacent,False,False
DOCUMENT_SIG_DATA,Contains data about the signatures collected for an electronic signature document.,SIG_TIMESTAMP_DTTM,DATETIME,False,False,Stores the date and time that this signature was collected.,other note/document-adjacent,True,False
DOCUMENT_SIG_DATA,Contains data about the signatures collected for an electronic signature document.,AUTH_USER_ID,VARCHAR,False,False,The unique ID of the Hyperspace user who has signed the corresponding document signature.,other note/document-adjacent,False,False
DOCUMENT_SIG_DATA,Contains data about the signatures collected for an electronic signature document.,AUTH_USER_ID_NAME,VARCHAR,False,False,The name of the user record. This name may be hidden.,other note/document-adjacent,False,False
DOCUMENT_SIG_DATA,Contains data about the signatures collected for an electronic signature document.,AUTH_MYPT_ID,VARCHAR,False,False,The unique ID of the patient portal (MyChart) user who has signed the corresponding document signature.,other note/document-adjacent,False,False
DOCUMENT_SIG_DATA,Contains data about the signatures collected for an electronic signature document.,SIGNATURE_HIDDEN_YN,VARCHAR,False,False,Whether the signature field is hidden on the document.,other note/document-adjacent,False,False
DOCUMENT_SMARTFORM_LIST,Contains the SmartForm records for a given document.,DOCUMENT_ID,VARCHAR,False,False,The unique identifier (.1 item) for the document record.,smart-tool usage (SmartText/SmartForm/SmartBlock),False,False
DOCUMENT_SMARTFORM_LIST,Contains the SmartForm records for a given document.,LINE,INTEGER,False,False,The line number for the information associated with this record. Multiple pieces of information can be associated with this record.,smart-tool usage (SmartText/SmartForm/SmartBlock),False,False
DOCUMENT_SMARTFORM_LIST,Contains the SmartForm records for a given document.,DOCUMENT_SMARTFORM,VARCHAR,False,False,Stores a SmartForm record ID for the given document.,smart-tool usage (SmartText/SmartForm/SmartBlock),False,False
DOCUMENT_STAMPS,This table contains information about stamps added to scanned documents.,DOCUMENT_ID,VARCHAR,False,False,The unique identifier (.1 item) for the document record.,other note/document-adjacent,False,False
DOCUMENT_STAMPS,This table contains information about stamps added to scanned documents.,LINE,INTEGER,False,False,The line number for the information associated with this record. Multiple pieces of information can be associated with this record.,other note/document-adjacent,False,False
DOCUMENT_STAMPS,This table contains information about stamps added to scanned documents.,STAMP_TEXT,VARCHAR,False,False,Contains stamps that have been added to this document.,other note/document-adjacent,False,False
DOCUMENT_STAMPS,This table contains information about stamps added to scanned documents.,STAMP_TYPE_C_NAME,VARCHAR,True,False,Contains types of stamps that have been added to this document.,other note/document-adjacent,False,False
DOCUMENT_STAMPS,This table contains information about stamps added to scanned documents.,STAMP_ADD_USER_ID,VARCHAR,False,False,The user who added a stamp to the document.,other note/document-adjacent,False,False
DOCUMENT_STAMPS,This table contains information about stamps added to scanned documents.,STAMP_ADD_USER_ID_NAME,VARCHAR,False,False,The name of the user record. This name may be hidden.,other note/document-adjacent,False,False
DOCUMENT_STAMPS,This table contains information about stamps added to scanned documents.,STAMP_ADDED_UTC_DTTM,DATETIME (UTC),False,False,The instant a stamp was added to the document.,other note/document-adjacent,True,False
DP_COMM_MEMO_NOTE,"This table contains the Free Text Note(HNO) IDs of communications sent to a service through the Continued Care and Services Coordination workflow, along with the patient CSN, patient ID, and contact date of the associated encounter. There is one line per communication sent.",PAT_ENC_CSN_ID,NUMERIC,False,False,"The unique contact serial number for this contact. This number is unique across all patient encounters in your system. If you use IntraConnect, this is the Unique Contact Identifier (UCI).","administrative/non-clinical (comment fields, billing/coverage/referral/etc.)",False,False
DP_COMM_MEMO_NOTE,"This table contains the Free Text Note(HNO) IDs of communications sent to a service through the Continued Care and Services Coordination workflow, along with the patient CSN, patient ID, and contact date of the associated encounter. There is one line per communication sent.",GROUP_LINE,INTEGER,False,False,"The line number of the associated post-acute service provider in the patient encounter considered for the patient's post-acute care. Together with the PAT_ENC_CSN_ID column, this forms the foreign key to the DP_FACILITY table.","administrative/non-clinical (comment fields, billing/coverage/referral/etc.)",False,False
DP_COMM_MEMO_NOTE,"This table contains the Free Text Note(HNO) IDs of communications sent to a service through the Continued Care and Services Coordination workflow, along with the patient CSN, patient ID, and contact date of the associated encounter. There is one line per communication sent.",VALUE_LINE,INTEGER,False,False,The line number of one of the multiple communications sent from the Continued Care and Services Coordination navigator section that are associated with the patient encounter and post-acute facility from the DP_FACILITY table.,"administrative/non-clinical (comment fields, billing/coverage/referral/etc.)",False,False
DP_COMM_MEMO_NOTE,"This table contains the Free Text Note(HNO) IDs of communications sent to a service through the Continued Care and Services Coordination workflow, along with the patient CSN, patient ID, and contact date of the associated encounter. There is one line per communication sent.",PAT_ID,VARCHAR,False,False,The unique ID of the patient record for this row. This column is frequently used to link to the PATIENT table.,"administrative/non-clinical (comment fields, billing/coverage/referral/etc.)",False,False
DP_COMM_MEMO_NOTE,"This table contains the Free Text Note(HNO) IDs of communications sent to a service through the Continued Care and Services Coordination workflow, along with the patient CSN, patient ID, and contact date of the associated encounter. There is one line per communication sent.",CONTACT_DATE,DATETIME,False,False,The date of this contact in calendar format.,"administrative/non-clinical (comment fields, billing/coverage/referral/etc.)",True,False
DP_COMM_MEMO_NOTE,"This table contains the Free Text Note(HNO) IDs of communications sent to a service through the Continued Care and Services Coordination workflow, along with the patient CSN, patient ID, and contact date of the associated encounter. There is one line per communication sent.",CM_CT_OWNER_ID,VARCHAR,False,False,The Community ID (CID) of the instance that owns this contact. This is only populated if you use IntraConnect.,"administrative/non-clinical (comment fields, billing/coverage/referral/etc.)",False,False
DP_COMM_MEMO_NOTE,"This table contains the Free Text Note(HNO) IDs of communications sent to a service through the Continued Care and Services Coordination workflow, along with the patient CSN, patient ID, and contact date of the associated encounter. There is one line per communication sent.",COMM_MEMO_NOTE_ID,VARCHAR,False,False,This column is the note ID of a note containing user comments about the related communication sent to the service provider.,"administrative/non-clinical (comment fields, billing/coverage/referral/etc.)",False,False
DP_SVC_COORD_NOTE,"Coordination notes from the Services to Coordinate section of the current patient encounter--used to leave care coordination notes specific to this patient to a user, or to other users coordinating care for the patient.",PAT_ENC_CSN_ID,NUMERIC,False,False,"The unique contact serial number for this contact. This number is unique across all patient encounters in your system. If you use IntraConnect, this is the Unique Contact Identifier (UCI).","administrative/non-clinical (comment fields, billing/coverage/referral/etc.)",False,False
DP_SVC_COORD_NOTE,"Coordination notes from the Services to Coordinate section of the current patient encounter--used to leave care coordination notes specific to this patient to a user, or to other users coordinating care for the patient.",LINE,INTEGER,False,False,The line number for the information associated with this contact. Multiple pieces of information can be associated with this contact.,"administrative/non-clinical (comment fields, billing/coverage/referral/etc.)",False,False
DP_SVC_COORD_NOTE,"Coordination notes from the Services to Coordinate section of the current patient encounter--used to leave care coordination notes specific to this patient to a user, or to other users coordinating care for the patient.",PAT_ID,VARCHAR,False,False,The unique ID of the patient record for this row. This column is frequently used to link to the PATIENT table.,"administrative/non-clinical (comment fields, billing/coverage/referral/etc.)",False,False
DP_SVC_COORD_NOTE,"Coordination notes from the Services to Coordinate section of the current patient encounter--used to leave care coordination notes specific to this patient to a user, or to other users coordinating care for the patient.",CONTACT_DATE,DATETIME,False,False,The date of this contact in calendar format.,"administrative/non-clinical (comment fields, billing/coverage/referral/etc.)",True,False
DP_SVC_COORD_NOTE,"Coordination notes from the Services to Coordinate section of the current patient encounter--used to leave care coordination notes specific to this patient to a user, or to other users coordinating care for the patient.",CM_CT_OWNER_ID,VARCHAR,False,False,The Community ID (CID) of the instance that owns this contact. This is only populated if you use IntraConnect.,"administrative/non-clinical (comment fields, billing/coverage/referral/etc.)",False,False
DP_SVC_COORD_NOTE,"Coordination notes from the Services to Coordinate section of the current patient encounter--used to leave care coordination notes specific to this patient to a user, or to other users coordinating care for the patient.",COORD_NOTE_ID,VARCHAR,False,False,Contains the HNO (unified clinical notes master file) IDs of any coordination notes that have been created for the current patient encounter. Coordination notes exist to document any additional context surrounding current service coordination plans that cannot be documented in the plan itself.,"administrative/non-clinical (comment fields, billing/coverage/referral/etc.)",False,False
DP_SVC_COORD_NOTE,"Coordination notes from the Services to Coordinate section of the current patient encounter--used to leave care coordination notes specific to this patient to a user, or to other users coordinating care for the patient.",NOTE_IS_PINNED_YN,VARCHAR,False,False,"Matches with an HNO ID stored in I EPT 97118, and documents if that coordination note is ""pinned."" Pinned coordination notes will show up in the Services to Coordinate navigator section, and any users accessing that patient's chart will be able to see that note during service coordination.","administrative/non-clinical (comment fields, billing/coverage/referral/etc.)",False,False
EMBRYOLOGY_DOCUMENTS,Table for the documents associated with embryology results.,RESULT_ID,VARCHAR,False,False,The unique identifier (.1 item) for the result record.,"administrative/non-clinical (comment fields, billing/coverage/referral/etc.)",False,False
EMBRYOLOGY_DOCUMENTS,Table for the documents associated with embryology results.,LINE,INTEGER,False,False,The line number for the information associated with this record. Multiple pieces of information can be associated with this record.,"administrative/non-clinical (comment fields, billing/coverage/referral/etc.)",False,False
EMBRYOLOGY_DOCUMENTS,Table for the documents associated with embryology results.,EMBRYOLOGY_DOCUMENT_ID,VARCHAR,False,False,This item contains a list of document (DCS) records linked to this specimen.,"administrative/non-clinical (comment fields, billing/coverage/referral/etc.)",False,False
ENC_DX_ASSOC_AMBIENT_DX,This table contains the unique IDs of diagnoses provided by Ambient that were finalized to Visit Diagnoses on the encounter.,PAT_ENC_CSN_ID,NUMERIC,False,False,"The unique contact serial number for this contact. This number is unique across all patient encounters in your system. If you use IntraConnect, this is the Unique Contact Identifier (UCI).",ambient/AI-scribe (Epic-native — directly Suki-comparable),False,False
ENC_DX_ASSOC_AMBIENT_DX,This table contains the unique IDs of diagnoses provided by Ambient that were finalized to Visit Diagnoses on the encounter.,GROUP_LINE,INTEGER,False,False,The line number for the information associated with this contact.,ambient/AI-scribe (Epic-native — directly Suki-comparable),False,False
ENC_DX_ASSOC_AMBIENT_DX,This table contains the unique IDs of diagnoses provided by Ambient that were finalized to Visit Diagnoses on the encounter.,VALUE_LINE,INTEGER,False,False,The line number of one of the multiple values associated with a specific group of data within this contact.,ambient/AI-scribe (Epic-native — directly Suki-comparable),False,False
ENC_DX_ASSOC_AMBIENT_DX,This table contains the unique IDs of diagnoses provided by Ambient that were finalized to Visit Diagnoses on the encounter.,PAT_ID,VARCHAR,False,False,The unique ID of the patient record for this row. This column is frequently used to link to the PATIENT table.,ambient/AI-scribe (Epic-native — directly Suki-comparable),False,False
ENC_DX_ASSOC_AMBIENT_DX,This table contains the unique IDs of diagnoses provided by Ambient that were finalized to Visit Diagnoses on the encounter.,CONTACT_DATE,DATETIME,False,False,The date of this contact in calendar format.,ambient/AI-scribe (Epic-native — directly Suki-comparable),True,False
ENC_DX_ASSOC_AMBIENT_DX,This table contains the unique IDs of diagnoses provided by Ambient that were finalized to Visit Diagnoses on the encounter.,CM_CT_OWNER_ID,VARCHAR,False,False,The Community ID (CID) of the instance that owns this contact. This is only populated if you use IntraConnect.,ambient/AI-scribe (Epic-native — directly Suki-comparable),False,False
ENC_DX_ASSOC_AMBIENT_DX,This table contains the unique IDs of diagnoses provided by Ambient that were finalized to Visit Diagnoses on the encounter.,DX_ASSOC_AMBIENT_DX,VARCHAR,False,False,The unique ID of an Ambient diagnosis that was finalized to Visit Diagnoses.,ambient/AI-scribe (Epic-native — directly Suki-comparable),False,False
EPRESCRIBE_ERROR_ACTIONS,This table holds information about e-prescribing error resolution triggered before the May 23 version. E-prescribing error resolution on or after the upgrade to the May 23 version will be stored to ERX_EVENT table instead.,ORDER_ID,NUMERIC,False,False,The unique identifier for the referral record.,"administrative/non-clinical (comment fields, billing/coverage/referral/etc.)",False,False
EPRESCRIBE_ERROR_ACTIONS,This table holds information about e-prescribing error resolution triggered before the May 23 version. E-prescribing error resolution on or after the upgrade to the May 23 version will be stored to ERX_EVENT table instead.,LINE,INTEGER,False,False,The line number for the information associated with this record. Multiple pieces of information can be associated with this record.,"administrative/non-clinical (comment fields, billing/coverage/referral/etc.)",False,False
EPRESCRIBE_ERROR_ACTIONS,This table holds information about e-prescribing error resolution triggered before the May 23 version. E-prescribing error resolution on or after the upgrade to the May 23 version will be stored to ERX_EVENT table instead.,RESOLVING_ACTION_C_NAME,VARCHAR,False,False,This item indicates how an e-prescribing error was resolved.,"administrative/non-clinical (comment fields, billing/coverage/referral/etc.)",False,False
EPRESCRIBE_ERROR_ACTIONS,This table holds information about e-prescribing error resolution triggered before the May 23 version. E-prescribing error resolution on or after the upgrade to the May 23 version will be stored to ERX_EVENT table instead.,RESOLVING_USER_ID,VARCHAR,False,False,This item indicates which user resolved an e-prescribing error.,"administrative/non-clinical (comment fields, billing/coverage/referral/etc.)",False,False
EPRESCRIBE_ERROR_ACTIONS,This table holds information about e-prescribing error resolution triggered before the May 23 version. E-prescribing error resolution on or after the upgrade to the May 23 version will be stored to ERX_EVENT table instead.,RESOLVING_USER_ID_NAME,VARCHAR,False,False,The name of the user record. This name may be hidden.,"administrative/non-clinical (comment fields, billing/coverage/referral/etc.)",False,False
EPRESCRIBE_ERROR_ACTIONS,This table holds information about e-prescribing error resolution triggered before the May 23 version. E-prescribing error resolution on or after the upgrade to the May 23 version will be stored to ERX_EVENT table instead.,RESOLVED_UTC_DTTM,DATETIME (UTC),False,False,This item indicates when an e-prescribing error was resolved.,"administrative/non-clinical (comment fields, billing/coverage/referral/etc.)",True,False
FIN_ASST_CASE_DOCUMENTS,The documents associated with a Financial Assistance Case.,FIN_ASST_CASE_ID,NUMERIC,False,False,The unique identifier (.1 item) for the case record.,"administrative/non-clinical (comment fields, billing/coverage/referral/etc.)",False,False
FIN_ASST_CASE_DOCUMENTS,The documents associated with a Financial Assistance Case.,LINE,INTEGER,False,False,The line number for the information associated with this record. Multiple pieces of information can be associated with this record.,"administrative/non-clinical (comment fields, billing/coverage/referral/etc.)",False,False
FIN_ASST_CASE_DOCUMENTS,The documents associated with a Financial Assistance Case.,DOCUMENT_ID,VARCHAR,False,False,The unique ID of the document associated with a Financial Assistance Case.,"administrative/non-clinical (comment fields, billing/coverage/referral/etc.)",False,False
FIN_ASST_CASE_SMARTFORM,This table stores the SmartForm used in a financial assistance case record.,FIN_ASST_CASE_ID,NUMERIC,False,False,The unique identifier for the case record.,"administrative/non-clinical (comment fields, billing/coverage/referral/etc.)",False,False
FIN_ASST_CASE_SMARTFORM,This table stores the SmartForm used in a financial assistance case record.,LINE,INTEGER,False,False,The line number for the information associated with this record. Multiple pieces of information can be associated with this record.,"administrative/non-clinical (comment fields, billing/coverage/referral/etc.)",False,False
FIN_ASST_CASE_SMARTFORM,This table stores the SmartForm used in a financial assistance case record.,SMARTFORM_ID,VARCHAR,False,False,This item stores the smartforms used in a financial assistance case record.,"administrative/non-clinical (comment fields, billing/coverage/referral/etc.)",False,False
FIN_ASST_CASE_SMARTFORM,This table stores the SmartForm used in a financial assistance case record.,SMARTFORM_VER,VARCHAR,False,False,This item stores the version of the smartform used for the case.,"administrative/non-clinical (comment fields, billing/coverage/referral/etc.)",False,False
FIN_ASST_NOTE,This table contains information about notes added to financial assistance tracker records.,NOTE_ID,VARCHAR,False,False,The unique identifier for the note record.,"administrative/non-clinical (comment fields, billing/coverage/referral/etc.)",False,False
FIN_ASST_NOTE,This table contains information about notes added to financial assistance tracker records.,HNO_RECORD_TYPE_C_NAME,VARCHAR,False,False,Record type.,"administrative/non-clinical (comment fields, billing/coverage/referral/etc.)",False,False
FIN_ASST_NOTE,This table contains information about notes added to financial assistance tracker records.,ENTRY_PERSON_USER_ID,VARCHAR,False,False,Note Entry Person,"administrative/non-clinical (comment fields, billing/coverage/referral/etc.)",False,False
FIN_ASST_NOTE,This table contains information about notes added to financial assistance tracker records.,ENTRY_PERSON_USER_ID_NAME,VARCHAR,False,False,The name of the user record. This name may be hidden.,"administrative/non-clinical (comment fields, billing/coverage/referral/etc.)",False,False
FIN_ASST_NOTE,This table contains information about notes added to financial assistance tracker records.,ENTRY_DATE,DATETIME,False,False,The date on which this note was created.,"administrative/non-clinical (comment fields, billing/coverage/referral/etc.)",True,False
FIN_ASST_NOTE,This table contains information about notes added to financial assistance tracker records.,ACCT_NOTE_INSTANT_DTTM,DATETIME (Local),False,False,The instant in which this note was created.,"administrative/non-clinical (comment fields, billing/coverage/referral/etc.)",True,False
FIN_ASST_NOTE,This table contains information about notes added to financial assistance tracker records.,ACCT_NOTE_SUMMARY,VARCHAR,False,False,A brief summary of the content of this note to aid in note identification.,"administrative/non-clinical (comment fields, billing/coverage/referral/etc.)",False,False
FIN_ASST_NOTE,This table contains information about notes added to financial assistance tracker records.,SYSTEM_GEN_YN,VARCHAR,False,False,Denotes whether a financial assistance note was generated automatically by the system.,"administrative/non-clinical (comment fields, billing/coverage/referral/etc.)",False,False
FIN_ASST_NOTE,This table contains information about notes added to financial assistance tracker records.,FIN_ASST_CASE_ID,NUMERIC,False,False,This item stores the internal ID of the financial assistance case record this note is linked to.,"administrative/non-clinical (comment fields, billing/coverage/referral/etc.)",False,False
FLOWSHT_NOTE_AUDIT,The audit trail of the notes that are linked to flowsheet data.,FSD_ID,VARCHAR,False,False,The flowsheet data ID.,other note/document-adjacent,False,False
FLOWSHT_NOTE_AUDIT,The audit trail of the notes that are linked to flowsheet data.,GROUP_LINE,INTEGER,False,False,The line number of the flowsheet data record that corresponds to this specific data.,other note/document-adjacent,False,False
FLOWSHT_NOTE_AUDIT,The audit trail of the notes that are linked to flowsheet data.,VALUE_LINE,INTEGER,False,False,The value line of the flowsheet notes item.,other note/document-adjacent,False,False
FLOWSHT_NOTE_AUDIT,The audit trail of the notes that are linked to flowsheet data.,AUDIT_LINKD_NOTE_ID,VARCHAR,False,False,Stores the edited linked notes information. Stores the note record ID's of notes that are associated with this data through the flowsheet notes functionality.,other note/document-adjacent,False,False
FLO_INST_COSIGNED,This table displays times that cosigners cosigned the flowsheet data.,FSD_ID,VARCHAR,False,False,The unique ID for the flowsheet data record.,signature/cosign/attestation,False,False
FLO_INST_COSIGNED,This table displays times that cosigners cosigned the flowsheet data.,GROUP_LINE,INTEGER,False,False,The line number for the information associated with this record.,signature/cosign/attestation,False,False
FLO_INST_COSIGNED,This table displays times that cosigners cosigned the flowsheet data.,VALUE_LINE,INTEGER,False,False,The line number of one of the multiple values associated with a specific group of data within this record.,signature/cosign/attestation,False,False
FLO_INST_COSIGNED,This table displays times that cosigners cosigned the flowsheet data.,INSTANT_COSIGNED_TM,DATETIME (Local),False,False,This item stores the instant that the co-signer co-signed the data.,signature/cosign/attestation,True,False
FLO_USER_COSIGNED,Users that were either requested to cosign the data or did cosign the data.,FSD_ID,VARCHAR,False,False,The flowsheet data ID that this data corresponds to.,signature/cosign/attestation,False,False
FLO_USER_COSIGNED,Users that were either requested to cosign the data or did cosign the data.,GROUP_LINE,INTEGER,False,False,The line number for the information associated with this record.,signature/cosign/attestation,False,False
FLO_USER_COSIGNED,Users that were either requested to cosign the data or did cosign the data.,VALUE_LINE,INTEGER,False,False,The line number of one of the multiple values associated with a specific group of data within this record.,signature/cosign/attestation,False,False
FLO_USER_COSIGNED,Users that were either requested to cosign the data or did cosign the data.,USER_COSIGNED_ID,VARCHAR,False,False,This item stores the networked user id of the user that cosigned the entered data. Multiple people could co-sign the same data.,signature/cosign/attestation,False,False
FLO_USER_COSIGNED,Users that were either requested to cosign the data or did cosign the data.,USER_COSIGNED_ID_NAME,VARCHAR,False,False,The name of the user record. This name may be hidden.,signature/cosign/attestation,False,False
HNO_ABN_ORD_REASON,The order reasons on the Advance Beneficiary Notice (ABN) form for why the order failed medical necessity checks.,NOTE_ID,VARCHAR,False,False,The unique ID of the note (HNO) record that contains the Advance Beneficiary Notice (ABN) information.,core note lifecycle,False,False
HNO_ABN_ORD_REASON,The order reasons on the Advance Beneficiary Notice (ABN) form for why the order failed medical necessity checks.,LINE,INTEGER,False,False,The line number for the information associated with this record. Multiple pieces of information can be associated with this record.,core note lifecycle,False,False
HNO_ABN_ORD_REASON,The order reasons on the Advance Beneficiary Notice (ABN) form for why the order failed medical necessity checks.,ABN_ORD_REASONS,VARCHAR,False,False,The order reasons listed on the ABN form for the procedures that failed medical necessity checks,core note lifecycle,False,False
HNO_ABN_PROCEDURES,This table contains the procedures listed on the Advance Beneficiary Notice (ABN) form.,NOTE_ID,VARCHAR,False,False,The unique ID of the note (HNO) record that contains the Advance Beneficiary Notice (ABN) information.,core note lifecycle,False,False
HNO_ABN_PROCEDURES,This table contains the procedures listed on the Advance Beneficiary Notice (ABN) form.,LINE,INTEGER,False,False,The line number for the information associated with this record. Multiple pieces of information can be associated with this record.,core note lifecycle,False,False
HNO_ABN_PROCEDURES,This table contains the procedures listed on the Advance Beneficiary Notice (ABN) form.,ABN_PROCEDURE_ID_PROC_NAME,VARCHAR,False,False,The name of each procedure.,core note lifecycle,False,False
HNO_CONSULT_ORD_ID,This table contains the unique IDs of the consult orders that are attached to a note.,NOTE_CSN_ID,NUMERIC,False,False,The contact serial number (CSN) of the contact.,core note lifecycle,False,False
HNO_CONSULT_ORD_ID,This table contains the unique IDs of the consult orders that are attached to a note.,LINE,INTEGER,False,False,The line number for the information associated with this contact. Multiple pieces of information can be associated with this contact.,core note lifecycle,False,False
HNO_CONSULT_ORD_ID,This table contains the unique IDs of the consult orders that are attached to a note.,NOTE_ID,VARCHAR,False,False,The unique identifier for the note record.,core note lifecycle,False,False
HNO_CONSULT_ORD_ID,This table contains the unique IDs of the consult orders that are attached to a note.,CONTACT_DATE_REAL,FLOAT,False,False,"A unique contact date in decimal format. The integer portion of the number indicates the date of contact. The digits after the decimal distinguish different contacts on the same date and are unique for each contact on that date. For example, .00 is the first/only contact, .01 is the second contact, etc.",core note lifecycle,False,False
HNO_CONSULT_ORD_ID,This table contains the unique IDs of the consult orders that are attached to a note.,CONTACT_DATE,DATETIME,False,False,The date of this contact in calendar format.,core note lifecycle,True,False
HNO_CONSULT_ORD_ID,This table contains the unique IDs of the consult orders that are attached to a note.,CONSULT_ORDER_ID,NUMERIC,False,False,IDs of consult orders that are attached to the note.,core note lifecycle,False,False
HNO_ECG_DX,This table contains the diagnosis for Electrocardiograms (ECG/EKG) that have been stored on General Use Notes (HNO) records.,NOTE_CSN_ID,NUMERIC,False,False,The contact serial number (CSN) of the contact.,core note lifecycle,False,False
HNO_ECG_DX,This table contains the diagnosis for Electrocardiograms (ECG/EKG) that have been stored on General Use Notes (HNO) records.,LINE,INTEGER,False,False,The line number for the information associated with this contact. Multiple pieces of information can be associated with this contact.,core note lifecycle,False,False
HNO_ECG_DX,This table contains the diagnosis for Electrocardiograms (ECG/EKG) that have been stored on General Use Notes (HNO) records.,NOTE_ID,VARCHAR,False,False,The unique identifier for the note record.,core note lifecycle,False,False
HNO_ECG_DX,This table contains the diagnosis for Electrocardiograms (ECG/EKG) that have been stored on General Use Notes (HNO) records.,CONTACT_DATE,DATETIME,False,False,The date of this contact in calendar format.,core note lifecycle,True,False
HNO_ECG_DX,This table contains the diagnosis for Electrocardiograms (ECG/EKG) that have been stored on General Use Notes (HNO) records.,ECG_DX,VARCHAR,False,False,The diagnosis associated with the Electrocardiogram (ECG/EKG).,core note lifecycle,False,False
HNO_INFO,"This table contains common information from General Use Notes items. This table focuses on time-insensitive, once-per-record data while other HNO tables (e.g., NOTES_ACCT, CODING_CLA_NOTES) contain the data for different note types.",NOTE_ID,VARCHAR,False,False,The unique ID of the note record.,core note lifecycle,False,False
HNO_INFO,"This table contains common information from General Use Notes items. This table focuses on time-insensitive, once-per-record data while other HNO tables (e.g., NOTES_ACCT, CODING_CLA_NOTES) contain the data for different note types.",NOTE_TYPE_NOADD_C_NAME,VARCHAR,True,False,"Starting in November 2025 this column has the value for Note - Type No-Add (I HNO 51) to identify the type of note this record is for non clinical notes. For clinical notes, instead use the column IP_NOTE_TYPE_C in table HNO_INFO to get the UCN note type (I HNO 34033) value. Versions prior to November 2025 used the following logic: This virtual item (I HNO 17051) is populated with a category value from Note - Type No-Add (I HNO 51) according to the following logic: * if Note - Type No-Add (I HNO 51) is populated, use the value directly * if Note - Type No-Add (I HNO 51) is null and the note is not ambulatory, return null * if Note - Type No-Add (I HNO 51) is null and the note has an ambulatory encounter context, obtain a category from the UCN note type (I HNO 34033) and map that value to an equivalent category from Note - Type No Add (I HNO 51), if possible",core note lifecycle,False,False
HNO_INFO,"This table contains common information from General Use Notes items. This table focuses on time-insensitive, once-per-record data while other HNO tables (e.g., NOTES_ACCT, CODING_CLA_NOTES) contain the data for different note types.",PAT_ENC_CSN_ID,NUMERIC,False,False,The unique contact serial number for the patient encounter to which the note is attached. This number is unique across all patient encounters in your system. If you use IntraConnect this is the Unique Contact Identifier (UCI).,core note lifecycle,False,True
HNO_INFO,"This table contains common information from General Use Notes items. This table focuses on time-insensitive, once-per-record data while other HNO tables (e.g., NOTES_ACCT, CODING_CLA_NOTES) contain the data for different note types.",ENTRY_USER_ID,VARCHAR,False,False,The unique ID of the user who created this note. This column is frequently used to link to the CLARITY_EMP table.,core note lifecycle,False,True
HNO_INFO,"This table contains common information from General Use Notes items. This table focuses on time-insensitive, once-per-record data while other HNO tables (e.g., NOTES_ACCT, CODING_CLA_NOTES) contain the data for different note types.",ENTRY_USER_ID_NAME,VARCHAR,False,False,The name of the user record. This name may be hidden.,core note lifecycle,False,False
HNO_INFO,"This table contains common information from General Use Notes items. This table focuses on time-insensitive, once-per-record data while other HNO tables (e.g., NOTES_ACCT, CODING_CLA_NOTES) contain the data for different note types.",NOTE_DESC,VARCHAR,False,False,This is a free text description of the note.,core note lifecycle,False,False
HNO_INFO,"This table contains common information from General Use Notes items. This table focuses on time-insensitive, once-per-record data while other HNO tables (e.g., NOTES_ACCT, CODING_CLA_NOTES) contain the data for different note types.",IP_NOTE_TYPE_C_NAME,VARCHAR,True,False,The note type associated with this note.,core note lifecycle,False,False
HNO_INFO,"This table contains common information from General Use Notes items. This table focuses on time-insensitive, once-per-record data while other HNO tables (e.g., NOTES_ACCT, CODING_CLA_NOTES) contain the data for different note types.",ORIGINAL_HP_ID,VARCHAR,False,False,For View-Only H&P notes only - original note record identifier,core note lifecycle,False,False
HNO_INFO,"This table contains common information from General Use Notes items. This table focuses on time-insensitive, once-per-record data while other HNO tables (e.g., NOTES_ACCT, CODING_CLA_NOTES) contain the data for different note types.",ORIG_HP_DATE_REAL,NUMERIC,False,False,For View-Only H&P notes only - original note record contact,core note lifecycle,False,False
HNO_INFO,"This table contains common information from General Use Notes items. This table focuses on time-insensitive, once-per-record data while other HNO tables (e.g., NOTES_ACCT, CODING_CLA_NOTES) contain the data for different note types.",SOURCE_HP_ID,VARCHAR,False,False,For Interval H&P only - ID of H&P Note being modified by interval note,core note lifecycle,False,False
HNO_INFO,"This table contains common information from General Use Notes items. This table focuses on time-insensitive, once-per-record data while other HNO tables (e.g., NOTES_ACCT, CODING_CLA_NOTES) contain the data for different note types.",SOURCE_HP_DATE_REAL,NUMERIC,False,False,For Interval H&P only - contact of H&P Note being modified by interval note,core note lifecycle,False,False
HNO_INFO,"This table contains common information from General Use Notes items. This table focuses on time-insensitive, once-per-record data while other HNO tables (e.g., NOTES_ACCT, CODING_CLA_NOTES) contain the data for different note types.",ECG_TECHNICIAN_ID,VARCHAR,False,False,The Electrocardiogram/Spirometry Technician,core note lifecycle,False,False
HNO_INFO,"This table contains common information from General Use Notes items. This table focuses on time-insensitive, once-per-record data while other HNO tables (e.g., NOTES_ACCT, CODING_CLA_NOTES) contain the data for different note types.",PAT_LINK_ID,VARCHAR,False,False,"Virtual item that will check all HNO items linked to EPT and return the first EPT ID it finds. The items are checked in the following order: 505, 38970, 21001, 600 (which gives us an order, then we look at ord 210), 1605, 1643, 1640.",core note lifecycle,False,False
HNO_INFO,"This table contains common information from General Use Notes items. This table focuses on time-insensitive, once-per-record data while other HNO tables (e.g., NOTES_ACCT, CODING_CLA_NOTES) contain the data for different note types.",LETTER_SUMMARY,VARCHAR,False,False,The summary of the letter.,core note lifecycle,False,False
HNO_INFO,"This table contains common information from General Use Notes items. This table focuses on time-insensitive, once-per-record data while other HNO tables (e.g., NOTES_ACCT, CODING_CLA_NOTES) contain the data for different note types.",TX_IB_FOLDER_C_NAME,NUMERIC,True,False,Stores the Type of Message (I EOW 30) In Basket folder to be used by the Transcription interface to generate In Basket messages,core note lifecycle,False,False
HNO_INFO,"This table contains common information from General Use Notes items. This table focuses on time-insensitive, once-per-record data while other HNO tables (e.g., NOTES_ACCT, CODING_CLA_NOTES) contain the data for different note types.",CREATE_INSTANT_DTTM,DATETIME (UTC),False,False,The note's create instant.,core note lifecycle,True,True
HNO_INFO,"This table contains common information from General Use Notes items. This table focuses on time-insensitive, once-per-record data while other HNO tables (e.g., NOTES_ACCT, CODING_CLA_NOTES) contain the data for different note types.",UNSIGNED_YN,VARCHAR,False,False,A flag for if the note record is considered an unsigned note.,core note lifecycle,False,True
HNO_INFO,"This table contains common information from General Use Notes items. This table focuses on time-insensitive, once-per-record data while other HNO tables (e.g., NOTES_ACCT, CODING_CLA_NOTES) contain the data for different note types.",DELETE_INSTANT_DTTM,DATETIME (UTC),False,False,The instant when the note is deleted.,core note lifecycle,True,False
HNO_INFO,"This table contains common information from General Use Notes items. This table focuses on time-insensitive, once-per-record data while other HNO tables (e.g., NOTES_ACCT, CODING_CLA_NOTES) contain the data for different note types.",DELETE_USER_ID,VARCHAR,False,False,User who deleted the note,core note lifecycle,False,False
HNO_INFO,"This table contains common information from General Use Notes items. This table focuses on time-insensitive, once-per-record data while other HNO tables (e.g., NOTES_ACCT, CODING_CLA_NOTES) contain the data for different note types.",DELETE_USER_ID_NAME,VARCHAR,False,False,The name of the user record. This name may be hidden.,core note lifecycle,False,False
HNO_INFO,"This table contains common information from General Use Notes items. This table focuses on time-insensitive, once-per-record data while other HNO tables (e.g., NOTES_ACCT, CODING_CLA_NOTES) contain the data for different note types.",COSIGNED_NOTE_LINK,NUMERIC,False,False,Contains a contact serial number (CSN) that points to the resident's note being cosigned. Cosigning Note Link (I HNO 34158) is a link for the opposite direction.,core note lifecycle,False,False
HNO_INFO,"This table contains common information from General Use Notes items. This table focuses on time-insensitive, once-per-record data while other HNO tables (e.g., NOTES_ACCT, CODING_CLA_NOTES) contain the data for different note types.",DATE_OF_SERVIC_DTTM,DATETIME (UTC),False,False,The note's date of service.,core note lifecycle,True,False
HNO_INFO,"This table contains common information from General Use Notes items. This table focuses on time-insensitive, once-per-record data while other HNO tables (e.g., NOTES_ACCT, CODING_CLA_NOTES) contain the data for different note types.",SIGNED_NOTE_ID,VARCHAR,False,False,This item points to the ID of the signed note that this note is addending/editing/cosigning.,core note lifecycle,False,False
HNO_INFO,"This table contains common information from General Use Notes items. This table focuses on time-insensitive, once-per-record data while other HNO tables (e.g., NOTES_ACCT, CODING_CLA_NOTES) contain the data for different note types.",LST_FILED_INST_DTTM,DATETIME (UTC),False,False,The instant the note was last edited.,core note lifecycle,True,True
HNO_INFO,"This table contains common information from General Use Notes items. This table focuses on time-insensitive, once-per-record data while other HNO tables (e.g., NOTES_ACCT, CODING_CLA_NOTES) contain the data for different note types.",UPDATE_DATE,DATETIME (Local),False,False,The date and time when this row was created or last updated in Clarity.,core note lifecycle,True,False
HNO_INFO,"This table contains common information from General Use Notes items. This table focuses on time-insensitive, once-per-record data while other HNO tables (e.g., NOTES_ACCT, CODING_CLA_NOTES) contain the data for different note types.",CURRENT_AUTHOR_ID,VARCHAR,False,False,This item stores the current author of the note for indexing purposes.,core note lifecycle,False,False
HNO_INFO,"This table contains common information from General Use Notes items. This table focuses on time-insensitive, once-per-record data while other HNO tables (e.g., NOTES_ACCT, CODING_CLA_NOTES) contain the data for different note types.",CURRENT_AUTHOR_ID_NAME,VARCHAR,False,False,The name of the user record. This name may be hidden.,core note lifecycle,False,False
HNO_INFO,"This table contains common information from General Use Notes items. This table focuses on time-insensitive, once-per-record data while other HNO tables (e.g., NOTES_ACCT, CODING_CLA_NOTES) contain the data for different note types.",LETTER_TYPE_C_NAME,VARCHAR,True,False,Type of professional billing letter.,core note lifecycle,False,False
HNO_INFO,"This table contains common information from General Use Notes items. This table focuses on time-insensitive, once-per-record data while other HNO tables (e.g., NOTES_ACCT, CODING_CLA_NOTES) contain the data for different note types.",VISIT_NUM,VARCHAR,False,False,Professional billing visit number attached to this note.,core note lifecycle,False,False
HNO_INFO,"This table contains common information from General Use Notes items. This table focuses on time-insensitive, once-per-record data while other HNO tables (e.g., NOTES_ACCT, CODING_CLA_NOTES) contain the data for different note types.",CRT_INST_LOCAL_DTTM,DATETIME (Local),False,False,"This is a virtual item that gets the create instant (I HNO 17105), in local time format.",core note lifecycle,True,False
HNO_INFO,"This table contains common information from General Use Notes items. This table focuses on time-insensitive, once-per-record data while other HNO tables (e.g., NOTES_ACCT, CODING_CLA_NOTES) contain the data for different note types.",PRIORITY_YN,VARCHAR,False,False,"The priority of the note (Yes = High, No = Routine).",core note lifecycle,False,False
HNO_INFO,"This table contains common information from General Use Notes items. This table focuses on time-insensitive, once-per-record data while other HNO tables (e.g., NOTES_ACCT, CODING_CLA_NOTES) contain the data for different note types.",ACTIVE_FROM_DT,DATETIME,False,False,The date on which the note becomes active.,core note lifecycle,True,False
HNO_INFO,"This table contains common information from General Use Notes items. This table focuses on time-insensitive, once-per-record data while other HNO tables (e.g., NOTES_ACCT, CODING_CLA_NOTES) contain the data for different note types.",ACTIVE_TO_DT,DATETIME,False,False,The date after which the note becomes inactive.,core note lifecycle,True,False
HNO_INFO,"This table contains common information from General Use Notes items. This table focuses on time-insensitive, once-per-record data while other HNO tables (e.g., NOTES_ACCT, CODING_CLA_NOTES) contain the data for different note types.",TREAT_SUM_RLS_TO_MYC_YN,VARCHAR,False,False,Indicates whether a Treatment Summary is released to MyChart.,core note lifecycle,False,False
HNO_INFO,"This table contains common information from General Use Notes items. This table focuses on time-insensitive, once-per-record data while other HNO tables (e.g., NOTES_ACCT, CODING_CLA_NOTES) contain the data for different note types.",TREAT_SUM_RLS_TO_MYC_CSN,NUMERIC,False,False,"Stores the CSN of the Treatment Summary (HNO) that is released to MyChart. If you use IntraConnect, this column stores the Unique Contact Identifier (UCI).",core note lifecycle,False,False
HNO_INFO,"This table contains common information from General Use Notes items. This table focuses on time-insensitive, once-per-record data while other HNO tables (e.g., NOTES_ACCT, CODING_CLA_NOTES) contain the data for different note types.",COMMENT_USER_ID,VARCHAR,False,False,The unique ID of the last user to edit the internal comment in either the Continued Care and Services Coordination or Payer Communication workflows.,core note lifecycle,False,False
HNO_INFO,"This table contains common information from General Use Notes items. This table focuses on time-insensitive, once-per-record data while other HNO tables (e.g., NOTES_ACCT, CODING_CLA_NOTES) contain the data for different note types.",COMMENT_USER_ID_NAME,VARCHAR,False,False,The name of the user record. This name may be hidden.,core note lifecycle,False,False
HNO_INFO,"This table contains common information from General Use Notes items. This table focuses on time-insensitive, once-per-record data while other HNO tables (e.g., NOTES_ACCT, CODING_CLA_NOTES) contain the data for different note types.",COMMENT_EDIT_INST_DTTM,DATETIME (UTC),False,False,Instant the comment was last edited in either the Continued Care and Services Coordination or Payer Communication workflows. In UTC.,core note lifecycle,True,False
HNO_INFO,"This table contains common information from General Use Notes items. This table focuses on time-insensitive, once-per-record data while other HNO tables (e.g., NOTES_ACCT, CODING_CLA_NOTES) contain the data for different note types.",CONVERSATION_MSG_ID,VARCHAR,False,False,The record for the message that was also filed as a note. The text filed in the message and the quicknote will be the same and displaying one of these to the end user should be sufficient.,core note lifecycle,False,False
HNO_INFO_2,"This table contains common information from General Use Notes items. This table focuses on one time only data while other HNO tables (e.g., NOTES_ACCT, CODING_CLA_NOTES) contain the data for different note types.",NOTE_ID,VARCHAR,False,False,The note ID for the note record.,core note lifecycle,False,False
HNO_INFO_2,"This table contains common information from General Use Notes items. This table focuses on one time only data while other HNO tables (e.g., NOTES_ACCT, CODING_CLA_NOTES) contain the data for different note types.",RELEVANT_REC_EVENT_ID,VARCHAR,False,False,"Holds the Events (IEV) record which contains records marked relevant to the Note such as problems, allergies, lab results, etc.",core note lifecycle,False,False
HNO_INFO_2,"This table contains common information from General Use Notes items. This table focuses on one time only data while other HNO tables (e.g., NOTES_ACCT, CODING_CLA_NOTES) contain the data for different note types.",GROUP_NOTE_ID,VARCHAR,False,False,This item stores the group note ID for notes that are created in a group documentation context.,core note lifecycle,False,False
HNO_INFO_2,"This table contains common information from General Use Notes items. This table focuses on one time only data while other HNO tables (e.g., NOTES_ACCT, CODING_CLA_NOTES) contain the data for different note types.",LETTER_DEST_C_NAME,VARCHAR,False,False,The letter destination category ID for the note. This column is only populated if this row is for a Customer Relationship Management letter.,core note lifecycle,False,False
HNO_INFO_2,"This table contains common information from General Use Notes items. This table focuses on one time only data while other HNO tables (e.g., NOTES_ACCT, CODING_CLA_NOTES) contain the data for different note types.",LETTER_FINAL_UTC_DTTM,DATETIME (UTC),False,False,The instant the letter was finalized. This column is only populated if this row is for a Customer Relationship Management letter.,core note lifecycle,True,False
HNO_INFO_2,"This table contains common information from General Use Notes items. This table focuses on one time only data while other HNO tables (e.g., NOTES_ACCT, CODING_CLA_NOTES) contain the data for different note types.",HNO_RECORD_TYPE_C_NAME,VARCHAR,False,False,Record type.,core note lifecycle,False,False
HNO_INFO_2,"This table contains common information from General Use Notes items. This table focuses on one time only data while other HNO tables (e.g., NOTES_ACCT, CODING_CLA_NOTES) contain the data for different note types.",RFL_LETTER_ENC_CSN,NUMERIC,False,False,Stores the encounter in which the referral communication letter was written,core note lifecycle,False,False
HNO_INFO_2,"This table contains common information from General Use Notes items. This table focuses on one time only data while other HNO tables (e.g., NOTES_ACCT, CODING_CLA_NOTES) contain the data for different note types.",CONV_MSG_CID,NUMERIC,False,False,This item contains the Community ID (CID) of a related In Basket Message (EOW) record.,core note lifecycle,False,False
HNO_INFO_2,"This table contains common information from General Use Notes items. This table focuses on one time only data while other HNO tables (e.g., NOTES_ACCT, CODING_CLA_NOTES) contain the data for different note types.",OUTREACH_TEMPLATE_ID,NUMERIC,False,False,This item stores the campaign outreach template that created the letter.,core note lifecycle,False,False
HNO_INFO_2,"This table contains common information from General Use Notes items. This table focuses on one time only data while other HNO tables (e.g., NOTES_ACCT, CODING_CLA_NOTES) contain the data for different note types.",SOURCE_EDITS_CSN,NUMERIC,False,False,Stores a Contact Serial Number (CSN) pointer to the General Use Notes (HNO) record that holds edits to the parent note while an attestation is in progress.,core note lifecycle,False,False
HNO_INFO_2,"This table contains common information from General Use Notes items. This table focuses on one time only data while other HNO tables (e.g., NOTES_ACCT, CODING_CLA_NOTES) contain the data for different note types.",EXT_DOC_EVNT_ID,VARCHAR,False,False,External autoreconciled note event identifier,core note lifecycle,False,False
HNO_INFO_2,"This table contains common information from General Use Notes items. This table focuses on one time only data while other HNO tables (e.g., NOTES_ACCT, CODING_CLA_NOTES) contain the data for different note types.",EXT_NOTE_TYPE,VARCHAR,False,False,Autoreconciled external note type name,core note lifecycle,False,False
HNO_INFO_2,"This table contains common information from General Use Notes items. This table focuses on one time only data while other HNO tables (e.g., NOTES_ACCT, CODING_CLA_NOTES) contain the data for different note types.",EXT_DUP_NOTE_ID,VARCHAR,False,False,Autoreconciled extneral note duplicate source note,core note lifecycle,False,False
HNO_INFO_2,"This table contains common information from General Use Notes items. This table focuses on one time only data while other HNO tables (e.g., NOTES_ACCT, CODING_CLA_NOTES) contain the data for different note types.",EXT_DUP_NOTE_C_NAME,VARCHAR,False,False,Autoreconciled external note duplicate note type,core note lifecycle,False,False
HNO_INFO_2,"This table contains common information from General Use Notes items. This table focuses on one time only data while other HNO tables (e.g., NOTES_ACCT, CODING_CLA_NOTES) contain the data for different note types.",PARENT_NOTE_ID,VARCHAR,False,False,The parent note ID of a soft-deleted transcription record.,core note lifecycle,False,False
HNO_INFO_2,"This table contains common information from General Use Notes items. This table focuses on one time only data while other HNO tables (e.g., NOTES_ACCT, CODING_CLA_NOTES) contain the data for different note types.",ACTIVE_C_NAME,VARCHAR,False,False,Whether the note is active. This item is not populated for all notes.,core note lifecycle,False,False
HNO_INFO_2,"This table contains common information from General Use Notes items. This table focuses on one time only data while other HNO tables (e.g., NOTES_ACCT, CODING_CLA_NOTES) contain the data for different note types.",EXT_AUTHOR,VARCHAR,False,False,"Name of the external note's author. The name is stored as pieces delimited by character 127 and is ordered as follows: Last Name, Last Name from Spouse, First Name, Middle Name, Last Name Prefix, Spouse Last Name Prefix, Title, Suffix, Academic Initials.",core note lifecycle,False,False
HNO_INFO_2,"This table contains common information from General Use Notes items. This table focuses on one time only data while other HNO tables (e.g., NOTES_ACCT, CODING_CLA_NOTES) contain the data for different note types.",NOTE_UPDATE_INST_UTC_DTTM,DATETIME (UTC),False,False,The last time this note was received through Care Everywhere. The value of Received Assessment and Plan Existence Days (I DXC 17000) defines how long notes with this item set exist before they are deleted. Scheduled task Remove HNO Records (E1J 88032) deletes notes and all of their references that have not been received within the amount of days defined by Received Assessment and Plan Existence Days (I DXC 17000) Received Assessment and Plan Existence Days (I DXC 17000) defaults to 30 days if not set.,core note lifecycle,True,False
HNO_INFO_2,"This table contains common information from General Use Notes items. This table focuses on one time only data while other HNO tables (e.g., NOTES_ACCT, CODING_CLA_NOTES) contain the data for different note types.",ROUT_RECPNT_COMMUNICATION_ID,NUMERIC,False,False,This is a Communication Management (LCA) record that contains information about recipients that users selected for routing in the clinical note editor.,core note lifecycle,False,False
HNO_INFO_2,"This table contains common information from General Use Notes items. This table focuses on one time only data while other HNO tables (e.g., NOTES_ACCT, CODING_CLA_NOTES) contain the data for different note types.",EXTERNAL_SOURCE_IDENT,VARCHAR,False,False,"If this note is associated with information in an outside system, the ID of that information can be stored here.",core note lifecycle,False,False
HNO_INFO_2,"This table contains common information from General Use Notes items. This table focuses on one time only data while other HNO tables (e.g., NOTES_ACCT, CODING_CLA_NOTES) contain the data for different note types.",EXTERNAL_PROBLEM_IDENT,VARCHAR,False,False,The reference ID for the external problem linked to the note.,core note lifecycle,False,False
HNO_INFO_2,"This table contains common information from General Use Notes items. This table focuses on one time only data while other HNO tables (e.g., NOTES_ACCT, CODING_CLA_NOTES) contain the data for different note types.",TRANSLATION_IDENTIFIER,VARCHAR,False,False,"Stores the unique identifier to link back to the source information that the note is a translation for. This should only be set on Translation (Item HNO 50 = 61) type HNO records. The format of the identifier is intended to capture the INI and ID of the source record, along with the requested language to be translated in.",core note lifecycle,False,False
HNO_INFO_2,"This table contains common information from General Use Notes items. This table focuses on one time only data while other HNO tables (e.g., NOTES_ACCT, CODING_CLA_NOTES) contain the data for different note types.",TRANSLATION_LANGUAGE_ID,NUMERIC,False,False,The unique identifier (.1 item) for the Epic Languages record associated with a translation HNO record. Should only be set for Translation (Item HNO 50 = 61) type notes.,core note lifecycle,False,False
HNO_INFO_2,"This table contains common information from General Use Notes items. This table focuses on one time only data while other HNO tables (e.g., NOTES_ACCT, CODING_CLA_NOTES) contain the data for different note types.",TRANSLATION_LANGUAGE_ID_LANGUAGE_NAME,VARCHAR,False,False,"The language name. If the language is written and uses more than one script to represent it, the name will contain the script in parentheses after the language name.",core note lifecycle,False,False
HNO_INFO_2,"This table contains common information from General Use Notes items. This table focuses on one time only data while other HNO tables (e.g., NOTES_ACCT, CODING_CLA_NOTES) contain the data for different note types.",NOT_RESEARCH_RELATED_YN,VARCHAR,False,False,Indicates whether the current note has been explicitly marked as not being related to research for this note. 'Y' indicates that the note has been marked as not research related. 'N' indicates that the note is related to research. NULL indicates that a decision has not been made yet.,core note lifecycle,False,False
HNO_INFO_2,"This table contains common information from General Use Notes items. This table focuses on one time only data while other HNO tables (e.g., NOTES_ACCT, CODING_CLA_NOTES) contain the data for different note types.",PRIVATE_YN,VARCHAR,False,False,Stores whether this note is considered private to the author or visible by others.,core note lifecycle,False,False
HNO_LET_DICTN,This table contains the items associated with letter dictations.,NOTE_CSN_ID,NUMERIC,False,False,The contact serial number (CSN) of the contact.,dictation/transcription,False,False
HNO_LET_DICTN,This table contains the items associated with letter dictations.,LINE,INTEGER,False,False,The line number for the information associated with this contact. Multiple pieces of information can be associated with this contact.,dictation/transcription,False,False
HNO_LET_DICTN,This table contains the items associated with letter dictations.,LET_DICTN_USER_ID,VARCHAR,False,False,The User ID of the person who dictated the letter.,dictation/transcription,False,False
HNO_LET_DICTN,This table contains the items associated with letter dictations.,LET_DICTN_USER_ID_NAME,VARCHAR,False,False,The name of the user record. This name may be hidden.,dictation/transcription,False,False
HNO_LINKED_PATS,Linked patients for EHI Export.,NOTE_ID,VARCHAR,False,False,The unique identifier (.1 item) for the note record.,core note lifecycle,False,False
HNO_LINKED_PATS,Linked patients for EHI Export.,LINE,INTEGER,False,False,The line number for the information associated with this record. Multiple pieces of information can be associated with this record.,core note lifecycle,False,False
HNO_LINKED_PATS,Linked patients for EHI Export.,LINKED_PAT_ID,VARCHAR,False,False,The list of patients (EPT) that this HNO is associated with for Electronic Health Information (EHI) Export,core note lifecycle,False,False
HNO_LINKED_RQGS,This table stores the list of requisition groupers associated with a note.,NOTE_ID,VARCHAR,False,False,The unique identifier (.1 item) for the note record.,core note lifecycle,False,False
HNO_LINKED_RQGS,This table stores the list of requisition groupers associated with a note.,LINE,INTEGER,False,False,The line number for the information associated with this record. Multiple pieces of information can be associated with this record.,core note lifecycle,False,False
HNO_LINKED_RQGS,This table stores the list of requisition groupers associated with a note.,RQG_GROUPER_ID,NUMERIC,False,False,The unique ID of the requisition grouper associated with the note.,core note lifecycle,False,False
HNO_MYC_LET_INFO,This table contains MyChart related information for letters. It includes whether a letter is released to MyChart and the date/time it was released to MyChart.,NOTE_ID,VARCHAR,False,False,The unique identifier for the note record.,core note lifecycle,False,False
HNO_MYC_LET_INFO,This table contains MyChart related information for letters. It includes whether a letter is released to MyChart and the date/time it was released to MyChart.,LET_REL_MYC_DTTM,DATETIME (Local),False,False,Instant at which the letter was released to MyChart.,core note lifecycle,True,False
HNO_MYC_LET_INFO,This table contains MyChart related information for letters. It includes whether a letter is released to MyChart and the date/time it was released to MyChart.,LET_REL_TO_MYC_YN,VARCHAR,False,False,Indicates whether the letter is released to MyChart.,core note lifecycle,False,False
HNO_ORDERS,Orders that are associated to the note.,NOTE_ID,VARCHAR,False,False,The unique identifier (.1 item) for the note record.,core note lifecycle,False,False
HNO_ORDERS,Orders that are associated to the note.,LINE,INTEGER,False,False,The line number for the information associated with this record. Multiple pieces of information can be associated with this record.,core note lifecycle,False,False
HNO_ORDERS,Orders that are associated to the note.,ORDER_ID,NUMERIC,False,False,The order ID associated to the note.,core note lifecycle,False,False
HNO_ORDERS,Orders that are associated to the note.,ORDER_DAT,VARCHAR,False,False,The order DAT associated to the note.,core note lifecycle,False,False
HNO_PLACEHOLDER_CHARGE,Contains items related to Create Placeholder Charge action.,NOTE_ID,VARCHAR,False,False,The unique identifier (.1 item) for the note record.,core note lifecycle,False,False
HNO_PLACEHOLDER_CHARGE,Contains items related to Create Placeholder Charge action.,LINE,INTEGER,False,False,The line number for the information associated with this record. Multiple pieces of information can be associated with this record.,core note lifecycle,False,False
HNO_PLACEHOLDER_CHARGE,Contains items related to Create Placeholder Charge action.,CHG_CREATED_YN,VARCHAR,False,False,This item stores the flag that indicates whether a placeholder charge was created or not.,core note lifecycle,False,False
HNO_PLACEHOLDER_CHARGE,Contains items related to Create Placeholder Charge action.,CHG_ACTION_USER_ID,VARCHAR,False,False,This item stores the user that submitted the action Create Placeholder Charge.,core note lifecycle,False,False
HNO_PLACEHOLDER_CHARGE,Contains items related to Create Placeholder Charge action.,CHG_ACTION_USER_ID_NAME,VARCHAR,False,False,The name of the user record. This name may be hidden.,core note lifecycle,False,False
HNO_PLACEHOLDER_CHARGE,Contains items related to Create Placeholder Charge action.,CHG_ACTION_UTC_DTTM,DATETIME (UTC),False,False,This item stores the instant when the action Create Placeholder Charge was submitted.,core note lifecycle,True,False
HNO_PLACEHOLDER_CHARGE,Contains items related to Create Placeholder Charge action.,CHG_PROC_ID_PROC_NAME,VARCHAR,False,False,The name of each procedure.,core note lifecycle,False,False
HNO_PLACEHOLDER_CHARGE,Contains items related to Create Placeholder Charge action.,CHG_FAIL_REASON_C_NAME,VARCHAR,False,False,This item stores the fail reasons for not creating placeholder charges.,core note lifecycle,False,False
HNO_PLAIN_TEXT,This table extracts notes that are stored only in plain text. This table does not contain any notes that are stored in rich text. HNO_NOTE_TEXT should still be used for reporting purposes.,NOTE_CSN_ID,NUMERIC,False,False,The contact serial number (CSN) of the contact.,core note lifecycle,False,False
HNO_PLAIN_TEXT,This table extracts notes that are stored only in plain text. This table does not contain any notes that are stored in rich text. HNO_NOTE_TEXT should still be used for reporting purposes.,LINE,INTEGER,False,False,The line number for the information associated with this contact. Multiple pieces of information can be associated with this contact.,core note lifecycle,False,False
HNO_PLAIN_TEXT,This table extracts notes that are stored only in plain text. This table does not contain any notes that are stored in rich text. HNO_NOTE_TEXT should still be used for reporting purposes.,NOTE_ID,VARCHAR,False,False,The unique identifier (.1 item) for the note record.,core note lifecycle,False,False
HNO_PLAIN_TEXT,This table extracts notes that are stored only in plain text. This table does not contain any notes that are stored in rich text. HNO_NOTE_TEXT should still be used for reporting purposes.,NOTE_TEXT,VARCHAR,False,False,Content of the plain text note.,core note lifecycle,False,False
HNO_SCREENING_PROGRAM,Screening program associated with the radiology letter.,NOTE_ID,VARCHAR,False,False,The unique identifier (.1 item) for the note record.,core note lifecycle,False,False
HNO_SCREENING_PROGRAM,Screening program associated with the radiology letter.,LINE,INTEGER,False,False,The line number for the information associated with this record. Multiple pieces of information can be associated with this record.,core note lifecycle,False,False
HNO_SCREENING_PROGRAM,Screening program associated with the radiology letter.,SCREENING_PROGRAM_C_NAME,VARCHAR,False,False,The screening program type category ID for the note record.,core note lifecycle,False,False
HNO_SMARTFORM_LINK,This table contains a list of SmartBlocks and the SmartForms that are linked to those SmartBlocks in a particular note.,NOTE_CSN_ID,NUMERIC,False,False,The contact serial number (CSN) of the contact.,smart-tool usage (SmartText/SmartForm/SmartBlock),False,False
HNO_SMARTFORM_LINK,This table contains a list of SmartBlocks and the SmartForms that are linked to those SmartBlocks in a particular note.,LINE,INTEGER,False,False,The line number for the SmartForm (customizable form) link associated with this contact. Multiple pieces of information can be associated with this contact.,smart-tool usage (SmartText/SmartForm/SmartBlock),False,False
HNO_SMARTFORM_LINK,This table contains a list of SmartBlocks and the SmartForms that are linked to those SmartBlocks in a particular note.,NOTE_ID,VARCHAR,False,False,The unique identifier for the note record.,smart-tool usage (SmartText/SmartForm/SmartBlock),False,False
HNO_SMARTFORM_LINK,This table contains a list of SmartBlocks and the SmartForms that are linked to those SmartBlocks in a particular note.,CONTACT_DATE_REAL,FLOAT,False,False,"A unique contact date in decimal format. The integer portion of the number indicates the date of contact. The digits after the decimal distinguish different contacts on the same date and are unique for each contact on that date. For example, .00 is the first/only contact, .01 is the second contact, etc.",smart-tool usage (SmartText/SmartForm/SmartBlock),False,False
HNO_SMARTFORM_LINK,This table contains a list of SmartBlocks and the SmartForms that are linked to those SmartBlocks in a particular note.,CONTACT_DATE,DATETIME,False,False,The date of this contact in calendar format.,smart-tool usage (SmartText/SmartForm/SmartBlock),True,False
HNO_SMARTFORM_LINK,This table contains a list of SmartBlocks and the SmartForms that are linked to those SmartBlocks in a particular note.,SMARTFORM_ID,VARCHAR,False,False,The ID of the SmartForm (customizable form) that is linked to a particular SmartBlock (form that can generate text for a note) being used in the note.,smart-tool usage (SmartText/SmartForm/SmartBlock),False,False
HNO_SMARTFORM_LINK,This table contains a list of SmartBlocks and the SmartForms that are linked to those SmartBlocks in a particular note.,SMARTFORM_ID_FORM_NAME,VARCHAR,False,False,The name of the form associated with the questionnaire.,smart-tool usage (SmartText/SmartForm/SmartBlock),False,False
HNO_SMARTFORM_LINK,This table contains a list of SmartBlocks and the SmartForms that are linked to those SmartBlocks in a particular note.,SMARTFORM_DAT,NUMERIC,False,False,Which version of a SmartForm (customizable form) is used in the note,smart-tool usage (SmartText/SmartForm/SmartBlock),False,False
HNO_SMARTFORM_LINK,This table contains a list of SmartBlocks and the SmartForms that are linked to those SmartBlocks in a particular note.,LINKED_ORDER_ID,NUMERIC,False,False,The ID of the order (if any) associated with a SmartForm (customizable form) in this note.,smart-tool usage (SmartText/SmartForm/SmartBlock),False,False
HNO_SMARTFORM_LINK,This table contains a list of SmartBlocks and the SmartForms that are linked to those SmartBlocks in a particular note.,SMARTDATA_ID,VARCHAR,False,False,The ID of the SmartData Element (SDE) that links this SmartForm with a particular SmartBlock (form that can generate text for a note).,smart-tool usage (SmartText/SmartForm/SmartBlock),False,False
HNO_SOURCE_LOG_ID,This table displays the surgical log where a note was edited.,NOTE_CSN_ID,NUMERIC,False,False,The contact serial number (CSN) of the contact.,core note lifecycle,False,False
HNO_SOURCE_LOG_ID,This table displays the surgical log where a note was edited.,LINE,INTEGER,False,False,The line number for the information associated with this contact. Multiple pieces of information can be associated with this contact.,core note lifecycle,False,False
HNO_SOURCE_LOG_ID,This table displays the surgical log where a note was edited.,NOTE_ID,VARCHAR,False,False,The unique identifier for the note record.,core note lifecycle,False,False
HNO_SOURCE_LOG_ID,This table displays the surgical log where a note was edited.,CONTACT_DATE_REAL,FLOAT,False,False,"A unique contact date in decimal format. The integer portion of the number indicates the date of contact. The digits after the decimal distinguish different contacts on the same date and are unique for each contact on that date. For example, .00 is the first/only contact, .01 is the second contact, etc.",core note lifecycle,False,False
HNO_SOURCE_LOG_ID,This table displays the surgical log where a note was edited.,CONTACT_DATE,DATETIME,False,False,The date of this contact in calendar format.,core note lifecycle,True,False
HNO_SOURCE_LOG_ID,This table displays the surgical log where a note was edited.,SOURCE_LOG_ID,VARCHAR,False,False,The ID of the surgical log where a note was edited.,core note lifecycle,False,False
HOLOGRAM_AMBIENT_DX_INFO,This table contains information about the Ambient diagnosis choices that were presented to a clinician.,HOLOGRAM_ID,NUMERIC,False,False,The unique identifier (.1 item) for the hologram record.,ambient/AI-scribe (Epic-native — directly Suki-comparable),False,False
HOLOGRAM_AMBIENT_DX_INFO,This table contains information about the Ambient diagnosis choices that were presented to a clinician.,CONTACT_DATE_REAL,FLOAT,False,False,"A unique contact date in decimal format. The integer portion of the number indicates the date of contact. The digits after the decimal distinguish different contacts on the same date and are unique for each contact on that date. For example, .00 is the first/only contact, .01 is the second contact, etc. For Hologram, the contact date is irrelevant. For the workflow timestamp, use the WORKFLOW_INST_UTC_DTTM column in the HOLOGRAM_DETAILS table.",ambient/AI-scribe (Epic-native — directly Suki-comparable),False,False
HOLOGRAM_AMBIENT_DX_INFO,This table contains information about the Ambient diagnosis choices that were presented to a clinician.,AMBIENT_DX_SOURCE_C_NAME,VARCHAR,False,False,"Stores the source from which an Ambient diagnosis option was derived. (Problem List, Visit Diagnoses, etc.)",ambient/AI-scribe (Epic-native — directly Suki-comparable),False,False
HOLOGRAM_AMBIENT_DX_INFO,This table contains information about the Ambient diagnosis choices that were presented to a clinician.,AMBIENT_DX_LNK_PROB_LST_ID,NUMERIC,False,False,Stores the ID of the problem associated with this Ambient diagnosis selection.,ambient/AI-scribe (Epic-native — directly Suki-comparable),False,False
HOLOGRAM_AMBIENT_DX_INFO,This table contains information about the Ambient diagnosis choices that were presented to a clinician.,AMBIENT_DX_LINKED_VDX,VARCHAR,False,False,"Stores the ID of the visit diagnosis that this Ambient diagnosis option was derived from. If this diagnosis came from a past encounter, the CSN of that encounter is stored in the AMBIENT_PAST_DX_CSN column.",ambient/AI-scribe (Epic-native — directly Suki-comparable),False,False
HOLOGRAM_AMBIENT_DX_INFO,This table contains information about the Ambient diagnosis choices that were presented to a clinician.,AMBIENT_DX_AUTO_MATCH_YN,VARCHAR,False,False,Stores whether or not an existing diagnosis was automatically matched to the Ambient diagnosis.,ambient/AI-scribe (Epic-native — directly Suki-comparable),False,False
HOLOGRAM_AMBIENT_DX_INFO,This table contains information about the Ambient diagnosis choices that were presented to a clinician.,ADD_DX_TO_PROBLIST_YN,VARCHAR,False,False,Stores whether or not the Ambient diagnosis is marked to be pushed to the Problem List.,ambient/AI-scribe (Epic-native — directly Suki-comparable),False,False
HOLOGRAM_AMBIENT_DX_INFO,This table contains information about the Ambient diagnosis choices that were presented to a clinician.,INITIAL_DX_ID_DX_NAME,VARCHAR,False,False,The name of the diagnosis.,ambient/AI-scribe (Epic-native — directly Suki-comparable),False,False
HOLOGRAM_AMBIENT_DX_INFO,This table contains information about the Ambient diagnosis choices that were presented to a clinician.,AMBIENT_PAST_DX_CSN,NUMERIC,False,False,"If an Ambient diagnosis matched to a past visit diagnosis, this item stores the CSN of the patient encounter in which that visit diagnosis was documented.",ambient/AI-scribe (Epic-native — directly Suki-comparable),False,False
HOLOGRAM_AMBIENT_FAM_HX,This table contains information about the Ambient family history choices that were presented to a clinician.,HOLOGRAM_ID,NUMERIC,False,False,The unique identifier (.1 item) for the hologram record.,ambient/AI-scribe (Epic-native — directly Suki-comparable),False,False
HOLOGRAM_AMBIENT_FAM_HX,This table contains information about the Ambient family history choices that were presented to a clinician.,CONTACT_DATE_REAL,FLOAT,False,False,"A unique contact date in decimal format. The integer portion of the number indicates the date of contact. The digits after the decimal distinguish different contacts on the same date and are unique for each contact on that date. For example, .00 is the first/only contact, .01 is the second contact, etc.",ambient/AI-scribe (Epic-native — directly Suki-comparable),False,False
HOLOGRAM_AMBIENT_FAM_HX,This table contains information about the Ambient family history choices that were presented to a clinician.,FAM_STAT_REL_C_NAME,VARCHAR,True,False,Contains a family history relationship that is temporarily stored in a hologram record.,ambient/AI-scribe (Epic-native — directly Suki-comparable),False,False
HOLOGRAM_AMBIENT_FAM_HX,This table contains information about the Ambient family history choices that were presented to a clinician.,FAM_STAT_ID,INTEGER,False,False,Contains a family history relative ID that is temporarily stored in a hologram record.,ambient/AI-scribe (Epic-native — directly Suki-comparable),False,False
HOLOGRAM_AMBIENT_FAM_HX,This table contains information about the Ambient family history choices that were presented to a clinician.,FAM_STT_NAM,VARCHAR,False,False,Contains a family history relative name that is temporarily stored in a hologram record.,ambient/AI-scribe (Epic-native — directly Suki-comparable),False,False
HOLOGRAM_AMBIENT_FAM_HX,This table contains information about the Ambient family history choices that were presented to a clinician.,FAM_STAT_STATUS_C_NAME,NUMERIC,False,False,Contains a family history relative status that is temporarily stored in a hologram record.,ambient/AI-scribe (Epic-native — directly Suki-comparable),False,False
HOLOGRAM_AMBIENT_FAM_HX,This table contains information about the Ambient family history choices that were presented to a clinician.,FAM_MEDICAL_HX_C_NAME,NUMERIC,True,False,Contains a family history problem category that is temporarily stored in a hologram record.,ambient/AI-scribe (Epic-native — directly Suki-comparable),False,False
HOLOGRAM_AMBIENT_FAM_HX,This table contains information about the Ambient family history choices that were presented to a clinician.,FAM_MEDICAL_DX_ID_DX_NAME,VARCHAR,False,False,The name of the diagnosis.,ambient/AI-scribe (Epic-native — directly Suki-comparable),False,False
HOLOGRAM_AMBIENT_FAM_HX,This table contains information about the Ambient family history choices that were presented to a clinician.,AGE_OF_ONSET,NUMERIC,False,False,Contains a family history problem age of onset that is temporarily stored in a hologram record.,ambient/AI-scribe (Epic-native — directly Suki-comparable),False,False
HOLOGRAM_AMBIENT_FAM_HX,This table contains information about the Ambient family history choices that were presented to a clinician.,AGE_OF_ONSET_END,NUMERIC,False,False,Contains a family history problem age of onset end that is temporarily stored in a hologram record.,ambient/AI-scribe (Epic-native — directly Suki-comparable),False,False
HOLOGRAM_DETAILS,This table stores workflow-level information about documentation pieces that have been queued up and suspended during an outpatient visit.,HOLOGRAM_ID,NUMERIC,False,False,The unique identifier (.1 item) for the hologram record.,ambient/AI-scribe (Epic-native — directly Suki-comparable),False,False
HOLOGRAM_DETAILS,This table stores workflow-level information about documentation pieces that have been queued up and suspended during an outpatient visit.,PAT_ID,VARCHAR,False,False,The unique ID of the patient record for this hologram. This column is frequently used to link to the PATIENT table.,ambient/AI-scribe (Epic-native — directly Suki-comparable),False,False
HOLOGRAM_DETAILS,This table stores workflow-level information about documentation pieces that have been queued up and suspended during an outpatient visit.,PAT_ENC_CSN_ID,NUMERIC,False,False,"The unique contact serial number for this contact. This number is unique across all patient encounters in your system. If you use IntraConnect, this is the Unique Contact Identifier (UCI).",ambient/AI-scribe (Epic-native — directly Suki-comparable),False,False
HOLOGRAM_DETAILS,This table stores workflow-level information about documentation pieces that have been queued up and suspended during an outpatient visit.,HOLOGRAM_STATUS_C_NAME,VARCHAR,True,False,The status category ID for selections in this hologram workflow.,ambient/AI-scribe (Epic-native — directly Suki-comparable),False,False
HOLOGRAM_DETAILS,This table stores workflow-level information about documentation pieces that have been queued up and suspended during an outpatient visit.,WORKFLOW_USER_ID,VARCHAR,False,False,The unique ID associated with the user who performed this workflow. This column is frequently used to link to the CLARITY_EMP table.,ambient/AI-scribe (Epic-native — directly Suki-comparable),False,False
HOLOGRAM_DETAILS,This table stores workflow-level information about documentation pieces that have been queued up and suspended during an outpatient visit.,WORKFLOW_USER_ID_NAME,VARCHAR,False,False,The name of the user record. This name may be hidden.,ambient/AI-scribe (Epic-native — directly Suki-comparable),False,False
HOLOGRAM_DETAILS,This table stores workflow-level information about documentation pieces that have been queued up and suspended during an outpatient visit.,WORKFLOW_PROV_ID_PROV_NAME,VARCHAR,False,False,The name of the service provider. This item may be hidden in a public view of the CLARITY_SER table.,ambient/AI-scribe (Epic-native — directly Suki-comparable),False,False
HOLOGRAM_DETAILS,This table stores workflow-level information about documentation pieces that have been queued up and suspended during an outpatient visit.,WORKFLOW_INST_UTC_DTTM,DATETIME (UTC),False,False,"The date and time when this hologram's status was set, in UTC.",ambient/AI-scribe (Epic-native — directly Suki-comparable),True,False
HOLOGRAM_SELECTIONS,This table stores details about each selection made in a hologram record. Which specific details are stored depends on the type of each row.,HOLOGRAM_ID,NUMERIC,False,False,The unique identifier (.1 item) for the hologram record.,ambient/AI-scribe (Epic-native — directly Suki-comparable),False,False
HOLOGRAM_SELECTIONS,This table stores details about each selection made in a hologram record. Which specific details are stored depends on the type of each row.,CONTACT_DATE_REAL,FLOAT,False,False,"A unique contact date in decimal format. The integer portion of the number indicates the date of contact. The digits after the decimal distinguish different contacts on the same date and are unique for each contact on that date. For example, .00 is the first/only contact, .01 is the second contact, etc. Note this does not represent an actual date; it simply serves as a unique line identifier in a specific hologram.",ambient/AI-scribe (Epic-native — directly Suki-comparable),False,False
HOLOGRAM_SELECTIONS,This table stores details about each selection made in a hologram record. Which specific details are stored depends on the type of each row.,DISPLAY_NAME,VARCHAR,False,False,Display name of the selection stored in this contact.,ambient/AI-scribe (Epic-native — directly Suki-comparable),False,False
HOLOGRAM_SELECTIONS,This table stores details about each selection made in a hologram record. Which specific details are stored depends on the type of each row.,LEVEL_OF_SERVICE_PROC_ID_PROC_NAME,VARCHAR,False,False,The name of each procedure.,ambient/AI-scribe (Epic-native — directly Suki-comparable),False,False
HOLOGRAM_SELECTIONS,This table stores details about each selection made in a hologram record. Which specific details are stored depends on the type of each row.,SMARTTEXT_TYPE_C_NAME,VARCHAR,True,False,The filing type category ID of the SmartText SSI.,ambient/AI-scribe (Epic-native — directly Suki-comparable),False,False
HOLOGRAM_SELECTIONS,This table stores details about each selection made in a hologram record. Which specific details are stored depends on the type of each row.,SMARTTEXT_NOTE_TYPE_IP_C_NAME,VARCHAR,True,False,The note type category ID potentially filed to if the SmartText type is Inpatient Notes.,ambient/AI-scribe (Epic-native — directly Suki-comparable),False,False
HOLOGRAM_SELECTIONS,This table stores details about each selection made in a hologram record. Which specific details are stored depends on the type of each row.,SMARTTEXT_ADDED_NOW_YN,VARCHAR,False,False,"Indicates whether ""Add Now"" was used to select the SmartText SSI. ""Y"" indicates it was; ""N"" or NULL indicate it was not.",ambient/AI-scribe (Epic-native — directly Suki-comparable),False,False
HOLOGRAM_SELECTIONS,This table stores details about each selection made in a hologram record. Which specific details are stored depends on the type of each row.,SMARTTEXT_MAKE_SENSITIVE_YN,VARCHAR,False,False,"Indicates whether the note this selection will potentially contribute to is marked sensitive. ""Y"" indicates the note created or added to is marked sensitive. ""N"" or NULL indicate the sensitivity of the note created or filed to is unaffected by this.",ambient/AI-scribe (Epic-native — directly Suki-comparable),False,False
HOLOGRAM_SELECTIONS,This table stores details about each selection made in a hologram record. Which specific details are stored depends on the type of each row.,DX_ID_DX_NAME,VARCHAR,False,False,The name of the diagnosis.,ambient/AI-scribe (Epic-native — directly Suki-comparable),False,False
HOLOGRAM_SELECTIONS,This table stores details about each selection made in a hologram record. Which specific details are stored depends on the type of each row.,DX_DESCRIPTION,VARCHAR,False,False,Display name of a diagnosis pended in a HOL record. Dynamic reflection of I SSI 5010.,ambient/AI-scribe (Epic-native — directly Suki-comparable),False,False
HOLOGRAM_SELECTIONS,This table stores details about each selection made in a hologram record. Which specific details are stored depends on the type of each row.,DX_QUAL_2_C_NAME,VARCHAR,True,False,Qualifier for a diagnosis pended in an HOL record. Dynamic reflection of I SSI 5020.,ambient/AI-scribe (Epic-native — directly Suki-comparable),False,False
HOLOGRAM_SELECTIONS,This table stores details about each selection made in a hologram record. Which specific details are stored depends on the type of each row.,DX_COMMENT,VARCHAR,False,False,Comment for a diagnosis pended in an HOL record. Dynamic reflection of I SSI 5030.,ambient/AI-scribe (Epic-native — directly Suki-comparable),False,False
HOLOGRAM_SELECTIONS,This table stores details about each selection made in a hologram record. Which specific details are stored depends on the type of each row.,DX_PRIMARY_YN,VARCHAR,False,False,Whether a diagnosis pended in an HOL record is intended to be marked as the encounter's primary diagnosis. Dynamic reflection of I SSI 5060.,ambient/AI-scribe (Epic-native — directly Suki-comparable),False,False
HOLOGRAM_SELECTIONS,This table stores details about each selection made in a hologram record. Which specific details are stored depends on the type of each row.,DX_CHRONIC_YN,VARCHAR,False,False,Whether a diagnosis pended in an HOL is a chronic condition.,ambient/AI-scribe (Epic-native — directly Suki-comparable),False,False
HOLOGRAM_SELECTIONS,This table stores details about each selection made in a hologram record. Which specific details are stored depends on the type of each row.,IMMUN_ID,NUMERIC,False,False,The unique ID of the immunization record associated with this hologram selection.,ambient/AI-scribe (Epic-native — directly Suki-comparable),False,False
HOLOGRAM_SELECTIONS,This table stores details about each selection made in a hologram record. Which specific details are stored depends on the type of each row.,IMMUN_ID_NAME,VARCHAR,False,False,The name of the immunization.,ambient/AI-scribe (Epic-native — directly Suki-comparable),False,False
HOLOGRAM_SELECTIONS,This table stores details about each selection made in a hologram record. Which specific details are stored depends on the type of each row.,IMMNZTN_DOSE,VARCHAR,False,False,"The dose string, including quantity and unit, for the immunization in this hologram selection.",ambient/AI-scribe (Epic-native — directly Suki-comparable),False,False
HOLOGRAM_SELECTIONS,This table stores details about each selection made in a hologram record. Which specific details are stored depends on the type of each row.,IMMNZTN_DOSE_AMOUNT,NUMERIC,False,False,The dose quantity for the immunization in this hologram selection. Corresponds to the unit in the IMMNZTN_DISP_QTYUNIT_C column.,ambient/AI-scribe (Epic-native — directly Suki-comparable),False,False
HOLOGRAM_SELECTIONS,This table stores details about each selection made in a hologram record. Which specific details are stored depends on the type of each row.,IMMNZTN_DISP_QTYUNIT_C_NAME,VARCHAR,True,False,The dose unit category ID for the hologram selection.,ambient/AI-scribe (Epic-native — directly Suki-comparable),False,False
HOLOGRAM_SELECTIONS,This table stores details about each selection made in a hologram record. Which specific details are stored depends on the type of each row.,IMMNZTN_ROUTE_C_NAME,VARCHAR,True,False,The immunization route category ID for the hologram selection.,ambient/AI-scribe (Epic-native — directly Suki-comparable),False,False
HOLOGRAM_SELECTIONS,This table stores details about each selection made in a hologram record. Which specific details are stored depends on the type of each row.,IMMNZTN_SITE_C_NAME,VARCHAR,True,False,The immunization site category ID for the hologram selection.,ambient/AI-scribe (Epic-native — directly Suki-comparable),False,False
HOLOGRAM_SELECTIONS,This table stores details about each selection made in a hologram record. Which specific details are stored depends on the type of each row.,IMMNZTN_MANUFACTURER_MFG_C_NAME,VARCHAR,True,False,The immunization manufacturer category ID for the hologram selection.,ambient/AI-scribe (Epic-native — directly Suki-comparable),False,False
HOLOGRAM_SELECTIONS,This table stores details about each selection made in a hologram record. Which specific details are stored depends on the type of each row.,IMMNZTN_LOT_NUMBER,VARCHAR,False,False,The lot number for the immunization in this hologram selection.,ambient/AI-scribe (Epic-native — directly Suki-comparable),False,False
HOLOGRAM_SELECTIONS,This table stores details about each selection made in a hologram record. Which specific details are stored depends on the type of each row.,IMMNZTN_PRODUCT,VARCHAR,False,False,The product for the immunization in this hologram selection.,ambient/AI-scribe (Epic-native — directly Suki-comparable),False,False
HOLOGRAM_SELECTIONS,This table stores details about each selection made in a hologram record. Which specific details are stored depends on the type of each row.,IMMNZTN_NDC_ID,VARCHAR,False,False,The unique ID of the national drug code associated with the immunization in this hologram selection.,ambient/AI-scribe (Epic-native — directly Suki-comparable),False,False
HOLOGRAM_SELECTIONS,This table stores details about each selection made in a hologram record. Which specific details are stored depends on the type of each row.,IMMNZTN_NDC_ID_NDC_CODE,VARCHAR,False,False,The external code for the National Drug Code (NDC). An NDC represents packages of medications.,ambient/AI-scribe (Epic-native — directly Suki-comparable),False,False
HOLOGRAM_SELECTIONS,This table stores details about each selection made in a hologram record. Which specific details are stored depends on the type of each row.,IMMNZTN_IMM_PRODUCT_C_NAME,VARCHAR,True,False,The immunization product category ID for the hologram selection.,ambient/AI-scribe (Epic-native — directly Suki-comparable),False,False
HOLOGRAM_SELECTIONS,This table stores details about each selection made in a hologram record. Which specific details are stored depends on the type of each row.,IMMNZTN_DATE,DATETIME,False,False,The date this immunization was administered.,ambient/AI-scribe (Epic-native — directly Suki-comparable),True,False
HOLOGRAM_SELECTIONS,This table stores details about each selection made in a hologram record. Which specific details are stored depends on the type of each row.,IMMNZTN_INSTANT_UTC_DTTM,DATETIME (UTC),False,False,The date and time that this immunization was administered.,ambient/AI-scribe (Epic-native — directly Suki-comparable),True,False
HOLOGRAM_SELECTIONS,This table stores details about each selection made in a hologram record. Which specific details are stored depends on the type of each row.,IMMNZTN_INVENTORY_CLASS_C_NAME,VARCHAR,False,False,The inventory class category ID for the hologram selection.,ambient/AI-scribe (Epic-native — directly Suki-comparable),False,False
HOLOGRAM_SELECTIONS,This table stores details about each selection made in a hologram record. Which specific details are stored depends on the type of each row.,IMMNZTN_LOT_NUM_ID_LOT_NUM,VARCHAR,False,False,The lot number on the vial for a given medication or immunization.,ambient/AI-scribe (Epic-native — directly Suki-comparable),False,False
HOLOGRAM_SELECTIONS,This table stores details about each selection made in a hologram record. Which specific details are stored depends on the type of each row.,IMMNZTN_NEXT_DUE_DATE,DATETIME,False,False,Date of the next time this immunization is due.,ambient/AI-scribe (Epic-native — directly Suki-comparable),True,False
HOLOGRAM_SELECTIONS,This table stores details about each selection made in a hologram record. Which specific details are stored depends on the type of each row.,IMMNZTN_EXPIRATION_DATE,DATETIME,False,False,Expiration date for this immunization.,ambient/AI-scribe (Epic-native — directly Suki-comparable),True,False
HOLOGRAM_SELECTIONS,This table stores details about each selection made in a hologram record. Which specific details are stored depends on the type of each row.,IMMNZTN_IMM_DEFER_DUR_C_NAME,VARCHAR,True,False,The immunization deferral duration category ID for the hologram selection.,ambient/AI-scribe (Epic-native — directly Suki-comparable),False,False
HOLOGRAM_SELECTIONS,This table stores details about each selection made in a hologram record. Which specific details are stored depends on the type of each row.,IMMNZTN_GIVEN_BY_USER_ID,VARCHAR,False,False,The unique ID associated with the user record for this row. This column is frequently used to link to the CLARITY_EMP table.,ambient/AI-scribe (Epic-native — directly Suki-comparable),False,False
HOLOGRAM_SELECTIONS,This table stores details about each selection made in a hologram record. Which specific details are stored depends on the type of each row.,IMMNZTN_GIVEN_BY_USER_ID_NAME,VARCHAR,False,False,The name of the user record. This name may be hidden.,ambient/AI-scribe (Epic-native — directly Suki-comparable),False,False
HOLOGRAM_SELECTIONS,This table stores details about each selection made in a hologram record. Which specific details are stored depends on the type of each row.,IMMNZTN_EXTERNAL_ADMIN_C_NAME,VARCHAR,True,False,The immunization external administration category ID for the hologram selection.,ambient/AI-scribe (Epic-native — directly Suki-comparable),False,False
HOLOGRAM_SELECTIONS,This table stores details about each selection made in a hologram record. Which specific details are stored depends on the type of each row.,IMMNZTN_VIS_DATE,VARCHAR,False,False,"The issue date of the Vaccine Information Statement provided to the patient for the immunization in this hologram selection. This value is a freetext string, not a discrete date.",ambient/AI-scribe (Epic-native — directly Suki-comparable),True,False
HOLOGRAM_SELECTIONS,This table stores details about each selection made in a hologram record. Which specific details are stored depends on the type of each row.,IMMNZTN_DEFER_REASON_C_NAME,VARCHAR,True,False,The immunization deferral reason category ID for the hologram selection.,ambient/AI-scribe (Epic-native — directly Suki-comparable),False,False
HOLOGRAM_SELECTIONS,This table stores details about each selection made in a hologram record. Which specific details are stored depends on the type of each row.,IMMNZTN_ADMIN_COMMENT,VARCHAR,False,False,The immunization administration comment entered by the user who administered the vaccine.,ambient/AI-scribe (Epic-native — directly Suki-comparable),False,False
HOLOGRAM_SELECTIONS,This table stores details about each selection made in a hologram record. Which specific details are stored depends on the type of each row.,IMMNZTN_ADMIN_LOCATION,VARCHAR,False,False,This item stores the physical location where the immunization was administered. Note this column does not network to a location table.,ambient/AI-scribe (Epic-native — directly Suki-comparable),False,False
HOLOGRAM_SELECTIONS,This table stores details about each selection made in a hologram record. Which specific details are stored depends on the type of each row.,IMMNZTN_STATUS_C_NAME,VARCHAR,False,False,The immunization status category ID for the hologram selection.,ambient/AI-scribe (Epic-native — directly Suki-comparable),False,False
HOLOGRAM_SELECTIONS,This table stores details about each selection made in a hologram record. Which specific details are stored depends on the type of each row.,LOS_COMPONENT_PROC_ID_PROC_NAME,VARCHAR,False,False,The name of each procedure.,ambient/AI-scribe (Epic-native — directly Suki-comparable),False,False
HOLOGRAM_SELECTIONS,This table stores details about each selection made in a hologram record. Which specific details are stored depends on the type of each row.,COMPONENT_LOS_NEW_OR_EST_C_NAME,VARCHAR,False,False,The new or established patient category ID for the level of service component.,ambient/AI-scribe (Epic-native — directly Suki-comparable),False,False
HOLOGRAM_SELECTIONS,This table stores details about each selection made in a hologram record. Which specific details are stored depends on the type of each row.,LOS_COMPONENT_COUNSEL_TIME,INTEGER,False,False,Level of service component counseling time.,ambient/AI-scribe (Epic-native — directly Suki-comparable),True,False
HOLOGRAM_SELECTIONS,This table stores details about each selection made in a hologram record. Which specific details are stored depends on the type of each row.,COMPONENT_LOS_HX_LEVEL_C_NAME,VARCHAR,False,False,The history level category ID for the level of service component.,ambient/AI-scribe (Epic-native — directly Suki-comparable),False,False
HOLOGRAM_SELECTIONS,This table stores details about each selection made in a hologram record. Which specific details are stored depends on the type of each row.,COMPONENT_LOS_EXAM_LEVEL_C_NAME,VARCHAR,False,False,The exam level category ID for the level of service component.,ambient/AI-scribe (Epic-native — directly Suki-comparable),False,False
HOLOGRAM_SELECTIONS,This table stores details about each selection made in a hologram record. Which specific details are stored depends on the type of each row.,COMPONENT_LOS_MDM_LEVEL_C_NAME,VARCHAR,False,False,The MDM level category ID for the level of service component.,ambient/AI-scribe (Epic-native — directly Suki-comparable),False,False
HOLOGRAM_SELECTIONS,This table stores details about each selection made in a hologram record. Which specific details are stored depends on the type of each row.,LOS_COMPONENT_PROC_CALC_YN,VARCHAR,False,False,Indicates whether the level of service component procedure ID was calculated ('Y') or not calculated ('N' or NULL).,ambient/AI-scribe (Epic-native — directly Suki-comparable),False,False
HOLOGRAM_SELECTIONS,This table stores details about each selection made in a hologram record. Which specific details are stored depends on the type of each row.,FUP_NUMBER_OF_UNITS,INTEGER,False,False,Follow-up number of units.,ambient/AI-scribe (Epic-native — directly Suki-comparable),False,False
HOLOGRAM_SELECTIONS,This table stores details about each selection made in a hologram record. Which specific details are stored depends on the type of each row.,FUP_TYPE_OF_UNIT_C_NAME,VARCHAR,False,False,Category from I EPT 18314.,ambient/AI-scribe (Epic-native — directly Suki-comparable),False,False
HOLOGRAM_SELECTIONS,This table stores details about each selection made in a hologram record. Which specific details are stored depends on the type of each row.,FUP_APPROX_YN,VARCHAR,False,False,Follow-up approximately checkbox value. Category from ECT 100.,ambient/AI-scribe (Epic-native — directly Suki-comparable),False,False
HOLOGRAM_SELECTIONS,This table stores details about each selection made in a hologram record. Which specific details are stored depends on the type of each row.,FUP_PRN_YN,VARCHAR,False,False,Follow-up PRN checkbox value. Category from ECT 100.,ambient/AI-scribe (Epic-native — directly Suki-comparable),False,False
HOLOGRAM_SELECTIONS,This table stores details about each selection made in a hologram record. Which specific details are stored depends on the type of each row.,FUP_RETURN_FOR_TEXT,VARCHAR,False,False,Free-text note indicating what the follow-up is for.,ambient/AI-scribe (Epic-native — directly Suki-comparable),False,False
HOLOGRAM_SELECTIONS,This table stores details about each selection made in a hologram record. Which specific details are stored depends on the type of each row.,FUP_CODIFIED_C_NAME,VARCHAR,True,False,"Category from I EPT 18210, but stored in I EPT 18330. Used to store the method of follow-up.",ambient/AI-scribe (Epic-native — directly Suki-comparable),False,False
HOLOGRAM_SELECTIONS,This table stores details about each selection made in a hologram record. Which specific details are stored depends on the type of each row.,FUP_INSTRUCTIONS_CODIFIED_C_NAME,VARCHAR,True,False,"Category from I EPT 18211, but stored in I EPT 18331. Used to store special instructions for the follow-up.",ambient/AI-scribe (Epic-native — directly Suki-comparable),False,False
HOLOGRAM_SELECTIONS,This table stores details about each selection made in a hologram record. Which specific details are stored depends on the type of each row.,FUP_COPY_TO_PCP_YN,VARCHAR,False,False,Category value from ECT 100 to indicate if the patient's primary care provider should automatically be included as a recipient when documenting the follow-up.,ambient/AI-scribe (Epic-native — directly Suki-comparable),False,False
HOLOGRAM_SELECTIONS,This table stores details about each selection made in a hologram record. Which specific details are stored depends on the type of each row.,FUP_SEND_REMINDER_YN,VARCHAR,False,False,Category from ECT 100. Used to determine if a reminder should be sent for the follow-up.,ambient/AI-scribe (Epic-native — directly Suki-comparable),False,False
HOLOGRAM_SELECTIONS,This table stores details about each selection made in a hologram record. Which specific details are stored depends on the type of each row.,FUP_REMINDER_DAYS,INTEGER,False,False,The number of days to wait until the follow-up reminder message is sent.,ambient/AI-scribe (Epic-native — directly Suki-comparable),False,False
HOLOGRAM_SELECTIONS,This table stores details about each selection made in a hologram record. Which specific details are stored depends on the type of each row.,FUP_PRN_TEXT,VARCHAR,False,False,Text explaining when the patient should follow up PRN.,ambient/AI-scribe (Epic-native — directly Suki-comparable),False,False
HOLOGRAM_SELECTIONS,This table stores details about each selection made in a hologram record. Which specific details are stored depends on the type of each row.,FUP_REMINDER_MESSAGE,VARCHAR,False,False,Message that will be sent as a follow-up reminder.,ambient/AI-scribe (Epic-native — directly Suki-comparable),False,False
HOLOGRAM_SELECTIONS,This table stores details about each selection made in a hologram record. Which specific details are stored depends on the type of each row.,FUP_ROUTING_PRIORITY_C_NAME,VARCHAR,True,False,Follow-up chart routing priority.,ambient/AI-scribe (Epic-native — directly Suki-comparable),False,False
HOLOGRAM_SELECTIONS,This table stores details about each selection made in a hologram record. Which specific details are stored depends on the type of each row.,FUP_ROUTING_COMMENT,VARCHAR,False,False,Follow-up chart routing comments.,ambient/AI-scribe (Epic-native — directly Suki-comparable),False,False
HOLOGRAM_SELECTIONS,This table stores details about each selection made in a hologram record. Which specific details are stored depends on the type of each row.,FUP_USER_ACCEPTED_YN,VARCHAR,False,False,Category from ECT 101 to track whether the user has accepted the follow-up details.,ambient/AI-scribe (Epic-native — directly Suki-comparable),False,False
HOLOGRAM_SELECTIONS,This table stores details about each selection made in a hologram record. Which specific details are stored depends on the type of each row.,NT_DISPOSITION_PHONE_DISP_C_NAME,VARCHAR,True,False,Disposition from category EPT 17400.,ambient/AI-scribe (Epic-native — directly Suki-comparable),False,False
HOLOGRAM_SELECTIONS,This table stores details about each selection made in a hologram record. Which specific details are stored depends on the type of each row.,NT_DISPOSITION_LOC_ID_LOC_NAME,VARCHAR,False,False,The name of the revenue location.,ambient/AI-scribe (Epic-native — directly Suki-comparable),False,False
HOLOGRAM_SELECTIONS,This table stores details about each selection made in a hologram record. Which specific details are stored depends on the type of each row.,NT_DISPOSITION_COMMENT,VARCHAR,False,False,Disposition comment.,ambient/AI-scribe (Epic-native — directly Suki-comparable),False,False
HOLOGRAM_SELECTIONS,This table stores details about each selection made in a hologram record. Which specific details are stored depends on the type of each row.,NT_DISPOSITION_DEPARTMENT_ID_EXTERNAL_NAME,VARCHAR,False,False,The external name of the department record. This is often used in patient correspondence such as reminder letters.,ambient/AI-scribe (Epic-native — directly Suki-comparable),False,False
HOLOGRAM_SELECTIONS,This table stores details about each selection made in a hologram record. Which specific details are stored depends on the type of each row.,NT_DISP_INSTANT_UTC_DTTM,DATETIME (UTC),False,False,The disposition instant stored in UTC format.,ambient/AI-scribe (Epic-native — directly Suki-comparable),True,False
HOLOGRAM_SELECTIONS,This table stores details about each selection made in a hologram record. Which specific details are stored depends on the type of each row.,REASON_FOR_VISIT_RFV_ID_REASON_VISIT_NAME,VARCHAR,False,False,The name of the Reason for Visit record.,ambient/AI-scribe (Epic-native — directly Suki-comparable),False,False
HOLOGRAM_SELECTIONS,This table stores details about each selection made in a hologram record. Which specific details are stored depends on the type of each row.,REASON_FOR_VISIT_COMMENT,VARCHAR,False,False,Contains free text comments about a reason for visit that is being temporarily stored in a hologram record. Dynamic reflection of I SSI 10010.,ambient/AI-scribe (Epic-native — directly Suki-comparable),False,False
HOLOGRAM_SELECTIONS,This table stores details about each selection made in a hologram record. Which specific details are stored depends on the type of each row.,REASON_FOR_VISIT_ONSET_DATE,DATETIME,False,False,Contains onset date for a reason for visit that is being temporarily stored in a hologram record.,ambient/AI-scribe (Epic-native — directly Suki-comparable),True,False
HOLOGRAM_SELECTIONS_2,This table stores details about each selection made in a hologram record. Which specific details are stored depends on the type of each row. Extends HOLOGRAM_SELECTIONS.,HOLOGRAM_ID,NUMERIC,False,False,The unique identifier (.1 item) for the hologram record.,ambient/AI-scribe (Epic-native — directly Suki-comparable),False,False
HOLOGRAM_SELECTIONS_2,This table stores details about each selection made in a hologram record. Which specific details are stored depends on the type of each row. Extends HOLOGRAM_SELECTIONS.,CONTACT_DATE_REAL,FLOAT,False,False,"A unique contact date in decimal format. The integer portion of the number indicates the date of contact. The digits after the decimal distinguish different contacts on the same date and are unique for each contact on that date. For example, .00 is the first/only contact, .01 is the second contact, etc. For Hologram, the contact date is irrelevant. For the workflow timestamp, use the WORKFLOW_INST_UTC_DTTM column in the HOLOGRAM_DETAILS table.",ambient/AI-scribe (Epic-native — directly Suki-comparable),False,False
HOLOGRAM_SELECTIONS_2,This table stores details about each selection made in a hologram record. Which specific details are stored depends on the type of each row. Extends HOLOGRAM_SELECTIONS.,HOL_IS_SELECTED_YN,VARCHAR,False,False,Stores whether or not an option is selected.,ambient/AI-scribe (Epic-native — directly Suki-comparable),False,False
HOLO_SMARTTEXT_NOTE_TXT,This table contains note text temporarily stored in a hologram record.,HOLOGRAM_ID,NUMERIC,False,False,The unique identifier (.1 item) for the hologram record.,smart-tool usage (SmartText/SmartForm/SmartBlock),False,False
HOLO_SMARTTEXT_NOTE_TXT,This table contains note text temporarily stored in a hologram record.,CONTACT_DATE_REAL,FLOAT,False,False,"A unique contact date in decimal format. The integer portion of the number indicates the date of contact. The digits after the decimal distinguish different contacts on the same date and are unique for each contact on that date. For example, .00 is the first/only contact, .01 is the second contact, etc.",smart-tool usage (SmartText/SmartForm/SmartBlock),False,False
HOLO_SMARTTEXT_NOTE_TXT,This table contains note text temporarily stored in a hologram record.,LINE,INTEGER,False,False,The line number for the information associated with this contact. Multiple pieces of information can be associated with this contact.,smart-tool usage (SmartText/SmartForm/SmartBlock),False,False
HOLO_SMARTTEXT_NOTE_TXT,This table contains note text temporarily stored in a hologram record.,SMARTTEXT_NOTE_TEXT,VARCHAR,False,False,Potential note content in the Rich Text Format (RTF).,smart-tool usage (SmartText/SmartForm/SmartBlock),False,False
HSP_ACCT_BILL_NOTE,This table contains hospital account billing notes from the Hospital Accounts Receivable (HAR) master file.,HSP_ACCOUNT_ID,NUMERIC,False,False,This column stores the unique identifier for the hospital account.,"administrative/non-clinical (comment fields, billing/coverage/referral/etc.)",False,False
HSP_ACCT_BILL_NOTE,This table contains hospital account billing notes from the Hospital Accounts Receivable (HAR) master file.,LINE,INTEGER,False,False,"This column stores the line number in the results of a query. As multiple billing notes can be placed on one hospital account, each billing note will have a unique line number.","administrative/non-clinical (comment fields, billing/coverage/referral/etc.)",False,False
HSP_ACCT_BILL_NOTE,This table contains hospital account billing notes from the Hospital Accounts Receivable (HAR) master file.,BILLING_NOTE,VARCHAR,False,False,The text of a billing note associated with the hospital account.,"administrative/non-clinical (comment fields, billing/coverage/referral/etc.)",False,False
INCOMPLETE_NOTE_EPT,"Table created for the visit narrative data stored in the patient masterfile. No longer used since we use UCN now since 2010, exporting these items as a formality.",PAT_ENC_CSN_ID,NUMERIC,False,False,"The unique contact serial number for this contact. This number is unique across all patient encounters in your system. If you use IntraConnect, this is the Unique Contact Identifier (UCI).",other note/document-adjacent,False,False
INCOMPLETE_NOTE_EPT,"Table created for the visit narrative data stored in the patient masterfile. No longer used since we use UCN now since 2010, exporting these items as a formality.",LINE,INTEGER,False,False,The line number for the information associated with this contact. Multiple pieces of information can be associated with this contact.,other note/document-adjacent,False,False
INCOMPLETE_NOTE_EPT,"Table created for the visit narrative data stored in the patient masterfile. No longer used since we use UCN now since 2010, exporting these items as a formality.",PAT_ID,VARCHAR,False,False,The unique ID of the patient record for this row. This column is frequently used to link to the PATIENT table.,other note/document-adjacent,False,False
INCOMPLETE_NOTE_EPT,"Table created for the visit narrative data stored in the patient masterfile. No longer used since we use UCN now since 2010, exporting these items as a formality.",PAT_ENC_DATE_REAL,FLOAT,False,False,"A unique contact date in decimal format. The integer portion of the number indicates the date of contact. The digits after the decimal distinguish different contacts on the same date and are unique for each contact on that date. For example, .00 is the first/only contact, .01 is the second contact, etc.",other note/document-adjacent,False,False
INCOMPLETE_NOTE_EPT,"Table created for the visit narrative data stored in the patient masterfile. No longer used since we use UCN now since 2010, exporting these items as a formality.",CONTACT_DATE,DATETIME,False,False,The date of this contact in calendar format.,other note/document-adjacent,True,False
INCOMPLETE_NOTE_EPT,"Table created for the visit narrative data stored in the patient masterfile. No longer used since we use UCN now since 2010, exporting these items as a formality.",INC_NOTE_USER_ID,VARCHAR,False,False,"The user ID for an incomplete note, not used since 2010 and only exported as a formality.",other note/document-adjacent,False,False
INCOMPLETE_NOTE_EPT,"Table created for the visit narrative data stored in the patient masterfile. No longer used since we use UCN now since 2010, exporting these items as a formality.",INC_NOTE_USER_ID_NAME,VARCHAR,False,False,The name of the user record. This name may be hidden.,other note/document-adjacent,False,False
INCOMPLETE_NOTE_EPT,"Table created for the visit narrative data stored in the patient masterfile. No longer used since we use UCN now since 2010, exporting these items as a formality.",INC_NOTE_NOTE_ID,VARCHAR,False,False,"The note ID for an incomplete note, not used since 2010 and only exported as a formality.",other note/document-adjacent,False,False
INCOMPLETE_NOTE_EPT,"Table created for the visit narrative data stored in the patient masterfile. No longer used since we use UCN now since 2010, exporting these items as a formality.",INC_NOTE_TYPE_C_NAME,VARCHAR,True,False,"The note type for an incomplete note, not used since 2010 and only exported as a formality.",other note/document-adjacent,False,False
INCOMPLETE_NOTE_EPT,"Table created for the visit narrative data stored in the patient masterfile. No longer used since we use UCN now since 2010, exporting these items as a formality.",INC_NOTE_MSG_ID,VARCHAR,False,False,"The inbasket message ID for an incomplete note, not used since 2010 and only exported as a formality.",other note/document-adjacent,False,False
INCOMPLETE_NOTE_EPT,"Table created for the visit narrative data stored in the patient masterfile. No longer used since we use UCN now since 2010, exporting these items as a formality.",INC_NOTE_START_DATE_UTC_DTTM,DATETIME (UTC),False,False,"The start date for an incomplete note, not used since 2010 and only exported as a formality.",other note/document-adjacent,True,False
INCOMPLETE_NOTE_EPT,"Table created for the visit narrative data stored in the patient masterfile. No longer used since we use UCN now since 2010, exporting these items as a formality.",INC_NOTE_LAST_EDIT_UTC_DTTM,DATETIME (UTC),False,False,"The end date for an incomplete note, not used since 2010 and only exported as a formality.",other note/document-adjacent,True,False
INTERV_NOTE_INFO,This table links a care plan goal note contact to the related intervention note contacts that were filed at the same time.,NOTE_CSN_ID,NUMERIC,False,False,The unique contact serial number (CSN) of the goal note contact.,other note/document-adjacent,False,False
INTERV_NOTE_INFO,This table links a care plan goal note contact to the related intervention note contacts that were filed at the same time.,LINE,INTEGER,False,False,The line number for the information associated with this contact. Multiple pieces of information can be associated with this contact.,other note/document-adjacent,False,False
INTERV_NOTE_INFO,This table links a care plan goal note contact to the related intervention note contacts that were filed at the same time.,NOTE_ID,VARCHAR,False,False,The unique identifier for the goal note record.,other note/document-adjacent,False,False
INTERV_NOTE_INFO,This table links a care plan goal note contact to the related intervention note contacts that were filed at the same time.,CONTACT_DATE,DATETIME,False,False,The date of this contact in calendar format.,other note/document-adjacent,True,False
INTERV_NOTE_INFO,This table links a care plan goal note contact to the related intervention note contacts that were filed at the same time.,INTERV_NOTE_CSN_ID,NUMERIC,False,False,The unique contact serial number for one of the child intervention notes that was documented at the same time as this goal note. A goal note links to the contact serial numbers of all of the child intervention notes that were filed at the same time as the goal note so that this related documentation can be shown together.,other note/document-adjacent,False,False
INTERV_SMARTTEXT,This table displays the SmartTexts that are associated with intervention (LPI) records.,INTERVENTION_ID,VARCHAR,False,False,The unique identifier for the intervention record.,smart-tool usage (SmartText/SmartForm/SmartBlock),False,False
INTERV_SMARTTEXT,This table displays the SmartTexts that are associated with intervention (LPI) records.,LINE,INTEGER,False,False,The line number for the information associated with this record. Multiple pieces of information can be associated with this record.,smart-tool usage (SmartText/SmartForm/SmartBlock),False,False
INTERV_SMARTTEXT,This table displays the SmartTexts that are associated with intervention (LPI) records.,SMARTTEXTS_ID,VARCHAR,False,False,Smarttext template for intervention documentation.,smart-tool usage (SmartText/SmartForm/SmartBlock),False,False
INTERV_SMARTTEXT,This table displays the SmartTexts that are associated with intervention (LPI) records.,SMARTTEXTS_ID_SMARTTEXT_NAME,VARCHAR,False,False,The name of the SmartText record.,smart-tool usage (SmartText/SmartForm/SmartBlock),False,False
INTERV_SMARTTEXT,This table displays the SmartTexts that are associated with intervention (LPI) records.,IP_INV_LDS_ID,VARCHAR,False,False,Inpatient intervention discipline associated with this SmartText.,smart-tool usage (SmartText/SmartForm/SmartBlock),False,False
INTERV_SMARTTEXT,This table displays the SmartTexts that are associated with intervention (LPI) records.,IP_INV_LDS_ID_DISC_NAME,VARCHAR,False,False,The name of the discipline record.,smart-tool usage (SmartText/SmartForm/SmartBlock),False,False
INTERV_SMARTTEXT,This table displays the SmartTexts that are associated with intervention (LPI) records.,HH_INT_DISC_C_NAME,VARCHAR,True,False,Home Health discipline for intervention,smart-tool usage (SmartText/SmartForm/SmartBlock),False,False
IP_NOTE_TYPE,This table displays the note type for notes associated with Inpatient (INP) records.,INPATIENT_DATA_ID,VARCHAR,False,False,The unique identifier (.1 item) for the inpatient record.,other note/document-adjacent,False,False
IP_NOTE_TYPE,This table displays the note type for notes associated with Inpatient (INP) records.,LINE,INTEGER,False,False,The line number for the information associated with this record. Multiple pieces of information can be associated with this record.,other note/document-adjacent,False,False
IP_NOTE_TYPE,This table displays the note type for notes associated with Inpatient (INP) records.,TYPE_IP_C_NAME,VARCHAR,True,False,Note type of the note.,other note/document-adjacent,False,False
LAB_COSIGN_INFO,The LAB_COSIGN_INFO table contains cosign information for lab results.,ORDER_ID,NUMERIC,False,False,The unique identifier for the order record.,signature/cosign/attestation,False,False
LAB_COSIGN_INFO,The LAB_COSIGN_INFO table contains cosign information for lab results.,CONTACT_DATE_REAL,FLOAT,False,False,"A unique contact date in decimal format. The integer portion of the number indicates the date of contact. The digits after the decimal distinguish different contacts on the same date and are unique for each contact on that date. For example, .00 is the first/only contact, .01 is the second contact, etc.",signature/cosign/attestation,False,False
LAB_COSIGN_INFO,The LAB_COSIGN_INFO table contains cosign information for lab results.,LINE,INTEGER,False,False,The line number for the information associated with this contact. Multiple pieces of information can be associated with this contact.,signature/cosign/attestation,False,False
LAB_COSIGN_INFO,The LAB_COSIGN_INFO table contains cosign information for lab results.,CONTACT_DATE,DATETIME,False,False,The date of this contact in calendar format.,signature/cosign/attestation,True,False
LAB_COSIGN_INFO,The LAB_COSIGN_INFO table contains cosign information for lab results.,COSINGER_ID,VARCHAR,False,False,The unique identifier of the users who have cosigned the lab result.,signature/cosign/attestation,False,False
LAB_COSIGN_INFO,The LAB_COSIGN_INFO table contains cosign information for lab results.,COSINGER_ID_NAME,VARCHAR,False,False,The name of the user record. This name may be hidden.,signature/cosign/attestation,False,False
LAB_COSIGN_INFO,The LAB_COSIGN_INFO table contains cosign information for lab results.,AP_BILLABLE_YN,VARCHAR,False,False,Indicates whether the related cosigner is a pathologist who can charge for the Anatomic Pathology result that he/she cosigned.,signature/cosign/attestation,False,False
LN_REPRICING_NOTE_TPO,The LN_REPRICING_NOTE_TPO table contains the line level third party organization notes populated for Tapestry's generic external repricing interface.,RECORD_ID,NUMERIC,False,False,The unique identifier (.1 item) for the claim value record.,"administrative/non-clinical (comment fields, billing/coverage/referral/etc.)",False,False
LN_REPRICING_NOTE_TPO,The LN_REPRICING_NOTE_TPO table contains the line level third party organization notes populated for Tapestry's generic external repricing interface.,GROUP_LINE,INTEGER,False,False,The line number for the information associated with this record.,"administrative/non-clinical (comment fields, billing/coverage/referral/etc.)",False,False
LN_REPRICING_NOTE_TPO,The LN_REPRICING_NOTE_TPO table contains the line level third party organization notes populated for Tapestry's generic external repricing interface.,VALUE_LINE,INTEGER,False,False,The line number of one of the multiple values associated with a specific group of data within this record.,"administrative/non-clinical (comment fields, billing/coverage/referral/etc.)",False,False
LN_REPRICING_NOTE_TPO,The LN_REPRICING_NOTE_TPO table contains the line level third party organization notes populated for Tapestry's generic external repricing interface.,LN_REPRICING_NOTE_TPO,VARCHAR,False,False,The line level third party organization notes populated for Tapestry's generic external repricing interface.,"administrative/non-clinical (comment fields, billing/coverage/referral/etc.)",False,False
MAR_COSIGN_INST,List of instants at which this med administration was cosigned.,ORDER_ID,NUMERIC,False,False,The unique identifier (.1 item) for the order record.,signature/cosign/attestation,False,False
MAR_COSIGN_INST,List of instants at which this med administration was cosigned.,GROUP_LINE,INTEGER,False,False,The line number for the information associated with this record.,signature/cosign/attestation,False,False
MAR_COSIGN_INST,List of instants at which this med administration was cosigned.,VALUE_LINE,INTEGER,False,False,The line number of one of the multiple values associated with a specific group of data within this record.,signature/cosign/attestation,False,False
MAR_COSIGN_INST,List of instants at which this med administration was cosigned.,MAR_COSIGN_INSTANT,NUMERIC,False,False,Instant when the cosign took place,signature/cosign/attestation,True,False
MAR_COSIGN_USER,List of users who actually cosigned this med administration.,ORDER_ID,NUMERIC,False,False,The unique identifier (.1 item) for the order record.,signature/cosign/attestation,False,False
MAR_COSIGN_USER,List of users who actually cosigned this med administration.,GROUP_LINE,INTEGER,False,False,The line number for the information associated with this record.,signature/cosign/attestation,False,False
MAR_COSIGN_USER,List of users who actually cosigned this med administration.,VALUE_LINE,INTEGER,False,False,The line number of one of the multiple values associated with a specific group of data within this record.,signature/cosign/attestation,False,False
MAR_COSIGN_USER,List of users who actually cosigned this med administration.,MAR_COSIGN_USER_ID,VARCHAR,False,False,User (EMP) record ID of user who cosigned this med admin,signature/cosign/attestation,False,False
MAR_COSIGN_USER,List of users who actually cosigned this med administration.,MAR_COSIGN_USER_ID_NAME,VARCHAR,False,False,The name of the user record. This name may be hidden.,signature/cosign/attestation,False,False
MED_AUTH_DET_NOTE,This table extracts the note associated with a prior authorization.,REFERRAL_ID,NUMERIC,False,False,The unique identifier for the referral record.,"administrative/non-clinical (comment fields, billing/coverage/referral/etc.)",False,False
MED_AUTH_DET_NOTE,This table extracts the note associated with a prior authorization.,GROUP_LINE,INTEGER,False,False,The line number for the information associated with this record.,"administrative/non-clinical (comment fields, billing/coverage/referral/etc.)",False,False
MED_AUTH_DET_NOTE,This table extracts the note associated with a prior authorization.,VALUE_LINE,INTEGER,False,False,The line number of one of the multiple values associated with a specific group of data within this record.,"administrative/non-clinical (comment fields, billing/coverage/referral/etc.)",False,False
MED_AUTH_DET_NOTE,This table extracts the note associated with a prior authorization.,PA_DETAIL_NOTE,VARCHAR,False,False,This item holds the note associated with the prior authorization details.,"administrative/non-clinical (comment fields, billing/coverage/referral/etc.)",False,False
MED_DISCONTINUE_NOTE,This table extracts the multiline discontinue note associated with a medication within a document received.,DOCUMENT_ID,NUMERIC,False,False,The unique identifier (.1 item) for the document record.,"administrative/non-clinical (comment fields, billing/coverage/referral/etc.)",False,False
MED_DISCONTINUE_NOTE,This table extracts the multiline discontinue note associated with a medication within a document received.,CONTACT_DATE_REAL,FLOAT,False,False,"A unique contact date in decimal format. The integer portion of the number indicates the date of contact. The digits after the decimal distinguish different contacts on the same date and are unique for each contact on that date. For example, .00 is the first/only contact, .01 is the second contact, etc.","administrative/non-clinical (comment fields, billing/coverage/referral/etc.)",False,False
MED_DISCONTINUE_NOTE,This table extracts the multiline discontinue note associated with a medication within a document received.,GROUP_LINE,INTEGER,False,False,The line number of the medication in the document received. Together with the document ID and the real contact date this forms the foreign key to the CENTRAL_DB_DOCS_RECV table.,"administrative/non-clinical (comment fields, billing/coverage/referral/etc.)",False,False
MED_DISCONTINUE_NOTE,This table extracts the multiline discontinue note associated with a medication within a document received.,VALUE_LINE,INTEGER,False,False,The line number of one of the multiple notes on a medication associated with the document received and the medication from the medication info table.,"administrative/non-clinical (comment fields, billing/coverage/referral/etc.)",False,False
MED_DISCONTINUE_NOTE,This table extracts the multiline discontinue note associated with a medication within a document received.,CONTACT_DATE,DATETIME,False,False,The date of this contact in calendar format.,"administrative/non-clinical (comment fields, billing/coverage/referral/etc.)",True,False
MED_PA_NOTE_FROM_PAYER,This table holds the note received from the payer for an electronic prior authorization action.,REFERRAL_ID,NUMERIC,False,False,The unique identifier for the referral record.,"administrative/non-clinical (comment fields, billing/coverage/referral/etc.)",False,False
MED_PA_NOTE_FROM_PAYER,This table holds the note received from the payer for an electronic prior authorization action.,GROUP_LINE,INTEGER,False,False,The line number for the information associated with this record.,"administrative/non-clinical (comment fields, billing/coverage/referral/etc.)",False,False
MED_PA_NOTE_FROM_PAYER,This table holds the note received from the payer for an electronic prior authorization action.,VALUE_LINE,INTEGER,False,False,The line number of one of the multiple values associated with a specific group of data within this record.,"administrative/non-clinical (comment fields, billing/coverage/referral/etc.)",False,False
MED_PA_NOTE_FROM_PAYER,This table holds the note received from the payer for an electronic prior authorization action.,PA_NOTE_FROM_PAYER,VARCHAR,False,False,This item holds the note received from the payer during a prior authorization interaction.,"administrative/non-clinical (comment fields, billing/coverage/referral/etc.)",False,False
MED_PA_NOTE_TO_PAYER,This table holds the note sent to the payer for an electronic prior authorization action.,REFERRAL_ID,NUMERIC,False,False,The unique identifier for the referral record.,"administrative/non-clinical (comment fields, billing/coverage/referral/etc.)",False,False
MED_PA_NOTE_TO_PAYER,This table holds the note sent to the payer for an electronic prior authorization action.,GROUP_LINE,INTEGER,False,False,The line number for the information associated with this record.,"administrative/non-clinical (comment fields, billing/coverage/referral/etc.)",False,False
MED_PA_NOTE_TO_PAYER,This table holds the note sent to the payer for an electronic prior authorization action.,VALUE_LINE,INTEGER,False,False,The line number of one of the multiple values associated with a specific group of data within this record.,"administrative/non-clinical (comment fields, billing/coverage/referral/etc.)",False,False
MED_PA_NOTE_TO_PAYER,This table holds the note sent to the payer for an electronic prior authorization action.,PA_NOTE_TO_PAYER,VARCHAR,False,False,This item holds the note sent to the payer in a prior authorization interaction.,"administrative/non-clinical (comment fields, billing/coverage/referral/etc.)",False,False
NOTES_ACCT,This table contains summary information for billing system account notepad notes attached to accounts.,NOTE_ID,VARCHAR,False,False,The unique ID of the Account Notepad note record.,core note lifecycle,False,False
NOTES_ACCT,This table contains summary information for billing system account notepad notes attached to accounts.,ACCOUNT_ID,NUMERIC,False,False,This column stores the unique identifier for the guarantor associated with the note. It is only populated for guarantor-level notes.,core note lifecycle,False,False
NOTES_ACCT,This table contains summary information for billing system account notepad notes attached to accounts.,ACTIVE_STATUS,VARCHAR,False,False,The status of the note: active or inactive.,core note lifecycle,False,False
NOTES_ACCT,This table contains summary information for billing system account notepad notes attached to accounts.,ENTRY_USER_ID,VARCHAR,False,False,"The ID of the user who manually created the note. If the note was automatically created by billing system, this is the person who executed the activity that triggered the note creation. This ID may be encrypted",core note lifecycle,False,False
NOTES_ACCT,This table contains summary information for billing system account notepad notes attached to accounts.,ENTRY_USER_ID_NAME,VARCHAR,False,False,The name of the user record. This name may be hidden.,core note lifecycle,False,False
NOTES_ACCT,This table contains summary information for billing system account notepad notes attached to accounts.,INVOICE_NUMBER,VARCHAR,False,False,The invoice number associated with this note.,core note lifecycle,False,False
NOTES_ACCT,This table contains summary information for billing system account notepad notes attached to accounts.,NOTE_ENTRY_DTTM,DATETIME (Local),False,False,The date and time the account note was created.,core note lifecycle,True,False
NOTES_HISTORY_LOG,"This table contains the Edit History Information for all Notes (HNO records). Shows information about the type of edit, when the note was edited, and the user who made the edit.",NOTE_CSN_ID,NUMERIC,False,False,A unique serial number identifier for this note contact.,core note lifecycle,False,False
NOTES_HISTORY_LOG,"This table contains the Edit History Information for all Notes (HNO records). Shows information about the type of edit, when the note was edited, and the user who made the edit.",LINE,INTEGER,False,False,"The line number of data, within the note contact.",core note lifecycle,False,False
NOTES_HISTORY_LOG,"This table contains the Edit History Information for all Notes (HNO records). Shows information about the type of edit, when the note was edited, and the user who made the edit.",NOTE_ID,VARCHAR,False,False,"The Note ID, or General Use Notes (HNO) record number.",core note lifecycle,False,False
NOTES_HISTORY_LOG,"This table contains the Edit History Information for all Notes (HNO records). Shows information about the type of edit, when the note was edited, and the user who made the edit.",CONTACT_DATE_REAL,FLOAT,False,False,This is a numeric representation of the date of this encounter in your system. The integer portion of the number specifies the date of the encounter. The digits after the decimal point indicate multiple visits on one day.,core note lifecycle,False,False
NOTES_HISTORY_LOG,"This table contains the Edit History Information for all Notes (HNO records). Shows information about the type of edit, when the note was edited, and the user who made the edit.",CONTACT_DATE,DATETIME,False,False,The date (calendar format) on which the encounter took place.,core note lifecycle,True,False
NOTES_HISTORY_LOG,"This table contains the Edit History Information for all Notes (HNO records). Shows information about the type of edit, when the note was edited, and the user who made the edit.",EDIT_HX_INSTANT,DATETIME (Local),False,False,The instant at which the History Edit Action was performed.,core note lifecycle,True,True
NOTES_HISTORY_LOG,"This table contains the Edit History Information for all Notes (HNO records). Shows information about the type of edit, when the note was edited, and the user who made the edit.",EDIT_HX_ACTION_C_NAME,VARCHAR,False,False,"The edit action that was performed on the note. Examples include Activate, Inactivate, and Edit.",core note lifecycle,False,False
NOTES_HISTORY_LOG,"This table contains the Edit History Information for all Notes (HNO records). Shows information about the type of edit, when the note was edited, and the user who made the edit.",EDIT_HX_INFO,VARCHAR,False,False,This item can contain additional general edit information about the edit.,core note lifecycle,False,False
NOTES_HISTORY_LOG,"This table contains the Edit History Information for all Notes (HNO records). Shows information about the type of edit, when the note was edited, and the user who made the edit.",EDIT_HX_EXP_DATE,DATETIME,False,False,This item stores the FYI expiration date at the time that this record was modified.,core note lifecycle,True,False
NOTES_LAB,"Contains lab-specific information about notes. Only notes associated with labs, which are notes (HNOs) with a Note Type (I HNO 50) value of 81-Lab, are included.",NOTE_ID,VARCHAR,False,False,The unique ID of the note record.,core note lifecycle,False,False
NOTES_LAB,"Contains lab-specific information about notes. Only notes associated with labs, which are notes (HNOs) with a Note Type (I HNO 50) value of 81-Lab, are included.",LAB_NOTE_SUB_TYPE_C_NAME,VARCHAR,False,False,The Lab type for this note. Only Lab notes have a value populated for this item.,core note lifecycle,False,False
NOTES_LINK_ORD_TXN,Orders linked to/from the HNO (notes) master file by order based transcriptions.,NOTE_ID,VARCHAR,False,False,The unique ID associated with the note record for this row.,core note lifecycle,False,False
NOTES_LINK_ORD_TXN,Orders linked to/from the HNO (notes) master file by order based transcriptions.,LINE,INTEGER,False,False,The line number for the information associated with this record. Multiple pieces of information can be associated with this record.,core note lifecycle,False,False
NOTES_LINK_ORD_TXN,Orders linked to/from the HNO (notes) master file by order based transcriptions.,LINKED_ORD_ID,NUMERIC,False,False,Orders linked to/from the note records by order based transcriptions.,core note lifecycle,False,False
NOTES_MC_NMM,This table contains the information about notes (HNO) records attached to case (NMM) records.,CASE_ID,NUMERIC,False,False,The unique internal id of the case record.,core note lifecycle,False,False
NOTES_MC_NMM,This table contains the information about notes (HNO) records attached to case (NMM) records.,LINE,INTEGER,False,False,The line number of the note attached to the case.,core note lifecycle,False,False
NOTES_MC_NMM,This table contains the information about notes (HNO) records attached to case (NMM) records.,NOTE_ID,VARCHAR,False,False,The unique ID of the note record attached to the case.,core note lifecycle,False,False
NOTES_MC_NMM,This table contains the information about notes (HNO) records attached to case (NMM) records.,NOTE_DATE,DATETIME,False,False,The date when the note was created.,core note lifecycle,True,False
NOTES_MC_NMM,This table contains the information about notes (HNO) records attached to case (NMM) records.,NOTE_TIME,DATETIME (Local),False,False,The time the note was created.,core note lifecycle,True,False
NOTES_MC_NMM,This table contains the information about notes (HNO) records attached to case (NMM) records.,NOTE_USER_ID,VARCHAR,False,False,The unique ID of the user who created the note.,core note lifecycle,False,False
NOTES_MC_NMM,This table contains the information about notes (HNO) records attached to case (NMM) records.,NOTE_USER_ID_NAME,VARCHAR,False,False,The name of the user record. This name may be hidden.,core note lifecycle,False,False
NOTES_PROC_ORDERS,This table contains a list of procedure orders linked to ambulatory procedure notes.,NOTE_ID,VARCHAR,False,False,The internal unique ID of the note.,core note lifecycle,False,False
NOTES_PROC_ORDERS,This table contains a list of procedure orders linked to ambulatory procedure notes.,CONTACT_DATE_REAL,FLOAT,False,False,"A unique, internal contact date in decimal format. The integer portion of the number indicates the date of the contact. The digits after the decimal distinguish different contacts on the same date and are unique for each contact on that date. For example, .00 is the first/only contact, .01 is the second contact, etc.",core note lifecycle,False,False
NOTES_PROC_ORDERS,This table contains a list of procedure orders linked to ambulatory procedure notes.,LINE,INTEGER,False,False,The line number for the information associated with this contact. Multiple pieces of information can be associated with this contact.,core note lifecycle,False,False
NOTES_PROC_ORDERS,This table contains a list of procedure orders linked to ambulatory procedure notes.,ASC_PROC_ORDERS_ID,NUMERIC,False,False,The unique ID of a linked procedure order for ambulatory procedure notes.,core note lifecycle,False,False
NOTES_PROC_PRE_DX,This table contains a list of preoperative diagnoses for ambulatory procedure notes.,NOTE_ID,VARCHAR,False,False,The unique ID of the note.,core note lifecycle,False,False
NOTES_PROC_PRE_DX,This table contains a list of preoperative diagnoses for ambulatory procedure notes.,CONTACT_DATE_REAL,FLOAT,False,False,"A unique, internal contact date in decimal format. The integer portion of the number indicates the date of the contact. The digits after the decimal distinguish different contacts on the same date and are unique for each contact on that date. For example, .00 is the first/only contact, .01 is the second contact, etc.",core note lifecycle,False,False
NOTES_PROC_PRE_DX,This table contains a list of preoperative diagnoses for ambulatory procedure notes.,LINE,INTEGER,False,False,The line number for the information associated with this contact. Multiple pieces of information can be associated with this contact.,core note lifecycle,False,False
NOTES_PROC_PRE_DX,This table contains a list of preoperative diagnoses for ambulatory procedure notes.,PROC_NOTE_PRE_DX_DX_NAME,VARCHAR,False,False,The name of the diagnosis.,core note lifecycle,False,False
NOTES_PROC_PROCS,This table contains a list of procedures for ambulatory procedure notes.,NOTE_ID,VARCHAR,False,False,The unique ID of the note.,core note lifecycle,False,False
NOTES_PROC_PROCS,This table contains a list of procedures for ambulatory procedure notes.,CONTACT_DATE_REAL,FLOAT,False,False,"A unique, internal contact date in decimal format. The integer portion of the number indicates the date of the contact. The digits after the decimal distinguish different contacts on the same date and are unique for each contact on that date. For example, .00 is the first/only contact, .01 is the second contact, etc.",core note lifecycle,False,False
NOTES_PROC_PROCS,This table contains a list of procedures for ambulatory procedure notes.,LINE,INTEGER,False,False,The line number for the information associated with this contact. Multiple pieces of information can be associated with this contact.,core note lifecycle,False,False
NOTES_PROC_PROCS,This table contains a list of procedures for ambulatory procedure notes.,PROC_NOTE_PROCEDUR_PROC_NAME,VARCHAR,False,False,The name of each procedure.,core note lifecycle,False,False
NOTES_PROC_PST_DX,This table contains a list of postoperative diagnoses for ambulatory procedure notes.,NOTE_ID,VARCHAR,False,False,The unique ID of the note.,core note lifecycle,False,False
NOTES_PROC_PST_DX,This table contains a list of postoperative diagnoses for ambulatory procedure notes.,CONTACT_DATE_REAL,FLOAT,False,False,"A unique, internal contact date in decimal format. The integer portion of the number indicates the date of the contact. The digits after the decimal distinguish different contacts on the same date and are unique for each contact on that date. For example, .00 is the first/only contact, .01 is the second contact, etc.",core note lifecycle,False,False
NOTES_PROC_PST_DX,This table contains a list of postoperative diagnoses for ambulatory procedure notes.,LINE,INTEGER,False,False,The line number for the information associated with this contact. Multiple pieces of information can be associated with this contact.,core note lifecycle,False,False
NOTES_PROC_PST_DX,This table contains a list of postoperative diagnoses for ambulatory procedure notes.,PROC_NOTE_PST_DX_DX_NAME,VARCHAR,False,False,The name of the diagnosis.,core note lifecycle,False,False
NOTES_TRANS_AUTH,This table contains transcription authorization info.,NOTE_CSN_ID,NUMERIC,False,False,The contact serial number (CSN) of the contact.,core note lifecycle,False,False
NOTES_TRANS_AUTH,This table contains transcription authorization info.,LINE,INTEGER,False,False,The line number for the information associated with this contact. Multiple pieces of information can be associated with this contact.,core note lifecycle,False,False
NOTES_TRANS_AUTH,This table contains transcription authorization info.,AUTH_PROV_ID_PROV_NAME,VARCHAR,False,False,The name of the service provider. This item may be hidden in a public view of the CLARITY_SER table.,core note lifecycle,False,False
NOTES_TRANS_AUTH,This table contains transcription authorization info.,AUTH_DTTM,DATETIME (Local),False,False,Date and time the transcription was authenticated,core note lifecycle,True,False
NOTES_TRANS_AUTH,This table contains transcription authorization info.,AUTH_USER_ID,VARCHAR,False,False,Id of the user who authenticated the transcription,core note lifecycle,False,False
NOTES_TRANS_AUTH,This table contains transcription authorization info.,AUTH_USER_ID_NAME,VARCHAR,False,False,The name of the user record. This name may be hidden.,core note lifecycle,False,False
NOTES_TRANS_AUTH,This table contains transcription authorization info.,DICTATION_TIME,DATETIME (Local),False,False,This is the dictation date and time in datetime format. Please note that this only contains information for authorized transcriptions.,core note lifecycle,True,False
NOTES_TRANS_AUTH,This table contains transcription authorization info.,TRANSCRIPTION_TIME,DATETIME (Local),False,False,This is the transcription date and time in datetime format. Please note that this only contains information for authorized transcriptions.,core note lifecycle,True,False
NOTES_TRANS_AUTH,This table contains transcription authorization info.,ACTIVITY_DTTM,DATETIME (Local),False,False,This is the activity date and time in datetime format.,core note lifecycle,True,False
NOTES_TRANS_AUTH,This table contains transcription authorization info.,ORIGINATOR_ID_PROV_NAME,VARCHAR,False,False,The name of the service provider. This item may be hidden in a public view of the CLARITY_SER table.,core note lifecycle,False,False
NOTES_TRANS_AUTH,This table contains transcription authorization info.,EDIT_DTTM,DATETIME (Local),False,False,This is the transcription edit date and time in datetime format.,core note lifecycle,True,False
NOTES_TRANS_AUTH,This table contains transcription authorization info.,CHR_CNT_DTTM,DATETIME (Local),False,False,The date and time in which the transcription character count was recorded.,core note lifecycle,True,False
NOTES_TRANS_AUTH,This table contains transcription authorization info.,CHR_CNT_MET,FLOAT,False,False,The character count of the transcription.,core note lifecycle,False,False
NOTES_TRANS_AUTH,This table contains transcription authorization info.,DICT_PRIORITY_C_NAME,VARCHAR,False,False,The dictation priority category number for the transcription.,core note lifecycle,False,False
NOTES_TRANS_IB,This table contains information about the transcription In Basket notes.,NOTE_CSN_ID,NUMERIC,False,False,The contact serial number (CSN) of the contact.,core note lifecycle,False,False
NOTES_TRANS_IB,This table contains information about the transcription In Basket notes.,IB_PRIORITY_C_NAME,VARCHAR,True,False,Stores the In Basket message priority for this note record.,core note lifecycle,False,False
NOTE_AMBIENT_SECTIONS,Stores ambient note section information.,NOTE_ID,VARCHAR,False,False,The unique identifier (.1 item) for the note record.,ambient/AI-scribe (Epic-native — directly Suki-comparable),False,False
NOTE_AMBIENT_SECTIONS,Stores ambient note section information.,LINE,INTEGER,False,False,The line number for the information associated with this record. Multiple pieces of information can be associated with this record.,ambient/AI-scribe (Epic-native — directly Suki-comparable),False,False
NOTE_AMBIENT_SECTIONS,Stores ambient note section information.,AMBIENT_SESSION_SECTION_IDENT,VARCHAR,False,False,Stores the Ambient Note Section ID that was updated by the user. Points to I DXR 41500.,ambient/AI-scribe (Epic-native — directly Suki-comparable),False,False
NOTE_AMBIENT_SECTIONS,Stores ambient note section information.,AMBIENT_SESSION_IDENT,VARCHAR,False,False,Stores the Ambient Session ID that this HNO pulled in note section data from. Points to DXR.,ambient/AI-scribe (Epic-native — directly Suki-comparable),False,False
NOTE_ATTACHED_IMG,Stores the document IDs of images attached to the note from Canto.,NOTE_ID,VARCHAR,False,False,The unique identifier for the note record.,core note lifecycle,False,False
NOTE_ATTACHED_IMG,Stores the document IDs of images attached to the note from Canto.,LINE,INTEGER,False,False,The line number for the attached image associated with this note. Multiple pieces of information can be associated with this record.,core note lifecycle,False,False
NOTE_ATTACHED_IMG,Stores the document IDs of images attached to the note from Canto.,NOTE_IMG_DOC_ID,VARCHAR,False,False,Stores the storage ID of images attached to the note from Canto.,core note lifecycle,False,False
NOTE_BLOCKING,This table stores the reasons for blocking the sharing of a note.,NOTE_CSN_ID,NUMERIC,False,False,The contact serial number (CSN) of the contact.,core note lifecycle,False,False
NOTE_BLOCKING,This table stores the reasons for blocking the sharing of a note.,LINE,INTEGER,False,False,The line number for the information associated with this contact. Multiple pieces of information can be associated with this contact.,core note lifecycle,False,False
NOTE_BLOCKING,This table stores the reasons for blocking the sharing of a note.,NOTE_ID,VARCHAR,False,False,The unique identifier (.1 item) for the note record.,core note lifecycle,False,False
NOTE_BLOCKING,This table stores the reasons for blocking the sharing of a note.,CONTACT_DATE,DATETIME,False,False,The date of this contact in calendar format.,core note lifecycle,True,False
NOTE_BLOCKING,This table stores the reasons for blocking the sharing of a note.,MULT_BLOCK_REASON_C_NAME,VARCHAR,True,False,Discrete reasons why user chose to block the sharing of the note.,core note lifecycle,False,False
NOTE_CONTENT_INFO,This table contains discrete information pertaining to the type of content contained within the note text of a clinical note.,NOTE_CSN_ID,NUMERIC,False,False,The contact serial number (CSN) of the contact.,core note lifecycle,False,False
NOTE_CONTENT_INFO,This table contains discrete information pertaining to the type of content contained within the note text of a clinical note.,LINE,INTEGER,False,False,The line number for the information associated with this contact. Multiple pieces of information can be associated with this contact.,core note lifecycle,False,False
NOTE_CONTENT_INFO,This table contains discrete information pertaining to the type of content contained within the note text of a clinical note.,NOTE_ID,VARCHAR,False,False,The unique identifier for the note record.,core note lifecycle,False,False
NOTE_CONTENT_INFO,This table contains discrete information pertaining to the type of content contained within the note text of a clinical note.,CONTACT_DATE_REAL,FLOAT,False,False,"A unique contact date in decimal format. The integer portion of the number indicates the date of contact. The digits after the decimal distinguish different contacts on the same date and are unique for each contact on that date. For example, .00 is the first/only contact, .01 is the second contact, etc.",core note lifecycle,False,False
NOTE_CONTENT_INFO,This table contains discrete information pertaining to the type of content contained within the note text of a clinical note.,CONTACT_DATE,DATETIME,False,False,The date of this contact in calendar format.,core note lifecycle,True,False
NOTE_COPY_TRACKING,Track the source note information that this note was copied from.,NOTE_ID,VARCHAR,False,False,The unique identifier (.1 item) for the note record.,core note lifecycle,False,False
NOTE_COPY_TRACKING,Track the source note information that this note was copied from.,LINE,INTEGER,False,False,The line number for the information associated with this record. Multiple pieces of information can be associated with this record.,core note lifecycle,False,False
NOTE_COPY_TRACKING,Track the source note information that this note was copied from.,NOTE_COPY_INST_DTTM,DATETIME (UTC),False,False,The instant (UTC) when this note was copied.,core note lifecycle,True,False
NOTE_COPY_TRACKING,Track the source note information that this note was copied from.,NOTE_COPY_LOC_DTTM,DATETIME (Local),False,False,The instant when this note was copied.,core note lifecycle,True,False
NOTE_DENT_PROCS,Dental procedures linked to this dental procedure note.,NOTE_ID,VARCHAR,False,False,The unique identifier (.1 item) for the note record.,core note lifecycle,False,False
NOTE_DENT_PROCS,Dental procedures linked to this dental procedure note.,LINE,INTEGER,False,False,The line number for the information associated with this record. Multiple pieces of information can be associated with this record.,core note lifecycle,False,False
NOTE_DENT_PROCS,Dental procedures linked to this dental procedure note.,DENT_PROC_FINDING_ID,NUMERIC,False,False,Stores dental procedures that are linked to this dental procedure note.,core note lifecycle,False,False
NOTE_EDIT_TRAIL,This table displays edit trail information for notes (HNO).,NOTE_ID,VARCHAR,False,False,The unique identifier (.1 item) for the note record.,core note lifecycle,False,False
NOTE_EDIT_TRAIL,This table displays edit trail information for notes (HNO).,LINE,INTEGER,False,False,The line number for the information associated with this record. Multiple pieces of information can be associated with this record.,core note lifecycle,False,False
NOTE_EDIT_TRAIL,This table displays edit trail information for notes (HNO).,IP_ACTION_DTTM,DATETIME (Local),False,False,Instant associated with a particular action taken on a note in local format.,core note lifecycle,True,False
NOTE_EDIT_TRAIL,This table displays edit trail information for notes (HNO).,ACT_TAKEN_INST_DTTM,DATETIME (UTC),False,False,UTC formatted instant associated with a particular action taken on a note.,core note lifecycle,True,False
NOTE_ENC_INFO,"This table contains information from overtime single-response items about General Use Notes (HNO) records. Contact creation logic for clinical notes is as follows: 1. If a note doesn't exist, a new note is created. This represents the first contact on that note. 2. If a revision is filed by the incoming transcription interface, a new contact is created on the note being revised regardless of note status.",NOTE_ID,VARCHAR,False,False,The unique identifier for the note record.,core note lifecycle,False,False
NOTE_ENC_INFO,"This table contains information from overtime single-response items about General Use Notes (HNO) records. Contact creation logic for clinical notes is as follows: 1. If a note doesn't exist, a new note is created. This represents the first contact on that note. 2. If a revision is filed by the incoming transcription interface, a new contact is created on the note being revised regardless of note status.",CONTACT_SERIAL_NUM,NUMERIC,False,False,The contact serial number (CSN) of the contact.,core note lifecycle,False,False
NOTE_ENC_INFO,"This table contains information from overtime single-response items about General Use Notes (HNO) records. Contact creation logic for clinical notes is as follows: 1. If a note doesn't exist, a new note is created. This represents the first contact on that note. 2. If a revision is filed by the incoming transcription interface, a new contact is created on the note being revised regardless of note status.",CONTACT_DATE_REAL,FLOAT,False,False,"A unique, internal contact date in decimal format. The integer portion of the number indicates the date of the contact. The digits after the decimal distinguish different contacts on the same date and are unique for each contact on that date. For example, .00 is the first/only contact, .01 is the second contact, etc.",core note lifecycle,False,False
NOTE_ENC_INFO,"This table contains information from overtime single-response items about General Use Notes (HNO) records. Contact creation logic for clinical notes is as follows: 1. If a note doesn't exist, a new note is created. This represents the first contact on that note. 2. If a revision is filed by the incoming transcription interface, a new contact is created on the note being revised regardless of note status.",COSIGN_INSTANT_DTTM,DATETIME (UTC),False,False,The instant when the note was cosigned.,core note lifecycle,True,False
NOTE_ENC_INFO,"This table contains information from overtime single-response items about General Use Notes (HNO) records. Contact creation logic for clinical notes is as follows: 1. If a note doesn't exist, a new note is created. This represents the first contact on that note. 2. If a revision is filed by the incoming transcription interface, a new contact is created on the note being revised regardless of note status.",COSIGNUSER_ID,VARCHAR,False,False,The user who cosigned the note.,core note lifecycle,False,False
NOTE_ENC_INFO,"This table contains information from overtime single-response items about General Use Notes (HNO) records. Contact creation logic for clinical notes is as follows: 1. If a note doesn't exist, a new note is created. This represents the first contact on that note. 2. If a revision is filed by the incoming transcription interface, a new contact is created on the note being revised regardless of note status.",COSIGNUSER_ID_NAME,VARCHAR,False,False,The name of the user record. This name may be hidden.,core note lifecycle,False,False
NOTE_ENC_INFO,"This table contains information from overtime single-response items about General Use Notes (HNO) records. Contact creation logic for clinical notes is as follows: 1. If a note doesn't exist, a new note is created. This represents the first contact on that note. 2. If a revision is filed by the incoming transcription interface, a new contact is created on the note being revised regardless of note status.",COSIGN_NOTE_LINK,NUMERIC,False,False,A note contact serial number (CSN) that points to the attending's note that cosigned this one.,core note lifecycle,False,False
NOTE_ENC_INFO,"This table contains information from overtime single-response items about General Use Notes (HNO) records. Contact creation logic for clinical notes is as follows: 1. If a note doesn't exist, a new note is created. This represents the first contact on that note. 2. If a revision is filed by the incoming transcription interface, a new contact is created on the note being revised regardless of note status.",COSIGN_REQUIRED_C_NAME,VARCHAR,True,False,The cosign requirement for the current note contact.,core note lifecycle,False,False
NOTE_ENC_INFO,"This table contains information from overtime single-response items about General Use Notes (HNO) records. Contact creation logic for clinical notes is as follows: 1. If a note doesn't exist, a new note is created. This represents the first contact on that note. 2. If a revision is filed by the incoming transcription interface, a new contact is created on the note being revised regardless of note status.",AUTH_LNKED_PROV_ID_PROV_NAME,VARCHAR,False,False,The name of the service provider. This item may be hidden in a public view of the CLARITY_SER table.,core note lifecycle,False,False
NOTE_ENC_INFO,"This table contains information from overtime single-response items about General Use Notes (HNO) records. Contact creation logic for clinical notes is as follows: 1. If a note doesn't exist, a new note is created. This represents the first contact on that note. 2. If a revision is filed by the incoming transcription interface, a new contact is created on the note being revised regardless of note status.",AUTHOR_SERVICE_C_NAME,VARCHAR,True,False,The author's clinical service.,core note lifecycle,False,False
NOTE_ENC_INFO,"This table contains information from overtime single-response items about General Use Notes (HNO) records. Contact creation logic for clinical notes is as follows: 1. If a note doesn't exist, a new note is created. This represents the first contact on that note. 2. If a revision is filed by the incoming transcription interface, a new contact is created on the note being revised regardless of note status.",ENTRY_INSTANT_DTTM,DATETIME (UTC),False,False,UTC formatted instant of entry for a note.,core note lifecycle,True,False
NOTE_ENC_INFO,"This table contains information from overtime single-response items about General Use Notes (HNO) records. Contact creation logic for clinical notes is as follows: 1. If a note doesn't exist, a new note is created. This represents the first contact on that note. 2. If a revision is filed by the incoming transcription interface, a new contact is created on the note being revised regardless of note status.",UPD_AUTHOR_INS_DTTM,DATETIME (UTC),False,False,UTC instant of update by a specific user.,core note lifecycle,True,False
NOTE_ENC_INFO,"This table contains information from overtime single-response items about General Use Notes (HNO) records. Contact creation logic for clinical notes is as follows: 1. If a note doesn't exist, a new note is created. This represents the first contact on that note. 2. If a revision is filed by the incoming transcription interface, a new contact is created on the note being revised regardless of note status.",SPEC_NOTE_TIME_DTTM,DATETIME (UTC),False,False,The note's specified date paired with the specified time.,core note lifecycle,True,False
NOTE_ENC_INFO,"This table contains information from overtime single-response items about General Use Notes (HNO) records. Contact creation logic for clinical notes is as follows: 1. If a note doesn't exist, a new note is created. This represents the first contact on that note. 2. If a revision is filed by the incoming transcription interface, a new contact is created on the note being revised regardless of note status.",NOTE_FILE_TIME_DTTM,DATETIME (UTC),False,False,UTC formatted instant of when a note is filed.,core note lifecycle,True,False
NOTE_ENC_INFO,"This table contains information from overtime single-response items about General Use Notes (HNO) records. Contact creation logic for clinical notes is as follows: 1. If a note doesn't exist, a new note is created. This represents the first contact on that note. 2. If a revision is filed by the incoming transcription interface, a new contact is created on the note being revised regardless of note status.",AUTHOR_PRVD_TYPE_C_NAME,VARCHAR,True,False,Author's provider type on a specific contact.,core note lifecycle,False,False
NOTE_ENC_INFO,"This table contains information from overtime single-response items about General Use Notes (HNO) records. Contact creation logic for clinical notes is as follows: 1. If a note doesn't exist, a new note is created. This represents the first contact on that note. 2. If a revision is filed by the incoming transcription interface, a new contact is created on the note being revised regardless of note status.",NOTE_STATUS_C_NAME,VARCHAR,True,False,The status of the note.,core note lifecycle,False,False
NOTE_ENC_INFO,"This table contains information from overtime single-response items about General Use Notes (HNO) records. Contact creation logic for clinical notes is as follows: 1. If a note doesn't exist, a new note is created. This represents the first contact on that note. 2. If a revision is filed by the incoming transcription interface, a new contact is created on the note being revised regardless of note status.",UPDATE_USER_ID,VARCHAR,False,False,The id of the user who updated this contact of the note.,core note lifecycle,False,False
NOTE_ENC_INFO,"This table contains information from overtime single-response items about General Use Notes (HNO) records. Contact creation logic for clinical notes is as follows: 1. If a note doesn't exist, a new note is created. This represents the first contact on that note. 2. If a revision is filed by the incoming transcription interface, a new contact is created on the note being revised regardless of note status.",UPDATE_USER_ID_NAME,VARCHAR,False,False,The name of the user record. This name may be hidden.,core note lifecycle,False,False
NOTE_ENC_INFO,"This table contains information from overtime single-response items about General Use Notes (HNO) records. Contact creation logic for clinical notes is as follows: 1. If a note doesn't exist, a new note is created. This represents the first contact on that note. 2. If a revision is filed by the incoming transcription interface, a new contact is created on the note being revised regardless of note status.",CONTACT_DATE,DATETIME,False,False,The date of this contact in calendar format.,core note lifecycle,True,False
NOTE_ENC_INFO,"This table contains information from overtime single-response items about General Use Notes (HNO) records. Contact creation logic for clinical notes is as follows: 1. If a note doesn't exist, a new note is created. This represents the first contact on that note. 2. If a revision is filed by the incoming transcription interface, a new contact is created on the note being revised regardless of note status.",TRN_DOC_AVAIL_STA_C_NAME,VARCHAR,True,False,The availability status of the transcription.,core note lifecycle,False,False
NOTE_ENC_INFO,"This table contains information from overtime single-response items about General Use Notes (HNO) records. Contact creation logic for clinical notes is as follows: 1. If a note doesn't exist, a new note is created. This represents the first contact on that note. 2. If a revision is filed by the incoming transcription interface, a new contact is created on the note being revised regardless of note status.",TRN_DOC_TYPE_C_NAME,VARCHAR,True,False,The document type of the transcription.,core note lifecycle,False,False
NOTE_ENC_INFO,"This table contains information from overtime single-response items about General Use Notes (HNO) records. Contact creation logic for clinical notes is as follows: 1. If a note doesn't exist, a new note is created. This represents the first contact on that note. 2. If a revision is filed by the incoming transcription interface, a new contact is created on the note being revised regardless of note status.",SENSITIVE_STAT_C_NAME,VARCHAR,True,False,Sensitive status of a note.,core note lifecycle,False,False
NOTE_ENC_INFO,"This table contains information from overtime single-response items about General Use Notes (HNO) records. Contact creation logic for clinical notes is as follows: 1. If a note doesn't exist, a new note is created. This represents the first contact on that note. 2. If a revision is filed by the incoming transcription interface, a new contact is created on the note being revised regardless of note status.",AUTHOR_USER_ID,VARCHAR,False,False,The unique ID associated with the user who is the author of the note.,core note lifecycle,False,False
NOTE_ENC_INFO,"This table contains information from overtime single-response items about General Use Notes (HNO) records. Contact creation logic for clinical notes is as follows: 1. If a note doesn't exist, a new note is created. This represents the first contact on that note. 2. If a revision is filed by the incoming transcription interface, a new contact is created on the note being revised regardless of note status.",AUTHOR_USER_ID_NAME,VARCHAR,False,False,The name of the user record. This name may be hidden.,core note lifecycle,False,False
NOTE_ENC_INFO,"This table contains information from overtime single-response items about General Use Notes (HNO) records. Contact creation logic for clinical notes is as follows: 1. If a note doesn't exist, a new note is created. This represents the first contact on that note. 2. If a revision is filed by the incoming transcription interface, a new contact is created on the note being revised regardless of note status.",NOTE_FORMAT_C_NAME,VARCHAR,True,False,"The format of the note text like Plain Text, Rich Text, HTML etc.",core note lifecycle,False,False
NOTE_ENC_INFO,"This table contains information from overtime single-response items about General Use Notes (HNO) records. Contact creation logic for clinical notes is as follows: 1. If a note doesn't exist, a new note is created. This represents the first contact on that note. 2. If a revision is filed by the incoming transcription interface, a new contact is created on the note being revised regardless of note status.",UPD_BY_AUTH_DTTM,DATETIME (Local),False,False,The instant when the note is updated by the author.,core note lifecycle,True,False
NOTE_ENC_INFO,"This table contains information from overtime single-response items about General Use Notes (HNO) records. Contact creation logic for clinical notes is as follows: 1. If a note doesn't exist, a new note is created. This represents the first contact on that note. 2. If a revision is filed by the incoming transcription interface, a new contact is created on the note being revised regardless of note status.",ACTIVITY_DTTM,DATETIME (Local),False,False,The activity date and time of the partial dictation/transcription.,core note lifecycle,True,False
NOTE_ENC_INFO,"This table contains information from overtime single-response items about General Use Notes (HNO) records. Contact creation logic for clinical notes is as follows: 1. If a note doesn't exist, a new note is created. This represents the first contact on that note. 2. If a revision is filed by the incoming transcription interface, a new contact is created on the note being revised regardless of note status.",AUTH_STAT_C_NAME,VARCHAR,True,False,The authentication status category number for this activity if this note is a transcription. This is also known as the completion status.,core note lifecycle,False,False
NOTE_ENC_INFO,"This table contains information from overtime single-response items about General Use Notes (HNO) records. Contact creation logic for clinical notes is as follows: 1. If a note doesn't exist, a new note is created. This represents the first contact on that note. 2. If a revision is filed by the incoming transcription interface, a new contact is created on the note being revised regardless of note status.",CONTACT_NUM,VARCHAR,False,False,Contact number for the record.,core note lifecycle,False,False
NOTE_ENC_INFO,"This table contains information from overtime single-response items about General Use Notes (HNO) records. Contact creation logic for clinical notes is as follows: 1. If a note doesn't exist, a new note is created. This represents the first contact on that note. 2. If a revision is filed by the incoming transcription interface, a new contact is created on the note being revised regardless of note status.",UPD_AUT_LOCAL_DTTM,DATETIME (Local),False,False,Update by author instant in local format.,core note lifecycle,True,False
NOTE_ENC_INFO,"This table contains information from overtime single-response items about General Use Notes (HNO) records. Contact creation logic for clinical notes is as follows: 1. If a note doesn't exist, a new note is created. This represents the first contact on that note. 2. If a revision is filed by the incoming transcription interface, a new contact is created on the note being revised regardless of note status.",ENT_INST_LOCAL_DTTM,DATETIME (Local),False,False,Note entry instant in local format.,core note lifecycle,True,False
NOTE_ENC_INFO,"This table contains information from overtime single-response items about General Use Notes (HNO) records. Contact creation logic for clinical notes is as follows: 1. If a note doesn't exist, a new note is created. This represents the first contact on that note. 2. If a revision is filed by the incoming transcription interface, a new contact is created on the note being revised regardless of note status.",SPEC_TIME_LOC_DTTM,DATETIME (Local),False,False,Note specified instant in local format.,core note lifecycle,True,False
NOTE_ENC_INFO,"This table contains information from overtime single-response items about General Use Notes (HNO) records. Contact creation logic for clinical notes is as follows: 1. If a note doesn't exist, a new note is created. This represents the first contact on that note. 2. If a revision is filed by the incoming transcription interface, a new contact is created on the note being revised regardless of note status.",NOT_FILETM_LOC_DTTM,DATETIME (Local),False,False,Note file time in local format.,core note lifecycle,True,False
NOTE_ENC_INFO,"This table contains information from overtime single-response items about General Use Notes (HNO) records. Contact creation logic for clinical notes is as follows: 1. If a note doesn't exist, a new note is created. This represents the first contact on that note. 2. If a revision is filed by the incoming transcription interface, a new contact is created on the note being revised regardless of note status.",EDIT_USER_ID,VARCHAR,False,False,"The unique ID associated with the user record who edited the note for this particular contact. This is populated for notes with note type 76-Simple Med Note, 77-Medication History, etc. This column is frequently used to link to the CLARITY_EMP table.",core note lifecycle,False,False
NOTE_ENC_INFO,"This table contains information from overtime single-response items about General Use Notes (HNO) records. Contact creation logic for clinical notes is as follows: 1. If a note doesn't exist, a new note is created. This represents the first contact on that note. 2. If a revision is filed by the incoming transcription interface, a new contact is created on the note being revised regardless of note status.",EDIT_USER_ID_NAME,VARCHAR,False,False,The name of the user record. This name may be hidden.,core note lifecycle,False,False
NOTE_ENC_INFO,"This table contains information from overtime single-response items about General Use Notes (HNO) records. Contact creation logic for clinical notes is as follows: 1. If a note doesn't exist, a new note is created. This represents the first contact on that note. 2. If a revision is filed by the incoming transcription interface, a new contact is created on the note being revised regardless of note status.",DOCUMENT_NAME,VARCHAR,False,False,Contains the name of the multi-part document.,core note lifecycle,False,False
NOTE_ENC_INFO,"This table contains information from overtime single-response items about General Use Notes (HNO) records. Contact creation logic for clinical notes is as follows: 1. If a note doesn't exist, a new note is created. This represents the first contact on that note. 2. If a revision is filed by the incoming transcription interface, a new contact is created on the note being revised regardless of note status.",UMRG_SRC_MEDPROB_ID,NUMERIC,False,False,The unique ID of the Med Problem List record.,core note lifecycle,False,False
NOTE_ENC_INFO,"This table contains information from overtime single-response items about General Use Notes (HNO) records. Contact creation logic for clinical notes is as follows: 1. If a note doesn't exist, a new note is created. This represents the first contact on that note. 2. If a revision is filed by the incoming transcription interface, a new contact is created on the note being revised regardless of note status.",ECG_COMMENTS,VARCHAR,False,False,Comments about the Electrocardiogram (ECG/EKG).,core note lifecycle,False,False
NOTE_ENC_INFO,"This table contains information from overtime single-response items about General Use Notes (HNO) records. Contact creation logic for clinical notes is as follows: 1. If a note doesn't exist, a new note is created. This represents the first contact on that note. 2. If a revision is filed by the incoming transcription interface, a new contact is created on the note being revised regardless of note status.",ECG_EDITED_USER_ID,VARCHAR,False,False,The person who edited the Electrocardiogram (ECG/EKG).,core note lifecycle,False,False
NOTE_ENC_INFO,"This table contains information from overtime single-response items about General Use Notes (HNO) records. Contact creation logic for clinical notes is as follows: 1. If a note doesn't exist, a new note is created. This represents the first contact on that note. 2. If a revision is filed by the incoming transcription interface, a new contact is created on the note being revised regardless of note status.",ECG_DIASTOLIC_BP,VARCHAR,False,False,The diastolic blood pressure taken from the Electrocardiogram (ECG/EKG).,core note lifecycle,False,False
NOTE_ENC_INFO,"This table contains information from overtime single-response items about General Use Notes (HNO) records. Contact creation logic for clinical notes is as follows: 1. If a note doesn't exist, a new note is created. This represents the first contact on that note. 2. If a revision is filed by the incoming transcription interface, a new contact is created on the note being revised regardless of note status.",ECG_SYSTOLIC_BP,VARCHAR,False,False,The systolic blood pressure taken from the Electrocardiogram (ECG/EKG).,core note lifecycle,False,False
NOTE_ENC_INFO,"This table contains information from overtime single-response items about General Use Notes (HNO) records. Contact creation logic for clinical notes is as follows: 1. If a note doesn't exist, a new note is created. This represents the first contact on that note. 2. If a revision is filed by the incoming transcription interface, a new contact is created on the note being revised regardless of note status.",ECG_HEARTRATE,VARCHAR,False,False,The heartrate from the Electrocardiogram (ECG/EKG).,core note lifecycle,False,False
NOTE_ENC_INFO,"This table contains information from overtime single-response items about General Use Notes (HNO) records. Contact creation logic for clinical notes is as follows: 1. If a note doesn't exist, a new note is created. This represents the first contact on that note. 2. If a revision is filed by the incoming transcription interface, a new contact is created on the note being revised regardless of note status.",ECG_PR_INTERVAL,VARCHAR,False,False,The interval from the beginning of the P wave to the beginning of the QRS wave on the Electrocardiogram (ECG/EKG).,core note lifecycle,False,False
NOTE_ENC_INFO,"This table contains information from overtime single-response items about General Use Notes (HNO) records. Contact creation logic for clinical notes is as follows: 1. If a note doesn't exist, a new note is created. This represents the first contact on that note. 2. If a revision is filed by the incoming transcription interface, a new contact is created on the note being revised regardless of note status.",ECG_PWAVEAXIS,VARCHAR,False,False,The P wave axis on the Electrocardiogram (ECG/EKG).,core note lifecycle,False,False
NOTE_ENC_INFO,"This table contains information from overtime single-response items about General Use Notes (HNO) records. Contact creation logic for clinical notes is as follows: 1. If a note doesn't exist, a new note is created. This represents the first contact on that note. 2. If a revision is filed by the incoming transcription interface, a new contact is created on the note being revised regardless of note status.",ECG_QRS_DURATION,VARCHAR,False,False,The duration of the QRS complex/wave on the Electrocardiogram (ECG/EKG).,core note lifecycle,False,False
NOTE_ENC_INFO,"This table contains information from overtime single-response items about General Use Notes (HNO) records. Contact creation logic for clinical notes is as follows: 1. If a note doesn't exist, a new note is created. This represents the first contact on that note. 2. If a revision is filed by the incoming transcription interface, a new contact is created on the note being revised regardless of note status.",ECG_QRS_WAVEAXIS,VARCHAR,False,False,The QRS complex/wave axis on the Electrocardiogram (ECG/EKG).,core note lifecycle,False,False
NOTE_ENC_INFO,"This table contains information from overtime single-response items about General Use Notes (HNO) records. Contact creation logic for clinical notes is as follows: 1. If a note doesn't exist, a new note is created. This represents the first contact on that note. 2. If a revision is filed by the incoming transcription interface, a new contact is created on the note being revised regardless of note status.",ECG_QT_INTERVAL,VARCHAR,False,False,The interval from the start of the QRS complex/wave to the end of the T wave on the Electrocardiogram (ECG/EKG).,core note lifecycle,False,False
NOTE_ENC_INFO,"This table contains information from overtime single-response items about General Use Notes (HNO) records. Contact creation logic for clinical notes is as follows: 1. If a note doesn't exist, a new note is created. This represents the first contact on that note. 2. If a revision is filed by the incoming transcription interface, a new contact is created on the note being revised regardless of note status.",ECG_QTC_INTERVAL,VARCHAR,False,False,The corrected QT interval for the Electrocardiogram (ECG/EKG).,core note lifecycle,False,False
NOTE_ENC_INFO,"This table contains information from overtime single-response items about General Use Notes (HNO) records. Contact creation logic for clinical notes is as follows: 1. If a note doesn't exist, a new note is created. This represents the first contact on that note. 2. If a revision is filed by the incoming transcription interface, a new contact is created on the note being revised regardless of note status.",ECG_T_WAVEAXIS,VARCHAR,False,False,The T wave axis for the Electrocardiogram (ECG/EKG).,core note lifecycle,False,False
NOTE_ENC_INFO,"This table contains information from overtime single-response items about General Use Notes (HNO) records. Contact creation logic for clinical notes is as follows: 1. If a note doesn't exist, a new note is created. This represents the first contact on that note. 2. If a revision is filed by the incoming transcription interface, a new contact is created on the note being revised regardless of note status.",SPIRO_BRON,VARCHAR,False,False,Stores the type of bronchodilator given to the patient (ex: Albuterol).,core note lifecycle,False,False
NOTE_ENC_INFO,"This table contains information from overtime single-response items about General Use Notes (HNO) records. Contact creation logic for clinical notes is as follows: 1. If a note doesn't exist, a new note is created. This represents the first contact on that note. 2. If a revision is filed by the incoming transcription interface, a new contact is created on the note being revised regardless of note status.",CARE_PLAN_CSN_ID,NUMERIC,False,False,Link to care plan contact. Used to recreate historic versions of care plan.,core note lifecycle,False,False
NOTE_ENC_INFO,"This table contains information from overtime single-response items about General Use Notes (HNO) records. Contact creation logic for clinical notes is as follows: 1. If a note doesn't exist, a new note is created. This represents the first contact on that note. 2. If a revision is filed by the incoming transcription interface, a new contact is created on the note being revised regardless of note status.",PROGRESS_NOTE_ID,VARCHAR,False,False,Progress note ID for the careplan goal note.,core note lifecycle,False,False
NOTE_ENC_INFO,"This table contains information from overtime single-response items about General Use Notes (HNO) records. Contact creation logic for clinical notes is as follows: 1. If a note doesn't exist, a new note is created. This represents the first contact on that note. 2. If a revision is filed by the incoming transcription interface, a new contact is created on the note being revised regardless of note status.",TRANSCRIPTION_DTTM,DATETIME (Local),False,False,The transcription date and time.,core note lifecycle,True,False
NOTE_ENC_INFO,"This table contains information from overtime single-response items about General Use Notes (HNO) records. Contact creation logic for clinical notes is as follows: 1. If a note doesn't exist, a new note is created. This represents the first contact on that note. 2. If a revision is filed by the incoming transcription interface, a new contact is created on the note being revised regardless of note status.",CSGN_RECPNT_USER_ID,VARCHAR,False,False,The unique ID associated with the user who is supposed to cosign the note.,core note lifecycle,False,False
NOTE_ENC_INFO,"This table contains information from overtime single-response items about General Use Notes (HNO) records. Contact creation logic for clinical notes is as follows: 1. If a note doesn't exist, a new note is created. This represents the first contact on that note. 2. If a revision is filed by the incoming transcription interface, a new contact is created on the note being revised regardless of note status.",CSGN_RECPNT_USER_ID_NAME,VARCHAR,False,False,The name of the user record. This name may be hidden.,core note lifecycle,False,False
NOTE_ENC_INFO,"This table contains information from overtime single-response items about General Use Notes (HNO) records. Contact creation logic for clinical notes is as follows: 1. If a note doesn't exist, a new note is created. This represents the first contact on that note. 2. If a revision is filed by the incoming transcription interface, a new contact is created on the note being revised regardless of note status.",TREAT_SUMM_PAT_DTTM,DATETIME (UTC),False,False,This column stores the UTC instant that a treatment summary note is given to the patient.,core note lifecycle,True,False
NOTE_ENC_INFO,"This table contains information from overtime single-response items about General Use Notes (HNO) records. Contact creation logic for clinical notes is as follows: 1. If a note doesn't exist, a new note is created. This represents the first contact on that note. 2. If a revision is filed by the incoming transcription interface, a new contact is created on the note being revised regardless of note status.",TREAT_SUMM_PROV_DTTM,DATETIME (UTC),False,False,This column stores the UTC instant that a treatment summary note is given to the follow-up provider.,core note lifecycle,True,False
NOTE_ENC_INFO,"This table contains information from overtime single-response items about General Use Notes (HNO) records. Contact creation logic for clinical notes is as follows: 1. If a note doesn't exist, a new note is created. This represents the first contact on that note. 2. If a revision is filed by the incoming transcription interface, a new contact is created on the note being revised regardless of note status.",TREAT_SUMM_CPLT_DTTM,DATETIME (UTC),False,False,This column saves the UTC instant that a treatment summary note is marked as complete.,core note lifecycle,True,False
NOTE_ENC_INFO,"This table contains information from overtime single-response items about General Use Notes (HNO) records. Contact creation logic for clinical notes is as follows: 1. If a note doesn't exist, a new note is created. This represents the first contact on that note. 2. If a revision is filed by the incoming transcription interface, a new contact is created on the note being revised regardless of note status.",PAT_ENC_CSN_ID,NUMERIC,False,False,This column stores the patient encounter contact serial number (CSN) in which the note was edited. Used for persistent notes to determine in which encounter the note was edited.,core note lifecycle,False,False
NOTE_ENC_INFO,"This table contains information from overtime single-response items about General Use Notes (HNO) records. Contact creation logic for clinical notes is as follows: 1. If a note doesn't exist, a new note is created. This represents the first contact on that note. 2. If a revision is filed by the incoming transcription interface, a new contact is created on the note being revised regardless of note status.",END_OF_TREAT_DATE,DATETIME,False,False,This column saves the end of treatment date for a treatment summary.,core note lifecycle,True,False
NOTE_ENC_INFO,"This table contains information from overtime single-response items about General Use Notes (HNO) records. Contact creation logic for clinical notes is as follows: 1. If a note doesn't exist, a new note is created. This represents the first contact on that note. 2. If a revision is filed by the incoming transcription interface, a new contact is created on the note being revised regardless of note status.",UNMERGE_SRC_NOTE_ID,VARCHAR,False,False,The source note ID before patient merge.,core note lifecycle,False,False
NOTE_ENC_INFO,"This table contains information from overtime single-response items about General Use Notes (HNO) records. Contact creation logic for clinical notes is as follows: 1. If a note doesn't exist, a new note is created. This represents the first contact on that note. 2. If a revision is filed by the incoming transcription interface, a new contact is created on the note being revised regardless of note status.",NOTE_SHARED_W_PAT_HX_YN,VARCHAR,False,False,"Was this note contact marked as eligible for sharing with the patient when it was last saved? Notes will only be displayed in MyChart if their most recent contact is marked for sharing. If you want to determine if a note is currently shared, use the NOTE_SHARED_W_PAT_YN column in the HNO_INFO table instead of this one.",core note lifecycle,False,False
NOTE_ENC_INFO,"This table contains information from overtime single-response items about General Use Notes (HNO) records. Contact creation logic for clinical notes is as follows: 1. If a note doesn't exist, a new note is created. This represents the first contact on that note. 2. If a revision is filed by the incoming transcription interface, a new contact is created on the note being revised regardless of note status.",NOTE_TYPE_C_NAME,VARCHAR,True,False,Identifies what type of note this record is.,core note lifecycle,False,False
NOTE_ENC_INFO,"This table contains information from overtime single-response items about General Use Notes (HNO) records. Contact creation logic for clinical notes is as follows: 1. If a note doesn't exist, a new note is created. This represents the first contact on that note. 2. If a revision is filed by the incoming transcription interface, a new contact is created on the note being revised regardless of note status.",POC_NOTE_DISC_C_NAME,VARCHAR,True,False,This item stores the hospice Plan of Care note discipline.,core note lifecycle,False,False
NOTE_ENC_INFO,"This table contains information from overtime single-response items about General Use Notes (HNO) records. Contact creation logic for clinical notes is as follows: 1. If a note doesn't exist, a new note is created. This represents the first contact on that note. 2. If a revision is filed by the incoming transcription interface, a new contact is created on the note being revised regardless of note status.",COSIGN_INST_LOCAL_DTTM,DATETIME (Local),False,False,The instant in local time when the note was cosigned.,core note lifecycle,True,False
NOTE_ENC_INFO,"This table contains information from overtime single-response items about General Use Notes (HNO) records. Contact creation logic for clinical notes is as follows: 1. If a note doesn't exist, a new note is created. This represents the first contact on that note. 2. If a revision is filed by the incoming transcription interface, a new contact is created on the note being revised regardless of note status.",IS_PRECHARTED_YN,VARCHAR,False,False,This indicates whether or not the note is currently a pre-charted note (in appointment encounter).,core note lifecycle,False,False
NOTE_ENC_INFO,"This table contains information from overtime single-response items about General Use Notes (HNO) records. Contact creation logic for clinical notes is as follows: 1. If a note doesn't exist, a new note is created. This represents the first contact on that note. 2. If a revision is filed by the incoming transcription interface, a new contact is created on the note being revised regardless of note status.",LINK_DXR_CSN_ID,NUMERIC,False,False,Link to the DXR contact that holds the NoteReader data for this note's contact.,core note lifecycle,False,False
NOTE_ENC_INFO,"This table contains information from overtime single-response items about General Use Notes (HNO) records. Contact creation logic for clinical notes is as follows: 1. If a note doesn't exist, a new note is created. This represents the first contact on that note. 2. If a revision is filed by the incoming transcription interface, a new contact is created on the note being revised regardless of note status.",CLINICAL_NOTE_SUMMARY,VARCHAR,False,False,This item stores a plain text summary of the note contents.,core note lifecycle,False,False
NOTE_ENC_INFO,"This table contains information from overtime single-response items about General Use Notes (HNO) records. Contact creation logic for clinical notes is as follows: 1. If a note doesn't exist, a new note is created. This represents the first contact on that note. 2. If a revision is filed by the incoming transcription interface, a new contact is created on the note being revised regardless of note status.",BLOCK_REASON_C_NAME,VARCHAR,True,False,Stores a discrete reason why a note was blocked from the patient.,core note lifecycle,False,False
NOTE_ENC_INFO,"This table contains information from overtime single-response items about General Use Notes (HNO) records. Contact creation logic for clinical notes is as follows: 1. If a note doesn't exist, a new note is created. This represents the first contact on that note. 2. If a revision is filed by the incoming transcription interface, a new contact is created on the note being revised regardless of note status.",BLOCK_REASON_TXT,VARCHAR,False,False,Stores a free text comment with additional information about why a note was blocked from the patient.,core note lifecycle,False,False
NOTE_ENC_INFO_2,This table extends HNO_ENC_INFO.,NOTE_CSN_ID,NUMERIC,False,False,The contact serial number (CSN) of the contact.,core note lifecycle,False,False
NOTE_ENC_INFO_2,This table extends HNO_ENC_INFO.,NOTE_ID,VARCHAR,False,False,The unique identifier (.1 item) for the note record.,core note lifecycle,False,False
NOTE_ENC_INFO_2,This table extends HNO_ENC_INFO.,CONTACT_DATE_REAL,FLOAT,False,False,"A unique contact date in decimal format. The integer portion of the number indicates the date of contact. The digits after the decimal distinguish different contacts on the same date and are unique for each contact on that date. For example, .00 is the first/only contact, .01 is the second contact, etc.",core note lifecycle,False,False
NOTE_ENC_INFO_2,This table extends HNO_ENC_INFO.,CONTACT_DATE,DATETIME,False,False,The date of this contact in calendar format.,core note lifecycle,True,False
NOTE_ENC_INFO_2,This table extends HNO_ENC_INFO.,CONTACT_NUM,VARCHAR,False,False,Contact number,core note lifecycle,False,False
NOTE_ENC_INFO_2,This table extends HNO_ENC_INFO.,CM_CT_OWNER_ID,VARCHAR,False,False,The Community ID (CID) of the instance that owns this contact. This is only populated if you use IntraConnect.,core note lifecycle,False,False
NOTE_ENC_INFO_2,This table extends HNO_ENC_INFO.,EXT_SHARED_W_PT_YN,VARCHAR,False,False,Autoreconciled external note share with patient status,core note lifecycle,False,False
NOTE_ENC_INFO_2,This table extends HNO_ENC_INFO.,EXT_AUTH_NAME,VARCHAR,False,False,Autoreconciled external note author free text name,core note lifecycle,False,False
NOTE_ENC_INFO_2,This table extends HNO_ENC_INFO.,EXT_AUTH_SPEC_C_NAME,VARCHAR,True,False,Autoreconciled external note author specialty,core note lifecycle,False,False
NOTE_ENC_INFO_2,This table extends HNO_ENC_INFO.,EXT_AUTH_TYPE,VARCHAR,False,False,Autoreconciled external note author type,core note lifecycle,False,False
NOTE_ENC_INFO_2,This table extends HNO_ENC_INFO.,EXT_AUTH_SERV,VARCHAR,False,False,Autoreconciled external note author service text,core note lifecycle,False,False
NOTE_ENC_INFO_2,This table extends HNO_ENC_INFO.,EXT_LAST_SIGNER,VARCHAR,False,False,(DEPRECATED) The column EXT_NOTE_SIGNER_NAME[E0000000000443DBD2742EBE5C1C92EA0] in table NOTE_EXT_SIGNERS [E0000000000443DB52742EBE5C1C92EA0] should be used instead. Autoreconciled external note last signer name.,core note lifecycle,False,False
NOTE_ENC_INFO_2,This table extends HNO_ENC_INFO.,EXT_LAST_SIGN_UTC_DTTM,DATETIME (UTC),False,False,(DEPRECATED) The column EXT_NOTE_SIGNING_UTC_DTTM [E0000000000443DBE2742EBE5C1C92EA0] in table NOTE_EXT_SIGNERS [E0000000000443DB52742EBE5C1C92EA0] should be used instead. External note signer instant.,core note lifecycle,True,False
NOTE_ENC_INFO_2,This table extends HNO_ENC_INFO.,NOTE_AUTHOR_TYPE_C_NAME,VARCHAR,True,False,"The internal provider type of a note's author, mapped from the transmitted NUCC code.",core note lifecycle,False,False
NOTE_ENC_SUMMARY,This table contains the summary text for a general use note.,NOTE_CSN_ID,NUMERIC,False,False,The contact serial number (CSN) of the contact.,core note lifecycle,False,False
NOTE_ENC_SUMMARY,This table contains the summary text for a general use note.,LINE,INTEGER,False,False,The line number for the information associated with this contact. Multiple pieces of information can be associated with this contact.,core note lifecycle,False,False
NOTE_ENC_SUMMARY,This table contains the summary text for a general use note.,NOTE_ID,VARCHAR,False,False,The unique identifier for the note record.,core note lifecycle,False,False
NOTE_ENC_SUMMARY,This table contains the summary text for a general use note.,SUMMARY_TEXT,VARCHAR,False,False,One line of the note summary.,core note lifecycle,False,False
NOTE_EXT_REL_ORD,This table stores information about external orders related to an external note.,NOTE_CSN_ID,NUMERIC,False,False,"The unique contact serial number (CSN) of the note contact. If you use IntraConnect, this is the Unique Contact Identifier (UCI).",core note lifecycle,False,False
NOTE_EXT_REL_ORD,This table stores information about external orders related to an external note.,LINE,INTEGER,False,False,The line number for the information associated with this contact. Multiple pieces of information can be associated with this contact.,core note lifecycle,False,False
NOTE_EXT_REL_ORD,This table stores information about external orders related to an external note.,NOTE_ID,VARCHAR,False,False,The unique identifier (.1 item) for the note record.,core note lifecycle,False,False
NOTE_EXT_REL_ORD,This table stores information about external orders related to an external note.,CONTACT_DATE_REAL,FLOAT,False,False,"A unique contact date in decimal format. The integer portion of the number indicates the date of contact. The digits after the decimal distinguish different contacts on the same date and are unique for each contact on that date. For example, .00 is the first/only contact, .01 is the second contact, etc.",core note lifecycle,False,False
NOTE_EXT_REL_ORD,This table stores information about external orders related to an external note.,CONTACT_DATE,DATETIME,False,False,The date of this contact in calendar format.,core note lifecycle,True,False
NOTE_EXT_REL_ORD,This table stores information about external orders related to an external note.,EXT_REL_ORD_NAME,VARCHAR,False,False,Free text name of an order associated with the external note,core note lifecycle,False,False
NOTE_EXT_REL_PREDX,This table stores information about external pre-procedure diagnoses related to an external note.,NOTE_CSN_ID,NUMERIC,False,False,"The unique contact serial number (CSN) of the note contact. If you use IntraConnect, this is the Unique Contact Identifier (UCI).",core note lifecycle,False,False
NOTE_EXT_REL_PREDX,This table stores information about external pre-procedure diagnoses related to an external note.,LINE,INTEGER,False,False,The line number for the information associated with this contact. Multiple pieces of information can be associated with this contact.,core note lifecycle,False,False
NOTE_EXT_REL_PREDX,This table stores information about external pre-procedure diagnoses related to an external note.,NOTE_ID,VARCHAR,False,False,The unique identifier (.1 item) for the note record.,core note lifecycle,False,False
NOTE_EXT_REL_PREDX,This table stores information about external pre-procedure diagnoses related to an external note.,CONTACT_DATE,DATETIME,False,False,The date of this contact in calendar format.,core note lifecycle,True,False
NOTE_EXT_REL_PREDX,This table stores information about external pre-procedure diagnoses related to an external note.,EXT_REL_PREDX_NAME,VARCHAR,False,False,Free text name of a pre-procedure diagnosis associated with the external note,core note lifecycle,False,False
NOTE_EXT_REL_PROB,This table stores information about external problems related to an external note.,NOTE_CSN_ID,NUMERIC,False,False,"The unique contact serial number (CSN) of the note contact. If you use IntraConnect, this is the Unique Contact Identifier (UCI).",core note lifecycle,False,False
NOTE_EXT_REL_PROB,This table stores information about external problems related to an external note.,LINE,INTEGER,False,False,The line number for the information associated with this contact. Multiple pieces of information can be associated with this contact.,core note lifecycle,False,False
NOTE_EXT_REL_PROB,This table stores information about external problems related to an external note.,NOTE_ID,VARCHAR,False,False,The unique identifier (.1 item) for the note record.,core note lifecycle,False,False
NOTE_EXT_REL_PROB,This table stores information about external problems related to an external note.,CONTACT_DATE_REAL,FLOAT,False,False,"A unique contact date in decimal format. The integer portion of the number indicates the date of contact. The digits after the decimal distinguish different contacts on the same date and are unique for each contact on that date. For example, .00 is the first/only contact, .01 is the second contact, etc.",core note lifecycle,False,False
NOTE_EXT_REL_PROB,This table stores information about external problems related to an external note.,CONTACT_DATE,DATETIME,False,False,The date of this contact in calendar format.,core note lifecycle,True,False
NOTE_EXT_REL_PROB,This table stores information about external problems related to an external note.,EXT_REL_PROB_NAME,VARCHAR,False,False,Free text name of a problem associated with the external note,core note lifecycle,False,False
NOTE_EXT_REL_PROC,This table stores information about external procedures related to an external note.,NOTE_CSN_ID,NUMERIC,False,False,"The unique contact serial number (CSN) of the note contact. If you use IntraConnect, this is the Unique Contact Identifier (UCI).",core note lifecycle,False,False
NOTE_EXT_REL_PROC,This table stores information about external procedures related to an external note.,LINE,INTEGER,False,False,The line number for the information associated with this contact. Multiple pieces of information can be associated with this contact.,core note lifecycle,False,False
NOTE_EXT_REL_PROC,This table stores information about external procedures related to an external note.,NOTE_ID,VARCHAR,False,False,The unique identifier (.1 item) for the note record.,core note lifecycle,False,False
NOTE_EXT_REL_PROC,This table stores information about external procedures related to an external note.,CONTACT_DATE_REAL,FLOAT,False,False,"A unique contact date in decimal format. The integer portion of the number indicates the date of contact. The digits after the decimal distinguish different contacts on the same date and are unique for each contact on that date. For example, .00 is the first/only contact, .01 is the second contact, etc.",core note lifecycle,False,False
NOTE_EXT_REL_PROC,This table stores information about external procedures related to an external note.,CONTACT_DATE,DATETIME,False,False,The date of this contact in calendar format.,core note lifecycle,True,False
NOTE_EXT_REL_PROC,This table stores information about external procedures related to an external note.,EXT_REL_PROC_NAME,VARCHAR,False,False,Free text name of a procedure associated with the external note,core note lifecycle,False,False
NOTE_EXT_REL_PSTDX,This table stores information about external post-procedure diagnoses related to an external note.,NOTE_CSN_ID,NUMERIC,False,False,"The unique contact serial number (CSN) of the note contact. If you use IntraConnect, this is the Unique Contact Identifier (UCI).",core note lifecycle,False,False
NOTE_EXT_REL_PSTDX,This table stores information about external post-procedure diagnoses related to an external note.,LINE,INTEGER,False,False,The line number for the information associated with this contact. Multiple pieces of information can be associated with this contact.,core note lifecycle,False,False
NOTE_EXT_REL_PSTDX,This table stores information about external post-procedure diagnoses related to an external note.,NOTE_ID,VARCHAR,False,False,The unique identifier (.1 item) for the note record.,core note lifecycle,False,False
NOTE_EXT_REL_PSTDX,This table stores information about external post-procedure diagnoses related to an external note.,CONTACT_DATE,DATETIME,False,False,The date of this contact in calendar format.,core note lifecycle,True,False
NOTE_EXT_REL_PSTDX,This table stores information about external post-procedure diagnoses related to an external note.,EXT_REL_PSTDX_NAME,VARCHAR,False,False,Free text name of a post-procedure diagnosis associated with the external note,core note lifecycle,False,False
NOTE_EXT_SIGNERS,Note signer information for auto-reconciled external notes.,NOTE_CSN_ID,NUMERIC,False,False,The contact serial number (CSN) of the contact.,core note lifecycle,False,False
NOTE_EXT_SIGNERS,Note signer information for auto-reconciled external notes.,LINE,INTEGER,False,False,The line number for the information associated with this contact. Multiple pieces of information can be associated with this contact.,core note lifecycle,False,False
NOTE_EXT_SIGNERS,Note signer information for auto-reconciled external notes.,NOTE_ID,VARCHAR,False,False,The unique identifier (.1 item) for the note record.,core note lifecycle,False,False
NOTE_EXT_SIGNERS,Note signer information for auto-reconciled external notes.,CONTACT_DATE,DATETIME,False,False,The date of this contact in calendar format.,core note lifecycle,True,False
NOTE_EXT_SIGNERS,Note signer information for auto-reconciled external notes.,EXT_NOTE_SIGNER_NAME,VARCHAR,False,False,An auto-reconciled external note signer's name.,core note lifecycle,False,False
NOTE_EXT_SIGNERS,Note signer information for auto-reconciled external notes.,EXT_NOTE_SIGNING_UTC_DTTM,DATETIME (UTC),False,False,An auto-reconciled external note signing instant for a note signer.,core note lifecycle,True,False
NOTE_EXT_SIGNERS,Note signer information for auto-reconciled external notes.,EXT_NOTE_SIGNER_ROLE_C_NAME,VARCHAR,False,False,External note signer's role in authenticating the content of an auto-reconciled external note.,core note lifecycle,False,False
NOTE_EXT_WRN_TYP,This table stores the external note warning types for a note.,NOTE_CSN_ID,NUMERIC,False,False,"The unique contact serial number (CSN) of the note contact. If you use IntraConnect, this is the Unique Contact Identifier (UCI).",core note lifecycle,False,False
NOTE_EXT_WRN_TYP,This table stores the external note warning types for a note.,LINE,INTEGER,False,False,The line number for the information associated with this contact. Multiple pieces of information can be associated with this contact.,core note lifecycle,False,False
NOTE_EXT_WRN_TYP,This table stores the external note warning types for a note.,NOTE_ID,VARCHAR,False,False,The unique identifier (.1 item) for the note record.,core note lifecycle,False,False
NOTE_EXT_WRN_TYP,This table stores the external note warning types for a note.,CONTACT_DATE,DATETIME,False,False,The date of this contact in calendar format.,core note lifecycle,True,False
NOTE_EXT_WRN_TYP,This table stores the external note warning types for a note.,EXT_NOTE_WRN_C_NAME,VARCHAR,False,False,The note warning type category ID for the note.,core note lifecycle,False,False
NOTE_FREE_TEXT,The NOTE_FREE_TEXT table contains free text notes.,NOTE_ID,VARCHAR,False,False,The unique ID of the note record.,core note lifecycle,False,False
NOTE_FREE_TEXT,The NOTE_FREE_TEXT table contains free text notes.,LINE,INTEGER,False,False,The line number for the information associated with this record. Multiple pieces of information can be associated with this record.,core note lifecycle,False,False
NOTE_FREE_TEXT,The NOTE_FREE_TEXT table contains free text notes.,NOTE_FREE_TEXT,VARCHAR,False,False,This columns contains the free text contents of a plain-text note.,core note lifecycle,False,False
NOTE_IMG_SECT,This table contains information about imaging orders resulted using the Imaging SmartSection.,NOTE_ID,VARCHAR,False,False,The unique identifier (.1 item) for the note record.,core note lifecycle,False,False
NOTE_IMG_SECT,This table contains information about imaging orders resulted using the Imaging SmartSection.,LINE,INTEGER,False,False,The line number for the information associated with this record. Multiple pieces of information can be associated with this record.,core note lifecycle,False,False
NOTE_IMG_SECT,This table contains information about imaging orders resulted using the Imaging SmartSection.,IMG_SECT_RESULT_NOTE_CSN_ID,NUMERIC,False,False,The unique contact serial number of the result note associated with the imaging order.,core note lifecycle,False,False
NOTE_IMG_SECT,This table contains information about imaging orders resulted using the Imaging SmartSection.,IMG_SECT_ORDER_ID,NUMERIC,False,False,The unique ID of the imaging order record for this row. This column is frequently used to link to the ORDERS table.,core note lifecycle,False,False
NOTE_PARENT_NOTE,Table to hold HNO parent note information.,NOTE_ID,VARCHAR,False,False,The unique identifier (.1 item) for the note record.,core note lifecycle,False,False
NOTE_PARENT_NOTE,Table to hold HNO parent note information.,SS_PARENT_NOTE_ID,VARCHAR,False,False,Parent note that contains this note within a SmartSection,core note lifecycle,False,False
NOTE_RESEARCH_LINK,This table contains information about the current research link for notes.,NOTE_ID,VARCHAR,False,False,The unique identifier (.1 item) for the note record.,core note lifecycle,False,False
NOTE_RESEARCH_LINK,This table contains information about the current research link for notes.,LINE,INTEGER,False,False,The line number for the information associated with this record. Multiple pieces of information can be associated with this record.,core note lifecycle,False,False
NOTE_RESEARCH_LINK,This table contains information about the current research link for notes.,RESEARCH_ID_RESEARCH_STUDY_NAME,VARCHAR,False,False,The name of the research study record.,core note lifecycle,False,False
NOTE_RESEARCH_LINK,This table contains information about the current research link for notes.,ENROLL_ID,NUMERIC,False,False,The ID of the research study association linked to the note.,core note lifecycle,False,False
NOTE_RESEARCH_LINK_HX,This table contains information about how the research study linkage on a note has changed over time.,NOTE_ID,VARCHAR,False,False,The unique identifier (.1 item) for the note record.,core note lifecycle,False,False
NOTE_RESEARCH_LINK_HX,This table contains information about how the research study linkage on a note has changed over time.,LINE,INTEGER,False,False,The line number for the information associated with this record. Multiple pieces of information can be associated with this record.,core note lifecycle,False,False
NOTE_RESEARCH_LINK_HX,This table contains information about how the research study linkage on a note has changed over time.,HX_RESEARCH_ID_RESEARCH_STUDY_NAME,VARCHAR,False,False,The name of the research study record.,core note lifecycle,False,False
NOTE_RESEARCH_LINK_HX,This table contains information about how the research study linkage on a note has changed over time.,HX_ENROLL_ID,NUMERIC,False,False,History of the linked study association for the note.,core note lifecycle,False,False
NOTE_RESEARCH_LINK_HX,This table contains information about how the research study linkage on a note has changed over time.,HX_STUDY_LINK_UTC_DTTM,DATETIME (UTC),False,False,History of when the research link of the note was modified.,core note lifecycle,True,False
NOTE_RESEARCH_LINK_HX,This table contains information about how the research study linkage on a note has changed over time.,HX_STUDY_USER_ID,VARCHAR,False,False,History of the user who modified the research link of a note.,core note lifecycle,False,False
NOTE_RESEARCH_LINK_HX,This table contains information about how the research study linkage on a note has changed over time.,HX_STUDY_USER_ID_NAME,VARCHAR,False,False,The name of the user record. This name may be hidden.,core note lifecycle,False,False
NOTE_SMARTBLOCK_ATTR,"Store the employee (EMP) ID, the Timestamp, and the SmartBlocks added of the Attribution for SmartBlocks.",NOTE_ID,VARCHAR,False,False,The unique identifier for the note record.,smart-tool usage (SmartText/SmartForm/SmartBlock),False,False
NOTE_SMARTBLOCK_ATTR,"Store the employee (EMP) ID, the Timestamp, and the SmartBlocks added of the Attribution for SmartBlocks.",LINE,INTEGER,False,False,The line number for the information associated with this record. Multiple pieces of information can be associated with this record.,smart-tool usage (SmartText/SmartForm/SmartBlock),False,False
NOTE_SMARTBLOCK_ATTR,"Store the employee (EMP) ID, the Timestamp, and the SmartBlocks added of the Attribution for SmartBlocks.",USER_ID,VARCHAR,False,False,This item stores the unique ID of the user part of the attribution for SmartBlocks (forms that generate text for a note),smart-tool usage (SmartText/SmartForm/SmartBlock),False,False
NOTE_SMARTBLOCK_ATTR,"Store the employee (EMP) ID, the Timestamp, and the SmartBlocks added of the Attribution for SmartBlocks.",USER_ID_NAME,VARCHAR,False,False,The name of the user record. This name may be hidden.,smart-tool usage (SmartText/SmartForm/SmartBlock),False,False
NOTE_SMARTBLOCK_ATTR,"Store the employee (EMP) ID, the Timestamp, and the SmartBlocks added of the Attribution for SmartBlocks.",ATTRIBUTION_UTC_DTTM,DATETIME (UTC),False,False,Stores the instant part of the attribution for SmartBlocks (forms that generate text for a note).,smart-tool usage (SmartText/SmartForm/SmartBlock),True,False
NOTE_SMARTBLOCK_ATTR,"Store the employee (EMP) ID, the Timestamp, and the SmartBlocks added of the Attribution for SmartBlocks.",SB_COPY_CSN,NUMERIC,False,False,Stores the contact serial number (CSN) of the note from which this attributed data was copied.,smart-tool usage (SmartText/SmartForm/SmartBlock),False,False
NOTE_SMARTSECTION_IDS,Contains the SmartSection IDs used in the note.,NOTE_CSN_ID,NUMERIC,False,False,The contact serial number (CSN) of the contact.,smart-tool usage (SmartText/SmartForm/SmartBlock),False,False
NOTE_SMARTSECTION_IDS,Contains the SmartSection IDs used in the note.,LINE,INTEGER,False,False,The line number for the information associated with this contact. Multiple pieces of information can be associated with this contact.,smart-tool usage (SmartText/SmartForm/SmartBlock),False,False
NOTE_SMARTSECTION_IDS,Contains the SmartSection IDs used in the note.,NOTE_ID,VARCHAR,False,False,The unique identifier (.1 item) for the note record.,smart-tool usage (SmartText/SmartForm/SmartBlock),False,False
NOTE_SMARTSECTION_IDS,Contains the SmartSection IDs used in the note.,CONTACT_DATE,DATETIME,False,False,The date of this contact in calendar format.,smart-tool usage (SmartText/SmartForm/SmartBlock),True,False
ORDER_ADDENDUM_NOTE,The table contains the note that stores addendum for the order.,ORDER_ID,NUMERIC,False,False,The unique identifier (.1 item) for the order record.,addendum,False,False
ORDER_ADDENDUM_NOTE,The table contains the note that stores addendum for the order.,CONTACT_DATE_REAL,FLOAT,False,False,"A unique contact date in decimal format. The integer portion of the number indicates the date of contact. The digits after the decimal distinguish different contacts on the same date and are unique for each contact on that date. For example, .00 is the first/only contact, .01 is the second contact, etc.",addendum,False,False
ORDER_ADDENDUM_NOTE,The table contains the note that stores addendum for the order.,LINE,INTEGER,False,False,The line number for the information associated with this contact. Multiple pieces of information can be associated with this contact.,addendum,False,False
ORDER_ADDENDUM_NOTE,The table contains the note that stores addendum for the order.,ADDENDUM_NOTE_ID,VARCHAR,False,False,The unique ID of the note that stores addendum information for the order.,addendum,False,False
ORDER_DOCUMENTS,"This table contains the DCS records attached to an order on a contact level such as scanned hard copy prescriptions, Lab Scans and Lab Reports.",ORDER_ID,NUMERIC,False,False,The unique identifier (.1 item) for the order record.,other note/document-adjacent,False,False
ORDER_DOCUMENTS,"This table contains the DCS records attached to an order on a contact level such as scanned hard copy prescriptions, Lab Scans and Lab Reports.",CONTACT_DATE_REAL,FLOAT,False,False,"A unique contact date in decimal format. The integer portion of the number indicates the date of contact. The digits after the decimal distinguish different contacts on the same date and are unique for each contact on that date. For example, .00 is the first/only contact, .01 is the second contact, etc.",other note/document-adjacent,False,False
ORDER_DOCUMENTS,"This table contains the DCS records attached to an order on a contact level such as scanned hard copy prescriptions, Lab Scans and Lab Reports.",LINE,INTEGER,False,False,The line number for the information associated with this contact. Multiple pieces of information can be associated with this contact.,other note/document-adjacent,False,False
ORDER_DOCUMENTS,"This table contains the DCS records attached to an order on a contact level such as scanned hard copy prescriptions, Lab Scans and Lab Reports.",CONTACT_DATE,DATETIME,False,False,The date of this contact in calendar format.,other note/document-adjacent,True,False
ORDER_RAD_DICTATE,This table stores the dictation radiologist & dictating date information for orders performed in radiology.,ORDER_PROC_ID,NUMERIC,False,False,The unique ID of the procedure order record.,dictation/transcription,False,False
ORDER_RAD_DICTATE,This table stores the dictation radiologist & dictating date information for orders performed in radiology.,LINE,INTEGER,False,False,The line count for this table as determined by the number of dictating radiologists for an order.,dictation/transcription,False,False
ORDER_RAD_DICTATE,This table stores the dictation radiologist & dictating date information for orders performed in radiology.,PROV_ID_PROV_NAME,VARCHAR,False,False,The name of the service provider. This item may be hidden in a public view of the CLARITY_SER table.,dictation/transcription,False,False
ORDER_RAD_DICTATE,This table stores the dictation radiologist & dictating date information for orders performed in radiology.,DICTATING_DT,DATETIME,False,False,The date that the radiologist sent the dictation to the transcriptionist.,dictation/transcription,True,False
ORDER_RAD_DICTATE,This table stores the dictation radiologist & dictating date information for orders performed in radiology.,DICTATED_UTC_DTTM,DATETIME (UTC),False,False,This item captures the date and time in the Universal Time Coordinated (UTC) format that the provider listed in the Dictated Physicians (I ORD 52205) item dictated the study.,dictation/transcription,True,False
ORDER_RESULT_DOCUMENTS,This tables holds document IDs for documents that contain results for an order.,ORDER_ID,NUMERIC,False,False,The unique identifier (.1 item) for the order record.,other note/document-adjacent,False,False
ORDER_RESULT_DOCUMENTS,This tables holds document IDs for documents that contain results for an order.,CONTACT_DATE_REAL,FLOAT,False,False,"A unique contact date in decimal format. The integer portion of the number indicates the date of contact. The digits after the decimal distinguish different contacts on the same date and are unique for each contact on that date. For example, .00 is the first/only contact, .01 is the second contact, etc.",other note/document-adjacent,False,False
ORDER_RESULT_DOCUMENTS,This tables holds document IDs for documents that contain results for an order.,LINE,INTEGER,False,False,The line number for the information associated with this contact. Multiple pieces of information can be associated with this contact.,other note/document-adjacent,False,False
ORDER_RESULT_DOCUMENTS,This tables holds document IDs for documents that contain results for an order.,CONTACT_DATE,DATETIME,False,False,The date of this contact in calendar format.,other note/document-adjacent,True,False
ORDER_RESULT_DOCUMENTS,This tables holds document IDs for documents that contain results for an order.,RESULT_DOCUMENT_ID,VARCHAR,False,False,Stores a list of DCS IDs that links DCS records to a resulted order contact.,other note/document-adjacent,False,False
ORDER_SMARTSECTION_DATA,Data for Order specific SmartSections.,ORDER_ID,NUMERIC,False,False,The unique identifier (.1 item) for the order record.,smart-tool usage (SmartText/SmartForm/SmartBlock),False,False
ORDER_SMARTSECTION_DATA,Data for Order specific SmartSections.,CONTACT_DATE_REAL,FLOAT,False,False,"A unique contact date in decimal format. The integer portion of the number indicates the date of contact. The digits after the decimal distinguish different contacts on the same date and are unique for each contact on that date. For example, .00 is the first/only contact, .01 is the second contact, etc.",smart-tool usage (SmartText/SmartForm/SmartBlock),False,False
ORDER_SMARTSECTION_DATA,Data for Order specific SmartSections.,LINE,INTEGER,False,False,The line number for the information associated with this contact. Multiple pieces of information can be associated with this contact.,smart-tool usage (SmartText/SmartForm/SmartBlock),False,False
ORDER_SMARTSECTION_DATA,Data for Order specific SmartSections.,CONTACT_DATE,DATETIME,False,False,The date of this contact in calendar format.,smart-tool usage (SmartText/SmartForm/SmartBlock),True,False
ORDER_SMARTSECTION_DATA,Data for Order specific SmartSections.,ORDER_SMARTSECTION_C_NAME,VARCHAR,False,False,The key for Result SmartSections. Used as both a primary key and a foreign key for ORDER_SMARTSECTION_TEXT and ORDER_SMARTSECTION_HNO.,smart-tool usage (SmartText/SmartForm/SmartBlock),False,False
ORDER_SMARTSECTION_HNO,Holds the CSN of HNO records that contain the SmartSection text.,ORDER_ID,NUMERIC,False,False,The unique identifier (.1 item) for the order record.,smart-tool usage (SmartText/SmartForm/SmartBlock),False,False
ORDER_SMARTSECTION_HNO,Holds the CSN of HNO records that contain the SmartSection text.,CONTACT_DATE_REAL,FLOAT,False,False,"A unique contact date in decimal format. The integer portion of the number indicates the date of contact. The digits after the decimal distinguish different contacts on the same date and are unique for each contact on that date. For example, .00 is the first/only contact, .01 is the second contact, etc.",smart-tool usage (SmartText/SmartForm/SmartBlock),False,False
ORDER_SMARTSECTION_HNO,Holds the CSN of HNO records that contain the SmartSection text.,GROUP_LINE,INTEGER,False,False,The line number for the information associated with this contact.,smart-tool usage (SmartText/SmartForm/SmartBlock),False,False
ORDER_SMARTSECTION_HNO,Holds the CSN of HNO records that contain the SmartSection text.,VALUE_LINE,INTEGER,False,False,The line number of one of the multiple values associated with a specific group of data within this contact.,smart-tool usage (SmartText/SmartForm/SmartBlock),False,False
ORDER_SMARTSECTION_HNO,Holds the CSN of HNO records that contain the SmartSection text.,CONTACT_DATE,DATETIME,False,False,The date of this contact in calendar format.,smart-tool usage (SmartText/SmartForm/SmartBlock),True,False
ORDER_SMARTSECTION_TEXT,Holds the SmartSection text for an Order. Associated key is SMARTSECTION_KEY in ORDER_SMARTSECTION_DATA.,ORDER_ID,NUMERIC,False,False,The unique identifier (.1 item) for the order record.,smart-tool usage (SmartText/SmartForm/SmartBlock),False,False
ORDER_SMARTSECTION_TEXT,Holds the SmartSection text for an Order. Associated key is SMARTSECTION_KEY in ORDER_SMARTSECTION_DATA.,CONTACT_DATE_REAL,FLOAT,False,False,"A unique contact date in decimal format. The integer portion of the number indicates the date of contact. The digits after the decimal distinguish different contacts on the same date and are unique for each contact on that date. For example, .00 is the first/only contact, .01 is the second contact, etc.",smart-tool usage (SmartText/SmartForm/SmartBlock),False,False
ORDER_SMARTSECTION_TEXT,Holds the SmartSection text for an Order. Associated key is SMARTSECTION_KEY in ORDER_SMARTSECTION_DATA.,GROUP_LINE,INTEGER,False,False,The line number for the information associated with this contact.,smart-tool usage (SmartText/SmartForm/SmartBlock),False,False
ORDER_SMARTSECTION_TEXT,Holds the SmartSection text for an Order. Associated key is SMARTSECTION_KEY in ORDER_SMARTSECTION_DATA.,VALUE_LINE,INTEGER,False,False,The line number of one of the multiple values associated with a specific group of data within this contact.,smart-tool usage (SmartText/SmartForm/SmartBlock),False,False
ORDER_SMARTSECTION_TEXT,Holds the SmartSection text for an Order. Associated key is SMARTSECTION_KEY in ORDER_SMARTSECTION_DATA.,CONTACT_DATE,DATETIME,False,False,The date of this contact in calendar format.,smart-tool usage (SmartText/SmartForm/SmartBlock),True,False
ORDER_SMARTSECTION_TEXT,Holds the SmartSection text for an Order. Associated key is SMARTSECTION_KEY in ORDER_SMARTSECTION_DATA.,SMARTSECTION_TEXT,VARCHAR,False,False,The text contents of a SmartSection for the order.,smart-tool usage (SmartText/SmartForm/SmartBlock),False,False
ORD_LAST_ADDENDUM_INFO,This table contains information about the most recent addendum.,ORDER_ID,NUMERIC,False,False,The unique identifier (.1 item) for the order record.,addendum,False,False
ORD_LAST_ADDENDUM_INFO,This table contains information about the most recent addendum.,LINE,INTEGER,False,False,The line number for the information associated with this record. Multiple pieces of information can be associated with this record.,addendum,False,False
ORD_LAST_ADDENDUM_INFO,This table contains information about the most recent addendum.,LAST_ADD_PROV_ID_PROV_NAME,VARCHAR,False,False,The name of the service provider. This item may be hidden in a public view of the CLARITY_SER table.,addendum,False,False
ORTHO_TREAT_NOTE,The ORTHO_TREAT_NOTE table contains information about orthodontics treatment note.,TREATMENT_PLAN_ID,VARCHAR,False,False,The unique identifier for the treatment plan record.,other note/document-adjacent,False,False
ORTHO_TREAT_NOTE,The ORTHO_TREAT_NOTE table contains information about orthodontics treatment note.,LINE,INTEGER,False,False,The line number for the information associated with this record. Multiple pieces of information can be associated with this record.,other note/document-adjacent,False,False
ORTHO_TREAT_NOTE,The ORTHO_TREAT_NOTE table contains information about orthodontics treatment note.,NOTE,VARCHAR,False,False,Printable comments for the treatment plan.,other note/document-adjacent,False,False
OR_LOG_POSTOP_NOTE,The OR_LOG_POSTOP_NOTE table contains post-op notes from the log record.,LOG_ID,VARCHAR,False,False,The unique identifier for the log record.,other note/document-adjacent,False,False
OR_LOG_POSTOP_NOTE,The OR_LOG_POSTOP_NOTE table contains post-op notes from the log record.,LINE,INTEGER,False,False,The line number for the information associated with this record. Multiple pieces of information can be associated with this record.,other note/document-adjacent,False,False
OR_LOG_POSTOP_NOTE,The OR_LOG_POSTOP_NOTE table contains post-op notes from the log record.,POSTOP_NOTES_ID,VARCHAR,False,False,The unique ID of the post-op notes associated with this log.,other note/document-adjacent,False,False
OUTREACH_ESIG_DOCUMENTS,This table stores documents sent to patients for e-signature prior to an outreach.,ACTIVITY_ID,VARCHAR,False,False,The unique identifier (.1 item) for the task record.,"administrative/non-clinical (comment fields, billing/coverage/referral/etc.)",False,False
OUTREACH_ESIG_DOCUMENTS,This table stores documents sent to patients for e-signature prior to an outreach.,LINE,INTEGER,False,False,The line number for the information associated with this record. Multiple pieces of information can be associated with this record.,"administrative/non-clinical (comment fields, billing/coverage/referral/etc.)",False,False
OUTREACH_ESIG_DOCUMENTS,This table stores documents sent to patients for e-signature prior to an outreach.,ESIG_DOCUMENT_ID,VARCHAR,False,False,"For outreach tasks, the document to send to the patient for e-signature.","administrative/non-clinical (comment fields, billing/coverage/referral/etc.)",False,False
OUTREACH_ESIG_DOCUMENTS,This table stores documents sent to patients for e-signature prior to an outreach.,ESIG_REL_ORDER_ID,NUMERIC,False,False,"The order related to the e-signature document, if any.","administrative/non-clinical (comment fields, billing/coverage/referral/etc.)",False,False
OUTREACH_ESIG_DOCUMENTS,This table stores documents sent to patients for e-signature prior to an outreach.,ESIG_DOC_SEND_DATE,DATETIME,False,False,The date to send the e-signature document to the patient.,"administrative/non-clinical (comment fields, billing/coverage/referral/etc.)",True,False
PAT_ADDENDUM_INFO,This table contains the encounter addendum information from the Addendum Added Date (I EPT 18123) and Addendum Added User (I EPT 18129) items.,PAT_ENC_DATE_REAL,FLOAT,False,False,"A unique contact date in decimal format. The integer portion of the number indicates the date of contact. The digits after the decimal distinguish different contacts on the same date and are unique for each contact on that date. For example, .00 is the first/only contact, .01 is the second contact, etc.",addendum,False,False
PAT_ADDENDUM_INFO,This table contains the encounter addendum information from the Addendum Added Date (I EPT 18123) and Addendum Added User (I EPT 18129) items.,PAT_ENC_CSN_ID,NUMERIC,False,False,A unique serial number for this encounter. This number is unique across all patients and encounters in the system.,addendum,False,False
PAT_ADDENDUM_INFO,This table contains the encounter addendum information from the Addendum Added Date (I EPT 18123) and Addendum Added User (I EPT 18129) items.,CONTACT_DATE,DATETIME,False,False,The date of this contact in calendar format.,addendum,True,False
PAT_ADDENDUM_INFO,This table contains the encounter addendum information from the Addendum Added Date (I EPT 18123) and Addendum Added User (I EPT 18129) items.,LINE,INTEGER,False,False,The line count for the items.,addendum,False,False
PAT_ADDENDUM_INFO,This table contains the encounter addendum information from the Addendum Added Date (I EPT 18123) and Addendum Added User (I EPT 18129) items.,ADDENDUM_DATE_TIME,DATETIME (Local),False,False,The date and time when the addendum of the patient encounter is created.,addendum,True,False
PAT_ADDENDUM_INFO,This table contains the encounter addendum information from the Addendum Added Date (I EPT 18123) and Addendum Added User (I EPT 18129) items.,ADDENDUM_USER_ID,VARCHAR,False,False,The unique ID of the system user who has created the addendum for the patient encounter.,addendum,False,False
PAT_ADDENDUM_INFO,This table contains the encounter addendum information from the Addendum Added Date (I EPT 18123) and Addendum Added User (I EPT 18129) items.,ADDENDUM_USER_ID_NAME,VARCHAR,False,False,The name of the user record. This name may be hidden.,addendum,False,False
PAT_ADDENDUM_INFO,This table contains the encounter addendum information from the Addendum Added Date (I EPT 18123) and Addendum Added User (I EPT 18129) items.,ADDENDUM_STARTED_UTC_DTTM,DATETIME (UTC),False,False,"This is the UTC instant when an addendum was started. If blank, then the Addendum Finished Date and Addendum Finished Time (ADDENDUM_DATE_TIME) is the started instant as well as the signed instant.",addendum,True,False
PAT_ADDENDUM_INFO,This table contains the encounter addendum information from the Addendum Added Date (I EPT 18123) and Addendum Added User (I EPT 18129) items.,ADDENDUM_STARTED_USER_ID,VARCHAR,False,False,"The unique user identifier that started the addendum. If blank, then the Addendum Finished User (ADDENDUM_USER_ID) was the user that started the addendum as well as signed it.",addendum,False,False
PAT_ADDENDUM_INFO,This table contains the encounter addendum information from the Addendum Added Date (I EPT 18123) and Addendum Added User (I EPT 18129) items.,ADDENDUM_STARTED_USER_ID_NAME,VARCHAR,False,False,The name of the user record. This name may be hidden.,addendum,False,False
PAT_ADDENDUM_INFO,This table contains the encounter addendum information from the Addendum Added Date (I EPT 18123) and Addendum Added User (I EPT 18129) items.,SOURCE_WORKFLOW_C_NAME,VARCHAR,False,False,This is the current platform that is allowed to edit the open addendum. This is only set for open addenda started on Rover.,addendum,False,False
PAT_ADDENDUM_INFO,This table contains the encounter addendum information from the Addendum Added Date (I EPT 18123) and Addendum Added User (I EPT 18129) items.,ADDENDUM_OPEN_YN,VARCHAR,False,False,Stores whether the addendum is open and has not yet been signed.,addendum,False,False
PAT_DT_STICKY_NOTE_INFO,"This table contains information regarding a patient's date-specific sticky notes, including the date the note applies to as well as the note ID.",PAT_ID,VARCHAR,False,False,The unique ID of the patient record for this row. This column is frequently used to link to the PATIENT table.,"administrative/non-clinical (comment fields, billing/coverage/referral/etc.)",False,False
PAT_DT_STICKY_NOTE_INFO,"This table contains information regarding a patient's date-specific sticky notes, including the date the note applies to as well as the note ID.",LINE,INTEGER,False,False,The line number for the information associated with this record. Multiple pieces of information can be associated with this record.,"administrative/non-clinical (comment fields, billing/coverage/referral/etc.)",False,False
PAT_DT_STICKY_NOTE_INFO,"This table contains information regarding a patient's date-specific sticky notes, including the date the note applies to as well as the note ID.",DT_STICKY_NOTE_DATE,DATETIME,False,False,Stores the date of the date-specific sticky notes.,"administrative/non-clinical (comment fields, billing/coverage/referral/etc.)",True,False
PAT_DT_STICKY_NOTE_INFO,"This table contains information regarding a patient's date-specific sticky notes, including the date the note applies to as well as the note ID.",DT_STICKY_NOTE_ID,VARCHAR,False,False,Stores the HNO IDs of the date-specific sticky notes.,"administrative/non-clinical (comment fields, billing/coverage/referral/etc.)",False,False
PAT_ENC_AMBIENT_SESSIONS,Stores ambient session information from a patient's encounter.,PAT_ENC_CSN_ID,NUMERIC,False,False,"The unique contact serial number for this contact. This number is unique across all patient encounters in your system. If you use IntraConnect, this is the Unique Contact Identifier (UCI).",ambient/AI-scribe (Epic-native — directly Suki-comparable),False,False
PAT_ENC_AMBIENT_SESSIONS,Stores ambient session information from a patient's encounter.,LINE,INTEGER,False,False,The line number for the information associated with this contact. Multiple pieces of information can be associated with this contact.,ambient/AI-scribe (Epic-native — directly Suki-comparable),False,False
PAT_ENC_AMBIENT_SESSIONS,Stores ambient session information from a patient's encounter.,PAT_ID,VARCHAR,False,False,The unique ID of the patient record for this row. This column is frequently used to link to the PATIENT table.,ambient/AI-scribe (Epic-native — directly Suki-comparable),False,False
PAT_ENC_AMBIENT_SESSIONS,Stores ambient session information from a patient's encounter.,CONTACT_DATE,DATETIME,False,False,The date of this contact in calendar format.,ambient/AI-scribe (Epic-native — directly Suki-comparable),True,False
PAT_ENC_AMBIENT_SESSIONS,Stores ambient session information from a patient's encounter.,CM_CT_OWNER_ID,VARCHAR,False,False,The Community ID (CID) of the instance that owns this contact. This is only populated if you use IntraConnect.,ambient/AI-scribe (Epic-native — directly Suki-comparable),False,False
PAT_ENC_AMBIENT_SESSIONS,Stores ambient session information from a patient's encounter.,AMBIENT_SESSION_IDENT,VARCHAR,False,False,Session IDs for Ambient Recordings. Points to DXR,ambient/AI-scribe (Epic-native — directly Suki-comparable),False,False
PAT_ENC_CHKOUT_NOTE,Stores the checkout note entered by the provider for the follow-up of a given encounter.,PAT_ENC_CSN_ID,NUMERIC,False,False,"The unique contact serial number for this contact. This number is unique across all patient encounters in your system. If you use IntraConnect, this is the Unique Contact Identifier (UCI).",other note/document-adjacent,False,False
PAT_ENC_CHKOUT_NOTE,Stores the checkout note entered by the provider for the follow-up of a given encounter.,LINE,INTEGER,False,False,The line number for the information associated with this contact. Multiple pieces of information can be associated with this contact.,other note/document-adjacent,False,False
PAT_ENC_CHKOUT_NOTE,Stores the checkout note entered by the provider for the follow-up of a given encounter.,CHKOUT_NOTE,VARCHAR,False,False,This item stores the check-out note entered by the provider for the follow-up of a given encounter.,other note/document-adjacent,False,False
PAT_ENC_PREPAYNOTE,User entered notes associated with a prepayment on a patient encounter.,PAT_ENC_CSN_ID,NUMERIC,False,False,"The unique contact serial number for this contact. This number is unique across all patient encounters in your system. If you use IntraConnect, this is the Unique Contact Identifier (UCI).","administrative/non-clinical (comment fields, billing/coverage/referral/etc.)",False,False
PAT_ENC_PREPAYNOTE,User entered notes associated with a prepayment on a patient encounter.,LINE,INTEGER,False,False,Counts the line in a single prepayment note. The PREPAY_NOTES column contains the text the note for a single line.,"administrative/non-clinical (comment fields, billing/coverage/referral/etc.)",False,False
PAT_ENC_PREPAYNOTE,User entered notes associated with a prepayment on a patient encounter.,PAT_ENC_DATE_REAL,FLOAT,False,False,"A unique contact date in decimal format. The integer portion of the number indicates the date of contact. The digits after the decimal distinguish different contacts on the same date and are unique for each contact on that date. For example, .00 is the first/only contact, .01 is the second contact, etc.","administrative/non-clinical (comment fields, billing/coverage/referral/etc.)",False,False
PAT_ENC_PREPAYNOTE,User entered notes associated with a prepayment on a patient encounter.,CONTACT_DATE,DATETIME,False,False,The date of this contact in calendar format.,"administrative/non-clinical (comment fields, billing/coverage/referral/etc.)",True,False
PAT_ENC_PREPAYNOTE,User entered notes associated with a prepayment on a patient encounter.,PREPAY_NOTES,VARCHAR,False,False,User entered notes describing a pre-payment,"administrative/non-clinical (comment fields, billing/coverage/referral/etc.)",False,False
PB_COLL_HX_NOTE_TBL,"The table of notes, letters, etc. attached to a collections process as it moves through an organization's steps of collections.",PB_ACCT_ID,VARCHAR,False,False,The unique identifier (.1 item) for the account record.,"administrative/non-clinical (comment fields, billing/coverage/referral/etc.)",False,False
PB_COLL_HX_NOTE_TBL,"The table of notes, letters, etc. attached to a collections process as it moves through an organization's steps of collections.",GROUP_LINE,INTEGER,False,False,The line number for the information associated with this record.,"administrative/non-clinical (comment fields, billing/coverage/referral/etc.)",False,False
PB_COLL_HX_NOTE_TBL,"The table of notes, letters, etc. attached to a collections process as it moves through an organization's steps of collections.",VALUE_LINE,INTEGER,False,False,The line number of one of the multiple values associated with a specific group of data within this record.,"administrative/non-clinical (comment fields, billing/coverage/referral/etc.)",False,False
PB_COLL_HX_NOTE_TBL,"The table of notes, letters, etc. attached to a collections process as it moves through an organization's steps of collections.",PB_COLL_NOTE_ID,VARCHAR,False,False,"The notes, comments, letters, etc. that get attached to a collections process as it goes through the predefined steps.","administrative/non-clinical (comment fields, billing/coverage/referral/etc.)",False,False
PROBLEM_DIS_STAT_NOTE_HX,This table extracts a list of notes (HNOs) indicating the note in which clinicians have edited the disease status for a problem on a patient's problem list.,PROBLEM_LIST_ID,NUMERIC,False,False,The unique identifier (.1 item) for the problem record.,other note/document-adjacent,False,False
PROBLEM_DIS_STAT_NOTE_HX,This table extracts a list of notes (HNOs) indicating the note in which clinicians have edited the disease status for a problem on a patient's problem list.,GROUP_LINE,INTEGER,False,False,The line number for the information associated with this record.,other note/document-adjacent,False,False
PROBLEM_DIS_STAT_NOTE_HX,This table extracts a list of notes (HNOs) indicating the note in which clinicians have edited the disease status for a problem on a patient's problem list.,VALUE_LINE,INTEGER,False,False,The line number of one of the multiple values associated with a specific group of data within this record.,other note/document-adjacent,False,False
PROBLEM_DIS_STAT_NOTE_HX,This table extracts a list of notes (HNOs) indicating the note in which clinicians have edited the disease status for a problem on a patient's problem list.,HX_DISEASE_STATUS_NOTE_ID,VARCHAR,False,False,Documents the note used to change disease status data,other note/document-adjacent,False,False
PROBLEM_NOTE_PROPS,Contains all related properties to assessment & plan notes which are stored in the PROBLEM_NOTES clarity extract.,PROBLEM_LIST_ID,NUMERIC,False,False,The unique identifier for the problem record.,other note/document-adjacent,False,False
PROBLEM_NOTE_PROPS,Contains all related properties to assessment & plan notes which are stored in the PROBLEM_NOTES clarity extract.,LINE,INTEGER,False,False,The line number for the information associated with this record. Multiple pieces of information can be associated with this record.,other note/document-adjacent,False,False
PROBLEM_NOTE_PROPS,Contains all related properties to assessment & plan notes which are stored in the PROBLEM_NOTES clarity extract.,GENERATED_NOTE_ID,VARCHAR,False,False,This item stores the note the assessment & plan note has been generated into. If null then the corresponding assessment & plan note has not been generated into a note.,other note/document-adjacent,False,False
PROBLEM_NOTE_PROPS,Contains all related properties to assessment & plan notes which are stored in the PROBLEM_NOTES clarity extract.,AP_NOTE_SERVICE_C_NAME,VARCHAR,True,False,This item stores the service for which the assessment and plan note was written.,other note/document-adjacent,False,False
QRY_EVIDENCE_NOTE_CSN_ID,This table extracts information related to the contact the evidence came from.,QUERY_ID,NUMERIC,False,False,The unique identifier for the query record.,"administrative/non-clinical (comment fields, billing/coverage/referral/etc.)",False,False
QRY_EVIDENCE_NOTE_CSN_ID,This table extracts information related to the contact the evidence came from.,GROUP_LINE,INTEGER,False,False,The line number for the information associated with this contact.,"administrative/non-clinical (comment fields, billing/coverage/referral/etc.)",False,False
QRY_EVIDENCE_NOTE_CSN_ID,This table extracts information related to the contact the evidence came from.,VALUE_LINE,INTEGER,False,False,The line number of one of the multiple values associated with a specific group of data within this contact.,"administrative/non-clinical (comment fields, billing/coverage/referral/etc.)",False,False
QRY_EVIDENCE_NOTE_CSN_ID,This table extracts information related to the contact the evidence came from.,CONTACT_DATE,DATETIME,False,False,The date of this contact in calendar format.,"administrative/non-clinical (comment fields, billing/coverage/referral/etc.)",True,False
QRY_EVIDENCE_NOTE_CSN_ID,This table extracts information related to the contact the evidence came from.,EVIDENCE_NOTE_CSN_ID,NUMERIC,False,False,The unique ID of the contact of the note record that contains this evidence.,"administrative/non-clinical (comment fields, billing/coverage/referral/etc.)",False,False
QRY_EVIDENCE_NOTE_CSN_ID,This table extracts information related to the contact the evidence came from.,QUERY_CSN_ID,NUMERIC,False,False,The contact serial number (CSN) of the contact.,"administrative/non-clinical (comment fields, billing/coverage/referral/etc.)",False,False
QRY_EVIDENCE_NOTE_IDS,This table extracts information related to the note record that the evidence came from.,QUERY_ID,NUMERIC,False,False,The unique identifier for the query record.,"administrative/non-clinical (comment fields, billing/coverage/referral/etc.)",False,False
QRY_EVIDENCE_NOTE_IDS,This table extracts information related to the note record that the evidence came from.,GROUP_LINE,INTEGER,False,False,The line number for the information associated with this contact.,"administrative/non-clinical (comment fields, billing/coverage/referral/etc.)",False,False
QRY_EVIDENCE_NOTE_IDS,This table extracts information related to the note record that the evidence came from.,VALUE_LINE,INTEGER,False,False,The line number of one of the multiple values associated with a specific group of data within this contact.,"administrative/non-clinical (comment fields, billing/coverage/referral/etc.)",False,False
QRY_EVIDENCE_NOTE_IDS,This table extracts information related to the note record that the evidence came from.,CONTACT_DATE,DATETIME,False,False,The date of this contact in calendar format.,"administrative/non-clinical (comment fields, billing/coverage/referral/etc.)",True,False
QRY_EVIDENCE_NOTE_IDS,This table extracts information related to the note record that the evidence came from.,EVIDENCE_NOTE_ID,VARCHAR,False,False,The unique ID of the note record that contains this evidence.,"administrative/non-clinical (comment fields, billing/coverage/referral/etc.)",False,False
QRY_EVIDENCE_NOTE_IDS,This table extracts information related to the note record that the evidence came from.,QUERY_CSN_ID,NUMERIC,False,False,The contact serial number (CSN) of the contact.,"administrative/non-clinical (comment fields, billing/coverage/referral/etc.)",False,False
QRY_RESP_NOTE_HX,This table displays historical notes used in response to queries (are not current responses).,NOTE_ID,VARCHAR,False,False,The unique identifier for the note record.,"administrative/non-clinical (comment fields, billing/coverage/referral/etc.)",False,False
QRY_RESP_NOTE_HX,This table displays historical notes used in response to queries (are not current responses).,LINE,INTEGER,False,False,The line number for the information associated with this record. Multiple pieces of information can be associated with this record.,"administrative/non-clinical (comment fields, billing/coverage/referral/etc.)",False,False
QRY_RESP_NOTE_HX,This table displays historical notes used in response to queries (are not current responses).,QRY_RESP_HX_NOTE_ID,VARCHAR,False,False,Holds any previous query response notes that were used to respond to a query.,"administrative/non-clinical (comment fields, billing/coverage/referral/etc.)",False,False
REFERRAL_BED_DAY_UNS_NOTE,The unsigned notes linked with a bed day line.,REFERRAL_ID,NUMERIC,False,False,The unique identifier (.1 item) for the referral record.,"administrative/non-clinical (comment fields, billing/coverage/referral/etc.)",False,False
REFERRAL_BED_DAY_UNS_NOTE,The unsigned notes linked with a bed day line.,GROUP_LINE,INTEGER,False,False,The line number for the information associated with this record.,"administrative/non-clinical (comment fields, billing/coverage/referral/etc.)",False,False
REFERRAL_BED_DAY_UNS_NOTE,The unsigned notes linked with a bed day line.,VALUE_LINE,INTEGER,False,False,The line number of one of the multiple values associated with a specific group of data within this record.,"administrative/non-clinical (comment fields, billing/coverage/referral/etc.)",False,False
REFERRAL_BED_DAY_UNS_NOTE,The unsigned notes linked with a bed day line.,BED_DAY_UNSIGNED_NOTE_ID,VARCHAR,False,False,Unsigned notes linked to this referral.,"administrative/non-clinical (comment fields, billing/coverage/referral/etc.)",False,False
REFERRAL_UM_UNSIGNED_NOTE,This table contains the unsigned UM notes.,REFERRAL_ID,NUMERIC,False,False,The unique identifier (.1 item) for the referral record.,"administrative/non-clinical (comment fields, billing/coverage/referral/etc.)",False,False
REFERRAL_UM_UNSIGNED_NOTE,This table contains the unsigned UM notes.,LINE,INTEGER,False,False,The line number for the information associated with this record. Multiple pieces of information can be associated with this record.,"administrative/non-clinical (comment fields, billing/coverage/referral/etc.)",False,False
REFERRAL_UM_UNSIGNED_NOTE,This table contains the unsigned UM notes.,UM_UNSIGNED_UCN_NOTE_ID,VARCHAR,False,False,This item stores the HNO ID for the unsigned UM UCN Notes.,"administrative/non-clinical (comment fields, billing/coverage/referral/etc.)",False,False
RES_COSIGNERS,Contains a list of users who have cosigned results.,RESULT_ID,VARCHAR,False,False,The unique identifier of the result record.,signature/cosign/attestation,False,False
RES_COSIGNERS,Contains a list of users who have cosigned results.,LINE,INTEGER,False,False,The line number for the information associated with this record. Multiple pieces of information can be associated with this record.,signature/cosign/attestation,False,False
RES_COSIGNERS,Contains a list of users who have cosigned results.,COSIGNER_ID,VARCHAR,False,False,Stores the users who have cosigned this result.,signature/cosign/attestation,False,False
RES_COSIGNERS,Contains a list of users who have cosigned results.,COSIGNER_ID_NAME,VARCHAR,False,False,The name of the user record. This name may be hidden.,signature/cosign/attestation,False,False
RES_SMARTTEXT_RSLT,Displays multi-line string results.,RESULT_ID,VARCHAR,False,False,The unique identifier for the result record.,smart-tool usage (SmartText/SmartForm/SmartBlock),False,False
RES_SMARTTEXT_RSLT,Displays multi-line string results.,LINE,INTEGER,False,False,The line number for the information associated with this record. Multiple pieces of information can be associated with this record.,smart-tool usage (SmartText/SmartForm/SmartBlock),False,False
RES_SMARTTEXT_RSLT,Displays multi-line string results.,MULTI_LN_STR_RESULT,VARCHAR,False,False,Stores multi line string results.,smart-tool usage (SmartText/SmartForm/SmartBlock),False,False
RXFILL_NOTE,Table for the RxFill pharmacy note.,MED_PRBLM_LIST_ID,NUMERIC,False,False,The unique identifier for the med problem list record.,"administrative/non-clinical (comment fields, billing/coverage/referral/etc.)",False,False
RXFILL_NOTE,Table for the RxFill pharmacy note.,GROUP_LINE,INTEGER,False,False,The line number for the information associated with this record.,"administrative/non-clinical (comment fields, billing/coverage/referral/etc.)",False,False
RXFILL_NOTE,Table for the RxFill pharmacy note.,VALUE_LINE,INTEGER,False,False,The line number of one of the multiple values associated with a specific group of data within this record.,"administrative/non-clinical (comment fields, billing/coverage/referral/etc.)",False,False
RXFILL_NOTE,Table for the RxFill pharmacy note.,RXFILL_NOTE,VARCHAR,False,False,Stores the RxFill note filed by the pharmacy.,"administrative/non-clinical (comment fields, billing/coverage/referral/etc.)",False,False
SMARTFORMS_ACCESSED,"This table contains information pertaining to how specific users are accessing specific SmartForms, such as how long a user has spent in a given SmartForm.",PAT_ENC_CSN_ID,NUMERIC,False,False,"The unique contact serial number for this contact. This number is unique across all patient encounters in your system. If you use IntraConnect, this is the Unique Contact Identifier (UCI).",smart-tool usage (SmartText/SmartForm/SmartBlock),False,False
SMARTFORMS_ACCESSED,"This table contains information pertaining to how specific users are accessing specific SmartForms, such as how long a user has spent in a given SmartForm.",LINE,INTEGER,False,False,The line number for the information associated with this contact. Multiple pieces of information can be associated with this contact.,smart-tool usage (SmartText/SmartForm/SmartBlock),False,False
SMARTFORMS_ACCESSED,"This table contains information pertaining to how specific users are accessing specific SmartForms, such as how long a user has spent in a given SmartForm.",PAT_ID,VARCHAR,False,False,The unique ID of the patient record for this row. This column is frequently used to link to the PATIENT table.,smart-tool usage (SmartText/SmartForm/SmartBlock),False,False
SMARTFORMS_ACCESSED,"This table contains information pertaining to how specific users are accessing specific SmartForms, such as how long a user has spent in a given SmartForm.",CONTACT_DATE,DATETIME,False,False,The date of this contact in calendar format.,smart-tool usage (SmartText/SmartForm/SmartBlock),True,False
SMARTFORMS_ACCESSED,"This table contains information pertaining to how specific users are accessing specific SmartForms, such as how long a user has spent in a given SmartForm.",CM_CT_OWNER_ID,VARCHAR,False,False,The Community ID (CID) of the instance that owns this contact. This is only populated if you use IntraConnect.,smart-tool usage (SmartText/SmartForm/SmartBlock),False,False
SMARTFORM_METADATA,This table contains metadata pertaining to specific SmartForms for a visit.,PAT_ENC_CSN_ID,NUMERIC,False,False,"The unique contact serial number for this contact. This number is unique across all patient encounters in your system. If you use IntraConnect, this is the Unique Contact Identifier (UCI).",smart-tool usage (SmartText/SmartForm/SmartBlock),False,False
SMARTFORM_METADATA,This table contains metadata pertaining to specific SmartForms for a visit.,LINE,INTEGER,False,False,The line number for the information associated with this contact. Multiple pieces of information can be associated with this contact.,smart-tool usage (SmartText/SmartForm/SmartBlock),False,False
SMARTFORM_METADATA,This table contains metadata pertaining to specific SmartForms for a visit.,PAT_ID,VARCHAR,False,False,The unique ID of the patient record for this row. This column is frequently used to link to the PATIENT table.,smart-tool usage (SmartText/SmartForm/SmartBlock),False,False
SMARTFORM_METADATA,This table contains metadata pertaining to specific SmartForms for a visit.,CONTACT_DATE,DATETIME,False,False,The date of this contact in calendar format.,smart-tool usage (SmartText/SmartForm/SmartBlock),True,False
SMARTFORM_METADATA,This table contains metadata pertaining to specific SmartForms for a visit.,CM_CT_OWNER_ID,VARCHAR,False,False,The Community ID (CID) of the instance that owns this contact. This is only populated if you use IntraConnect.,smart-tool usage (SmartText/SmartForm/SmartBlock),False,False
SMARTTEXT,"This table contains information relating to SmartText records. SmartTexts are blocks of text which may be used in a variety of ways, including documenting on clinical encounters, and for letters sent to patients.",SMARTTEXT_ID,VARCHAR,False,False,The ID of the SmartText record.,smart-tool usage (SmartText/SmartForm/SmartBlock),False,False
SMARTTEXT,"This table contains information relating to SmartText records. SmartTexts are blocks of text which may be used in a variety of ways, including documenting on clinical encounters, and for letters sent to patients.",SMARTTEXT_NAME,VARCHAR,False,False,The name of the SmartText record.,smart-tool usage (SmartText/SmartForm/SmartBlock),False,False
SMRTDTA_ELEM_AIEXTRACTED,This table is a bridge between AI Extracted Fact context SmartData element values and the source interaction records.,HLV_ID,NUMERIC,False,False,The unique identifier (.1 item) for the value record.,smart-tool usage (SmartText/SmartForm/SmartBlock),False,False
SMRTDTA_ELEM_AIEXTRACTED,This table is a bridge between AI Extracted Fact context SmartData element values and the source interaction records.,ELEMENT_ID,VARCHAR,False,False,The SmartData identifier (SDI).,smart-tool usage (SmartText/SmartForm/SmartBlock),False,False
SMRTDTA_ELEM_AIEXTRACTED,This table is a bridge between AI Extracted Fact context SmartData element values and the source interaction records.,AI_INTRCT_ID,NUMERIC,False,False,Record ID of the context contact.,smart-tool usage (SmartText/SmartForm/SmartBlock),False,False
SMRTDTA_ELEM_AUTH,This table is a bridge between authorization context SmartData element values and the source authorization records.,HLV_ID,NUMERIC,False,False,The unique identifier (.1 item) for the value record.,smart-tool usage (SmartText/SmartForm/SmartBlock),False,False
SMRTDTA_ELEM_AUTH,This table is a bridge between authorization context SmartData element values and the source authorization records.,AUTH_ID,NUMERIC,False,False,The unique ID of the linked authorization record that is associated with the SmartData element value.,smart-tool usage (SmartText/SmartForm/SmartBlock),False,False
SMRTDTA_ELEM_AUTH,This table is a bridge between authorization context SmartData element values and the source authorization records.,ELEMENT_ID,VARCHAR,False,False,The SmartData identifier (SDI) for this row.,smart-tool usage (SmartText/SmartForm/SmartBlock),False,False
SMRTDTA_ELEM_BEREAVE,This table is a bridge between bereavement contact context SmartData element values and the source bereavement records.,HLV_ID,NUMERIC,False,False,The unique identifier (.1 item) for the value record.,smart-tool usage (SmartText/SmartForm/SmartBlock),False,False
SMRTDTA_ELEM_BEREAVE,This table is a bridge between bereavement contact context SmartData element values and the source bereavement records.,BEREAVEMENT_ID,NUMERIC,False,False,The unique ID of the linked bereavement record that is associated with the SmartData element value.,smart-tool usage (SmartText/SmartForm/SmartBlock),False,False
SMRTDTA_ELEM_BEREAVE,This table is a bridge between bereavement contact context SmartData element values and the source bereavement records.,ELEMENT_ID,VARCHAR,False,False,The SmartData identifier (SDI) for this row.,smart-tool usage (SmartText/SmartForm/SmartBlock),False,False
SMRTDTA_ELEM_CONCEPT,This table is a bridge between concept context SmartData element values and the source SmartData element value records.,HLV_ID,NUMERIC,False,False,The unique identifier (.1 item) for the value record.,smart-tool usage (SmartText/SmartForm/SmartBlock),False,False
SMRTDTA_ELEM_CONCEPT,This table is a bridge between concept context SmartData element values and the source SmartData element value records.,PARENT_HLV_ID,NUMERIC,False,False,The unique ID of the linked concept record that is associated with the SmartData element value.,smart-tool usage (SmartText/SmartForm/SmartBlock),False,False
SMRTDTA_ELEM_CONCEPT,This table is a bridge between concept context SmartData element values and the source SmartData element value records.,PAT_ID,VARCHAR,False,False,The unique ID of the patient record linked to the SmartData element. This column is frequently used to link to the PATIENT table.,smart-tool usage (SmartText/SmartForm/SmartBlock),False,False
SMRTDTA_ELEM_CONCEPT,This table is a bridge between concept context SmartData element values and the source SmartData element value records.,ELEMENT_ID,VARCHAR,False,False,The SmartData identifier (SDI) for this row.,smart-tool usage (SmartText/SmartForm/SmartBlock),False,False
SMRTDTA_ELEM_CUST_SERVICE,This table is a bridge between CRM context SmartData element values and the source customer relationship management records.,HLV_ID,NUMERIC,False,False,The unique identifier (.1 item) for the value record.,smart-tool usage (SmartText/SmartForm/SmartBlock),False,False
SMRTDTA_ELEM_CUST_SERVICE,This table is a bridge between CRM context SmartData element values and the source customer relationship management records.,COMM_ID,NUMERIC,False,False,The unique ID of the linked customer relationship management record that is associated with the SmartData element value.,smart-tool usage (SmartText/SmartForm/SmartBlock),False,False
SMRTDTA_ELEM_CUST_SERVICE,This table is a bridge between CRM context SmartData element values and the source customer relationship management records.,ELEMENT_ID,VARCHAR,False,False,The SmartData identifier (SDI) for this row.,smart-tool usage (SmartText/SmartForm/SmartBlock),False,False
SMRTDTA_ELEM_CUST_SERVICE,This table is a bridge between CRM context SmartData element values and the source customer relationship management records.,CUR_VALUE_DATETIME,DATETIME (Local),False,False,"The date and time when the SmartData element value was entered by a user through a SmartForm, SmartTool or other documentation tool that files discrete data to SmartData elements.",smart-tool usage (SmartText/SmartForm/SmartBlock),True,False
SMRTDTA_ELEM_DATA,"The SMRTDTA_ELEM_DATA table stores metadata (context, linked records, time of entry, etc.) concerning SmartData element values entered by users through SmartForms, SmartTools or other documentation tools that file discrete data to SmartData elements. The actual element values entered by end users are stored in the SMRTDTA_ELEM_VALUE table.",HLV_ID,NUMERIC,False,False,The unique ID of the SmartData element value.,smart-tool usage (SmartText/SmartForm/SmartBlock),False,False
SMRTDTA_ELEM_DATA,"The SMRTDTA_ELEM_DATA table stores metadata (context, linked records, time of entry, etc.) concerning SmartData element values entered by users through SmartForms, SmartTools or other documentation tools that file discrete data to SmartData elements. The actual element values entered by end users are stored in the SMRTDTA_ELEM_VALUE table.",ELEMENT_ID,VARCHAR,False,False,The SmartData identifier (SDI) for this row.,smart-tool usage (SmartText/SmartForm/SmartBlock),False,False
SMRTDTA_ELEM_DATA,"The SMRTDTA_ELEM_DATA table stores metadata (context, linked records, time of entry, etc.) concerning SmartData element values entered by users through SmartForms, SmartTools or other documentation tools that file discrete data to SmartData elements. The actual element values entered by end users are stored in the SMRTDTA_ELEM_VALUE table.",CUR_VALUE_DATETIME,DATETIME (Local),False,False,"The date and time when the SmartData element value was entered by a user through a SmartForm, SmartTool or other documentation tool that files discrete data to SmartData elements.",smart-tool usage (SmartText/SmartForm/SmartBlock),True,False
SMRTDTA_ELEM_DATA,"The SMRTDTA_ELEM_DATA table stores metadata (context, linked records, time of entry, etc.) concerning SmartData element values entered by users through SmartForms, SmartTools or other documentation tools that file discrete data to SmartData elements. The actual element values entered by end users are stored in the SMRTDTA_ELEM_VALUE table.",CUR_VALUE_USER_ID,VARCHAR,False,False,The unique ID of the user who entered the SmartData element value for this row. This column is frequently used to link to the CLARITY_EMP table.,smart-tool usage (SmartText/SmartForm/SmartBlock),False,False
SMRTDTA_ELEM_DATA,"The SMRTDTA_ELEM_DATA table stores metadata (context, linked records, time of entry, etc.) concerning SmartData element values entered by users through SmartForms, SmartTools or other documentation tools that file discrete data to SmartData elements. The actual element values entered by end users are stored in the SMRTDTA_ELEM_VALUE table.",CUR_VALUE_USER_ID_NAME,VARCHAR,False,False,The name of the user record. This name may be hidden.,smart-tool usage (SmartText/SmartForm/SmartBlock),False,False
SMRTDTA_ELEM_DATA,"The SMRTDTA_ELEM_DATA table stores metadata (context, linked records, time of entry, etc.) concerning SmartData element values entered by users through SmartForms, SmartTools or other documentation tools that file discrete data to SmartData elements. The actual element values entered by end users are stored in the SMRTDTA_ELEM_VALUE table.",CONTEXT_NAME,VARCHAR,False,False,"The name of the context associated with this row. Contexts organize SmartData element data into different categories and determine under what circumstances data is stored. Examples of contexts include ""Patient"" and ""Episode"".",smart-tool usage (SmartText/SmartForm/SmartBlock),False,False
SMRTDTA_ELEM_DATA,"The SMRTDTA_ELEM_DATA table stores metadata (context, linked records, time of entry, etc.) concerning SmartData element values entered by users through SmartForms, SmartTools or other documentation tools that file discrete data to SmartData elements. The actual element values entered by end users are stored in the SMRTDTA_ELEM_VALUE table.",CONTACT_SERIAL_NUM,NUMERIC,False,False,"The unique contact serial number for a contact this record is linked to. If you use IntraConnect, this is the Unique Contact Identifier (UCI).",smart-tool usage (SmartText/SmartForm/SmartBlock),False,False
SMRTDTA_ELEM_DATA,"The SMRTDTA_ELEM_DATA table stores metadata (context, linked records, time of entry, etc.) concerning SmartData element values entered by users through SmartForms, SmartTools or other documentation tools that file discrete data to SmartData elements. The actual element values entered by end users are stored in the SMRTDTA_ELEM_VALUE table.",RECORD_ID_VARCHAR,VARCHAR,False,False,"The unique ID of the linked record that is associated with the SmartData element value of the current row. The type of linked record (patient, order, note, etc.) is determined by the context specified in the CONTEXT_NAME column of the current row. This column will be populated with a varchar version of the numeric ID if the type is numeric.",smart-tool usage (SmartText/SmartForm/SmartBlock),False,False
SMRTDTA_ELEM_DATA,"The SMRTDTA_ELEM_DATA table stores metadata (context, linked records, time of entry, etc.) concerning SmartData element values entered by users through SmartForms, SmartTools or other documentation tools that file discrete data to SmartData elements. The actual element values entered by end users are stored in the SMRTDTA_ELEM_VALUE table.",PAT_LINK_ID,VARCHAR,False,False,The unique ID of the patient record linked to the SmartData element. This column is frequently used to link to the PATIENT table.,smart-tool usage (SmartText/SmartForm/SmartBlock),False,False
SMRTDTA_ELEM_DATA,"The SMRTDTA_ELEM_DATA table stores metadata (context, linked records, time of entry, etc.) concerning SmartData element values entered by users through SmartForms, SmartTools or other documentation tools that file discrete data to SmartData elements. The actual element values entered by end users are stored in the SMRTDTA_ELEM_VALUE table.",SRC_NOTE_ID,VARCHAR,False,False,Links to the note record that created the current value.,smart-tool usage (SmartText/SmartForm/SmartBlock),False,False
SMRTDTA_ELEM_DATA,"The SMRTDTA_ELEM_DATA table stores metadata (context, linked records, time of entry, etc.) concerning SmartData element values entered by users through SmartForms, SmartTools or other documentation tools that file discrete data to SmartData elements. The actual element values entered by end users are stored in the SMRTDTA_ELEM_VALUE table.",SRC_NOTE_STATUS_C_NAME,VARCHAR,True,False,The status of the source note.,smart-tool usage (SmartText/SmartForm/SmartBlock),False,False
SMRTDTA_ELEM_DATA,"The SMRTDTA_ELEM_DATA table stores metadata (context, linked records, time of entry, etc.) concerning SmartData element values entered by users through SmartForms, SmartTools or other documentation tools that file discrete data to SmartData elements. The actual element values entered by end users are stored in the SMRTDTA_ELEM_VALUE table.",CUR_VAL_UTC_DTTM,DATETIME (UTC),False,False,UTC version of HLV 70,smart-tool usage (SmartText/SmartForm/SmartBlock),True,False
SMRTDTA_ELEM_DATA,"The SMRTDTA_ELEM_DATA table stores metadata (context, linked records, time of entry, etc.) concerning SmartData element values entered by users through SmartForms, SmartTools or other documentation tools that file discrete data to SmartData elements. The actual element values entered by end users are stored in the SMRTDTA_ELEM_VALUE table.",SET_BY_C_NAME,VARCHAR,False,False,Stores how this value was set,smart-tool usage (SmartText/SmartForm/SmartBlock),False,False
SMRTDTA_ELEM_DATA,"The SMRTDTA_ELEM_DATA table stores metadata (context, linked records, time of entry, etc.) concerning SmartData element values entered by users through SmartForms, SmartTools or other documentation tools that file discrete data to SmartData elements. The actual element values entered by end users are stored in the SMRTDTA_ELEM_VALUE table.",SET_BY_USER_ID,VARCHAR,False,False,Stores by which user this value was set,smart-tool usage (SmartText/SmartForm/SmartBlock),False,False
SMRTDTA_ELEM_DATA,"The SMRTDTA_ELEM_DATA table stores metadata (context, linked records, time of entry, etc.) concerning SmartData element values entered by users through SmartForms, SmartTools or other documentation tools that file discrete data to SmartData elements. The actual element values entered by end users are stored in the SMRTDTA_ELEM_VALUE table.",SET_BY_USER_ID_NAME,VARCHAR,False,False,The name of the user record. This name may be hidden.,smart-tool usage (SmartText/SmartForm/SmartBlock),False,False
SMRTDTA_ELEM_DATASET,This table is a bridge between data set context SmartData element values and the source data set records.,HLV_ID,NUMERIC,False,False,The unique identifier (.1 item) for the value record.,smart-tool usage (SmartText/SmartForm/SmartBlock),False,False
SMRTDTA_ELEM_DATASET,This table is a bridge between data set context SmartData element values and the source data set records.,DATASET_ID,NUMERIC,False,False,The unique ID of the linked data set record that is associated with the SmartData element value.,smart-tool usage (SmartText/SmartForm/SmartBlock),False,False
SMRTDTA_ELEM_DATASET,This table is a bridge between data set context SmartData element values and the source data set records.,ELEMENT_ID,VARCHAR,False,False,The SmartData identifier (SDI) for this row.,smart-tool usage (SmartText/SmartForm/SmartBlock),False,False
SMRTDTA_ELEM_DEFICIENCY,This table is a bridge between problem context SmartData element values and the source deficiency records.,HLV_ID,NUMERIC,False,False,The unique identifier (.1 item) for the value record.,smart-tool usage (SmartText/SmartForm/SmartBlock),False,False
SMRTDTA_ELEM_DEFICIENCY,This table is a bridge between problem context SmartData element values and the source deficiency records.,ELEMENT_ID,VARCHAR,False,False,The SmartData identifier (SDI).,smart-tool usage (SmartText/SmartForm/SmartBlock),False,False
SMRTDTA_ELEM_DEFICIENCY,This table is a bridge between problem context SmartData element values and the source deficiency records.,DFI_ID,NUMERIC,False,False,The unique ID of the linked deficiency instance record that is associated with the SmartData element value.,smart-tool usage (SmartText/SmartForm/SmartBlock),False,False
SMRTDTA_ELEM_DOCUMENT,This table is a bridge between document context SmartData element values and the source document records.,HLV_ID,NUMERIC,False,False,The unique identifier (.1 item) for the value record.,smart-tool usage (SmartText/SmartForm/SmartBlock),False,False
SMRTDTA_ELEM_DOCUMENT,This table is a bridge between document context SmartData element values and the source document records.,DOCUMENT_ID,VARCHAR,False,False,The unique ID of the linked document record that is associated with the SmartData element value.,smart-tool usage (SmartText/SmartForm/SmartBlock),False,False
SMRTDTA_ELEM_DOCUMENT,This table is a bridge between document context SmartData element values and the source document records.,ELEMENT_ID,VARCHAR,False,False,The SmartData identifier (SDI) for this row.,smart-tool usage (SmartText/SmartForm/SmartBlock),False,False
SMRTDTA_ELEM_DONOR,This table is a bridge between donor context SmartData element values and the source donor records.,HLV_ID,NUMERIC,False,False,The unique identifier (.1 item) for the value record.,smart-tool usage (SmartText/SmartForm/SmartBlock),False,False
SMRTDTA_ELEM_DONOR,This table is a bridge between donor context SmartData element values and the source donor records.,DONOR_RECORD_ID,NUMERIC,False,False,The unique ID of the linked donor record that is associated with the SmartData element value.,smart-tool usage (SmartText/SmartForm/SmartBlock),False,False
SMRTDTA_ELEM_DONOR,This table is a bridge between donor context SmartData element values and the source donor records.,ELEMENT_ID,VARCHAR,False,False,The SmartData identifier (SDI).,smart-tool usage (SmartText/SmartForm/SmartBlock),False,False
SMRTDTA_ELEM_ENCOUNTER,This table is a bridge between encounter context SmartData element values and the source patient encounter contacts.,HLV_ID,NUMERIC,False,False,The unique identifier (.1 item) for the value record.,smart-tool usage (SmartText/SmartForm/SmartBlock),False,False
SMRTDTA_ELEM_ENCOUNTER,This table is a bridge between encounter context SmartData element values and the source patient encounter contacts.,PAT_ENC_CSN_ID,NUMERIC,False,False,"The unique contact serial number for the patient encounter contact that is associated with the SmartData element value. If you use IntraConnect, this is the Unique Contact Identifier (UCI).",smart-tool usage (SmartText/SmartForm/SmartBlock),False,False
SMRTDTA_ELEM_ENCOUNTER,This table is a bridge between encounter context SmartData element values and the source patient encounter contacts.,PAT_ID,VARCHAR,False,False,The unique ID of the linked patient record that is associated with the SmartData element value.,smart-tool usage (SmartText/SmartForm/SmartBlock),False,False
SMRTDTA_ELEM_ENCOUNTER,This table is a bridge between encounter context SmartData element values and the source patient encounter contacts.,ELEMENT_ID,VARCHAR,False,False,The SmartData identifier (SDI) for this row.,smart-tool usage (SmartText/SmartForm/SmartBlock),False,False
SMRTDTA_ELEM_EPISODE,This table is a bridge between episode context SmartData element values and the source episode records.,HLV_ID,NUMERIC,False,False,The unique identifier (.1 item) for the value record.,smart-tool usage (SmartText/SmartForm/SmartBlock),False,False
SMRTDTA_ELEM_EPISODE,This table is a bridge between episode context SmartData element values and the source episode records.,EPISODE_ID,NUMERIC,False,False,The unique ID of the linked episode record that is associated with the SmartData element value.,smart-tool usage (SmartText/SmartForm/SmartBlock),False,False
SMRTDTA_ELEM_EPISODE,This table is a bridge between episode context SmartData element values and the source episode records.,ELEMENT_ID,VARCHAR,False,False,The SmartData identifier (SDI) for this row.,smart-tool usage (SmartText/SmartForm/SmartBlock),False,False
SMRTDTA_ELEM_EPISODE_GRP,This table is a bridge between episode group context SmartData element values and the source episode records.,HLV_ID,NUMERIC,False,False,The unique identifier (.1 item) for the value record.,smart-tool usage (SmartText/SmartForm/SmartBlock),False,False
SMRTDTA_ELEM_EPISODE_GRP,This table is a bridge between episode group context SmartData element values and the source episode records.,EPISODE_ID,NUMERIC,False,False,The unique ID of the linked episode record that is associated with the SmartData element value.,smart-tool usage (SmartText/SmartForm/SmartBlock),False,False
SMRTDTA_ELEM_EPISODE_GRP,This table is a bridge between episode group context SmartData element values and the source episode records.,ELEMENT_ID,VARCHAR,False,False,The SmartData identifier (SDI) for this row.,smart-tool usage (SmartText/SmartForm/SmartBlock),False,False
SMRTDTA_ELEM_FIN_ASST_CAS,This table is a bridge between finacial assistance case context SmartData element values and the source case records.,HLV_ID,NUMERIC,False,False,The unique identifier (.1 item) for the value record.,smart-tool usage (SmartText/SmartForm/SmartBlock),False,False
SMRTDTA_ELEM_FIN_ASST_CAS,This table is a bridge between finacial assistance case context SmartData element values and the source case records.,FIN_ASST_CASE_ID,NUMERIC,False,False,The unique ID of the linked finacial assistance case record that is associated with the SmartData element value.,smart-tool usage (SmartText/SmartForm/SmartBlock),False,False
SMRTDTA_ELEM_FIN_ASST_CAS,This table is a bridge between finacial assistance case context SmartData element values and the source case records.,ELEMENT_ID,VARCHAR,False,False,The SmartData identifier (SDI) for this row.,smart-tool usage (SmartText/SmartForm/SmartBlock),False,False
SMRTDTA_ELEM_HISTORY,This table is a bridge between history context SmartData element values and the source patient history contacts.,HLV_ID,NUMERIC,False,False,The unique identifier (.1 item) for the value record.,smart-tool usage (SmartText/SmartForm/SmartBlock),False,False
SMRTDTA_ELEM_HISTORY,This table is a bridge between history context SmartData element values and the source patient history contacts.,PAT_ENC_CSN_ID,NUMERIC,False,False,"The unique contact serial number for the patient encounter contact that is associated with the SmartData element value. If you use IntraConnect, this is the Unique Contact Identifier (UCI).",smart-tool usage (SmartText/SmartForm/SmartBlock),False,False
SMRTDTA_ELEM_HISTORY,This table is a bridge between history context SmartData element values and the source patient history contacts.,PAT_ID,VARCHAR,False,False,The unique ID of the linked patient record that is associated with the SmartData element value.,smart-tool usage (SmartText/SmartForm/SmartBlock),False,False
SMRTDTA_ELEM_HISTORY,This table is a bridge between history context SmartData element values and the source patient history contacts.,ELEMENT_ID,VARCHAR,False,False,The SmartData identifier (SDI) for this row.,smart-tool usage (SmartText/SmartForm/SmartBlock),False,False
SMRTDTA_ELEM_INFERT_CYCLE,This table is a bridge between infertility cycle context SmartData element values and the source cycle records.,HLV_ID,NUMERIC,False,False,The unique identifier (.1 item) for the value record.,smart-tool usage (SmartText/SmartForm/SmartBlock),False,False
SMRTDTA_ELEM_INFERT_CYCLE,This table is a bridge between infertility cycle context SmartData element values and the source cycle records.,CYCLE_ID,NUMERIC,False,False,The unique ID of the linked cycle record that is associated with the SmartData element value.,smart-tool usage (SmartText/SmartForm/SmartBlock),False,False
SMRTDTA_ELEM_INFERT_CYCLE,This table is a bridge between infertility cycle context SmartData element values and the source cycle records.,ELEMENT_ID,VARCHAR,False,False,The SmartData identifier (SDI) for this row.,smart-tool usage (SmartText/SmartForm/SmartBlock),False,False
SMRTDTA_ELEM_LAB_RESULT,This table is a bridge between SmartData element values and the source result records. Currently only being used for Fertility purposes.,HLV_ID,NUMERIC,False,False,The unique identifier (.1 item) for the value record.,smart-tool usage (SmartText/SmartForm/SmartBlock),False,False
SMRTDTA_ELEM_LAB_RESULT,This table is a bridge between SmartData element values and the source result records. Currently only being used for Fertility purposes.,ELEMENT_ID,VARCHAR,False,False,The SmartData identifier (SDI).,smart-tool usage (SmartText/SmartForm/SmartBlock),False,False
SMRTDTA_ELEM_LAB_RESULT,This table is a bridge between SmartData element values and the source result records. Currently only being used for Fertility purposes.,RESULT_ID,VARCHAR,False,False,Record ID of the context contact,smart-tool usage (SmartText/SmartForm/SmartBlock),False,False
SMRTDTA_ELEM_NOTE,This table is a bridge between note context SmartData element values and the source note records.,HLV_ID,NUMERIC,False,False,The unique identifier (.1 item) for the value record.,smart-tool usage (SmartText/SmartForm/SmartBlock),False,False
SMRTDTA_ELEM_NOTE,This table is a bridge between note context SmartData element values and the source note records.,NOTE_ID,VARCHAR,False,False,The unique ID of the linked note record that is associated with the SmartData element value.,smart-tool usage (SmartText/SmartForm/SmartBlock),False,False
SMRTDTA_ELEM_NOTE,This table is a bridge between note context SmartData element values and the source note records.,ELEMENT_ID,VARCHAR,False,False,The SmartData identifier (SDI) for this row.,smart-tool usage (SmartText/SmartForm/SmartBlock),False,False
SMRTDTA_ELEM_ORDER,This table is a bridge between order context SmartData element values and the source order records.,HLV_ID,NUMERIC,False,False,The unique identifier (.1 item) for the value record.,smart-tool usage (SmartText/SmartForm/SmartBlock),False,False
SMRTDTA_ELEM_ORDER,This table is a bridge between order context SmartData element values and the source order records.,ORDER_ID,NUMERIC,False,False,The unique ID of the linked order record that is associated with the SmartData element value.,smart-tool usage (SmartText/SmartForm/SmartBlock),False,False
SMRTDTA_ELEM_ORDER,This table is a bridge between order context SmartData element values and the source order records.,ELEMENT_ID,VARCHAR,False,False,The SmartData identifier (SDI) for this row.,smart-tool usage (SmartText/SmartForm/SmartBlock),False,False
SMRTDTA_ELEM_ORGAN,This table is a bridge between organ context SmartData element values and the source organ records.,HLV_ID,NUMERIC,False,False,The unique identifier (.1 item) for the value record.,smart-tool usage (SmartText/SmartForm/SmartBlock),False,False
SMRTDTA_ELEM_ORGAN,This table is a bridge between organ context SmartData element values and the source organ records.,ORG_RECORD_ID,NUMERIC,False,False,The unique ID of the linked organ record that is associated with the SmartData element value.,smart-tool usage (SmartText/SmartForm/SmartBlock),False,False
SMRTDTA_ELEM_ORGAN,This table is a bridge between organ context SmartData element values and the source organ records.,ELEMENT_ID,VARCHAR,False,False,The SmartData identifier (SDI) for this row.,smart-tool usage (SmartText/SmartForm/SmartBlock),False,False
SMRTDTA_ELEM_PATIENT,This table is a bridge between patient context SmartData element values and the source patient records.,HLV_ID,NUMERIC,False,False,The unique identifier (.1 item) for the value record.,smart-tool usage (SmartText/SmartForm/SmartBlock),False,False
SMRTDTA_ELEM_PATIENT,This table is a bridge between patient context SmartData element values and the source patient records.,PAT_ID,VARCHAR,False,False,The unique ID of the linked patient record that is associated with the SmartData element value.,smart-tool usage (SmartText/SmartForm/SmartBlock),False,False
SMRTDTA_ELEM_PATIENT,This table is a bridge between patient context SmartData element values and the source patient records.,ELEMENT_ID,VARCHAR,False,False,The SmartData identifier (SDI) for this row.,smart-tool usage (SmartText/SmartForm/SmartBlock),False,False
SMRTDTA_ELEM_PAT_ENTERED,This table is a bridge between patient entered context SmartData element values and the source patient records.,HLV_ID,NUMERIC,False,False,The unique identifier (.1 item) for the value record.,smart-tool usage (SmartText/SmartForm/SmartBlock),False,False
SMRTDTA_ELEM_PAT_ENTERED,This table is a bridge between patient entered context SmartData element values and the source patient records.,PAT_ENC_CSN_ID,NUMERIC,False,False,"The unique contact serial number for the patient encounter contact that is associated with the SmartData element value. If you use IntraConnect, this is the Unique Contact Identifier (UCI).",smart-tool usage (SmartText/SmartForm/SmartBlock),False,False
SMRTDTA_ELEM_PAT_ENTERED,This table is a bridge between patient entered context SmartData element values and the source patient records.,PAT_ID,VARCHAR,False,False,The unique ID of the linked patient record that is associated with the SmartData element value.,smart-tool usage (SmartText/SmartForm/SmartBlock),False,False
SMRTDTA_ELEM_PAT_ENTERED,This table is a bridge between patient entered context SmartData element values and the source patient records.,ELEMENT_ID,VARCHAR,False,False,The SmartData identifier (SDI) for this row.,smart-tool usage (SmartText/SmartForm/SmartBlock),False,False
SMRTDTA_ELEM_PROBLEM,This table is a bridge between problem context SmartData element values and the source problem list records.,HLV_ID,NUMERIC,False,False,The unique identifier (.1 item) for the value record.,smart-tool usage (SmartText/SmartForm/SmartBlock),False,False
SMRTDTA_ELEM_PROBLEM,This table is a bridge between problem context SmartData element values and the source problem list records.,PROBLEM_LIST_ID,NUMERIC,False,False,The unique ID of the linked problem list record that is associated with the SmartData element value.,smart-tool usage (SmartText/SmartForm/SmartBlock),False,False
SMRTDTA_ELEM_PROBLEM,This table is a bridge between problem context SmartData element values and the source problem list records.,ELEMENT_ID,VARCHAR,False,False,The SmartData identifier (SDI) for this row.,smart-tool usage (SmartText/SmartForm/SmartBlock),False,False
SMRTDTA_ELEM_REGISTRY,This table is a bridge between registry context SmartData element values and the source registry data records.,HLV_ID,NUMERIC,False,False,The unique identifier (.1 item) for the value record.,smart-tool usage (SmartText/SmartForm/SmartBlock),False,False
SMRTDTA_ELEM_REGISTRY,This table is a bridge between registry context SmartData element values and the source registry data records.,REGISTRY_DATA_ID,NUMERIC,False,False,The unique ID of the linked registry data record that is associated with the SmartData element value.,smart-tool usage (SmartText/SmartForm/SmartBlock),False,False
SMRTDTA_ELEM_REGISTRY,This table is a bridge between registry context SmartData element values and the source registry data records.,ELEMENT_ID,VARCHAR,False,False,The SmartData identifier (SDI) for this row.,smart-tool usage (SmartText/SmartForm/SmartBlock),False,False
SMRTDTA_ELEM_RESULT,This table is a bridge between result context SmartData element values and the source result records.,HLV_ID,NUMERIC,False,False,The unique identifier (.1 item) for the value record.,smart-tool usage (SmartText/SmartForm/SmartBlock),False,False
SMRTDTA_ELEM_RESULT,This table is a bridge between result context SmartData element values and the source result records.,FINDING_ID,NUMERIC,False,False,The unique ID of the linked result record that is associated with the SmartData element value.,smart-tool usage (SmartText/SmartForm/SmartBlock),False,False
SMRTDTA_ELEM_RESULT,This table is a bridge between result context SmartData element values and the source result records.,ELEMENT_ID,VARCHAR,False,False,The SmartData identifier (SDI) for this row.,smart-tool usage (SmartText/SmartForm/SmartBlock),False,False
SMRTDTA_ELEM_RESULT_CNCT,This table is a bridge between result contact context SmartData element values and the source result record contacts.,HLV_ID,NUMERIC,False,False,The unique identifier (.1 item) for the value record.,smart-tool usage (SmartText/SmartForm/SmartBlock),False,False
SMRTDTA_ELEM_RESULT_CNCT,This table is a bridge between result contact context SmartData element values and the source result record contacts.,FINDING_CSN_ID,NUMERIC,False,False,"The unique contact serial number for the result contact that is associated with the SmartData element value. If you use IntraConnect, this is the Unique Contact Identifier (UCI).",smart-tool usage (SmartText/SmartForm/SmartBlock),False,False
SMRTDTA_ELEM_RESULT_CNCT,This table is a bridge between result contact context SmartData element values and the source result record contacts.,FINDING_ID,NUMERIC,False,False,The unique ID of the linked result record that is associated with the SmartData element value.,smart-tool usage (SmartText/SmartForm/SmartBlock),False,False
SMRTDTA_ELEM_RESULT_CNCT,This table is a bridge between result contact context SmartData element values and the source result record contacts.,ELEMENT_ID,VARCHAR,False,False,The SmartData identifier (SDI) for this row.,smart-tool usage (SmartText/SmartForm/SmartBlock),False,False
SMRTDTA_ELEM_STAGE,This table is a bridge between stage context SmartData element values and the source stage records.,HLV_ID,NUMERIC,False,False,The unique identifier (.1 item) for the value record.,smart-tool usage (SmartText/SmartForm/SmartBlock),False,False
SMRTDTA_ELEM_STAGE,This table is a bridge between stage context SmartData element values and the source stage records.,STAGE_ID,NUMERIC,False,False,The unique ID of the linked stage record that is associated with the SmartData element value.,smart-tool usage (SmartText/SmartForm/SmartBlock),False,False
SMRTDTA_ELEM_STAGE,This table is a bridge between stage context SmartData element values and the source stage records.,ELEMENT_ID,VARCHAR,False,False,The SmartData identifier (SDI) for this row.,smart-tool usage (SmartText/SmartForm/SmartBlock),False,False
SMRTDTA_ELEM_SYNOPTIC,This table is a bridge between synoptic context SmartData element values and the source synoptic records.,HLV_ID,NUMERIC,False,False,The unique identifier (.1 item) for the value record.,smart-tool usage (SmartText/SmartForm/SmartBlock),False,False
SMRTDTA_ELEM_SYNOPTIC,This table is a bridge between synoptic context SmartData element values and the source synoptic records.,SYNOPTIC_ID,NUMERIC,False,False,The unique ID of the linked synoptic record that is associated with the SmartData element value.,smart-tool usage (SmartText/SmartForm/SmartBlock),False,False
SMRTDTA_ELEM_SYNOPTIC,This table is a bridge between synoptic context SmartData element values and the source synoptic records.,ELEMENT_ID,VARCHAR,False,False,The SmartData identifier (SDI) for this row.,smart-tool usage (SmartText/SmartForm/SmartBlock),False,False
SMRTDTA_ELEM_WAITING_LST,This table is a bridge between Waiting List context SmartData element values and the source Waiting List records.,HLV_ID,NUMERIC,False,False,The unique identifier (.1 item) for the value record.,smart-tool usage (SmartText/SmartForm/SmartBlock),False,False
SMRTDTA_ELEM_WAITING_LST,This table is a bridge between Waiting List context SmartData element values and the source Waiting List records.,WAITING_LIST_ID,NUMERIC,False,False,Record ID of the context contact,smart-tool usage (SmartText/SmartForm/SmartBlock),False,False
SMRTDTA_ELEM_WAITING_LST,This table is a bridge between Waiting List context SmartData element values and the source Waiting List records.,ELEMENT_ID,VARCHAR,False,False,The SmartData identifier (SDI).,smart-tool usage (SmartText/SmartForm/SmartBlock),False,False
SUBSCRIBER_ADDR_MSG,This table contains the address validation messages for the subscriber address.,COVERAGE_ID,NUMERIC,False,False,The unique identifier for the coverage record.,"administrative/non-clinical (comment fields, billing/coverage/referral/etc.)",False,False
SUBSCRIBER_ADDR_MSG,This table contains the address validation messages for the subscriber address.,LINE,INTEGER,False,False,The line number for the information associated with this record. Multiple pieces of information can be associated with this record.,"administrative/non-clinical (comment fields, billing/coverage/referral/etc.)",False,False
SUBSCRIBER_ADDR_MSG,This table contains the address validation messages for the subscriber address.,ADDR_VALIDATION_MESSAGE,VARCHAR,False,False,Messages about the address validation.,"administrative/non-clinical (comment fields, billing/coverage/referral/etc.)",False,False
TX_ADDENDUM_NOTES,Extract Note (HNO) records containing addendum information for the note.,NOTE_CSN_ID,NUMERIC,False,False,"The unique contact serial number (CSN) of the note record. If you use IntraConnect, this is the Unique Contact Identifier (UCI).",addendum,False,False
TX_ADDENDUM_NOTES,Extract Note (HNO) records containing addendum information for the note.,LINE,INTEGER,False,False,The line number for the information associated with this contact. Multiple pieces of information can be associated with this contact.,addendum,False,False
TX_ADDENDUM_NOTES,Extract Note (HNO) records containing addendum information for the note.,NOTE_ID,VARCHAR,False,False,The unique identifier (.1 item) for the note record.,addendum,False,False
TX_ADDENDUM_NOTES,Extract Note (HNO) records containing addendum information for the note.,CONTACT_DATE,DATETIME,False,False,The date of this contact in calendar format.,addendum,True,False
TX_ADDENDUM_NOTES,Extract Note (HNO) records containing addendum information for the note.,TX_ADDENDUM_NOTE_ID,VARCHAR,False,False,Legacy item used to identify related note records containing addendum information for the note.,addendum,False,False
V_EHI_SMRTDTA_ELEM_VAL_EXT,"This view contains current values for SmartData elements, includes an external formatted value column, and an Electronic Health Information column descriptor column for values that reference records which can be used to join to tables with data related to that record.",HLV_ID,NUMERIC,False,False,The unique ID of the SmartData element value.,smart-tool usage (SmartText/SmartForm/SmartBlock),False,False
V_EHI_SMRTDTA_ELEM_VAL_EXT,"This view contains current values for SmartData elements, includes an external formatted value column, and an Electronic Health Information column descriptor column for values that reference records which can be used to join to tables with data related to that record.",LINE,INTEGER,False,False,The line number for the information associated with this record. Multiple pieces of information can be associated with this record.,smart-tool usage (SmartText/SmartForm/SmartBlock),False,False
V_EHI_SMRTDTA_ELEM_VAL_EXT,"This view contains current values for SmartData elements, includes an external formatted value column, and an Electronic Health Information column descriptor column for values that reference records which can be used to join to tables with data related to that record.",SMRTDTA_ELEM_VALUE,VARCHAR,False,False,"The SmartData element value entered by a user through a SmartForm, SmartTool or other documentation tool that files discrete data to SmartData elements. If the value entered is a record ID or category value and you use IntraConnect, this is the Community ID (CID). Note: This column only extracts the first 3000 characters of data.",smart-tool usage (SmartText/SmartForm/SmartBlock),False,False
V_EHI_SMRTDTA_ELEM_VAL_EXT,"This view contains current values for SmartData elements, includes an external formatted value column, and an Electronic Health Information column descriptor column for values that reference records which can be used to join to tables with data related to that record.",SMRTDTA_ELEM_VALUE_EXTERNAL,VARCHAR,False,False,"The SmartData element value entered by a user through a SmartForm, SmartTool or other documentation tool that files discrete data to SmartData elements. This value is converted to an external format, depending on the value type. For database element category values, this column will contain the category title. For database element static record values, this will contain the record name as of value filing or initial extraction. For date values, this column will contain a date string in YYYY-MM-DD format. For time values, this column will contain a timestamp string in HH24:MM:SS format. For instant values this column will contain a string that uses both the aforementioned date and time formats. For all other value types this column will be NULL.",smart-tool usage (SmartText/SmartForm/SmartBlock),False,False
V_EHI_SMRTDTA_ELEM_VAL_EXT,"This view contains current values for SmartData elements, includes an external formatted value column, and an Electronic Health Information column descriptor column for values that reference records which can be used to join to tables with data related to that record.",COLUMN_DESCRIPTOR,VARCHAR,False,False,"The name of a column that can be used to join from a raw database-type networked record ID in the SMRTDTA_ELEM_VALUE column to the corresponding data table for that record type, specifically for use in the Electronic Health Information export process.",smart-tool usage (SmartText/SmartForm/SmartBlock),False,False
