table,table_description,column,type,org_specific,discontinued,column_description,bucket,time_typed,is_pk
APPT_CSN_COUNTS,This table contains the appointment contact serial numbers (CSNs) linked to an authorization as well as the counts used for each CSN.,AUTH_ID,NUMERIC,False,False,The authorization ID for the authorization record.,Appointment / scheduling status,False,True
APPT_CSN_COUNTS,This table contains the appointment contact serial numbers (CSNs) linked to an authorization as well as the counts used for each CSN.,LINE,INTEGER,False,False,The line number for the information associated with this record. Multiple pieces of information can be associated with this record.,Appointment / scheduling status,False,True
APPT_CSN_COUNTS,This table contains the appointment contact serial numbers (CSNs) linked to an authorization as well as the counts used for each CSN.,LINKED_APPT_CSNS,NUMERIC,False,False,The contact serial numbers (CSNs) of all the appointments which fall within the dates on the authorization record.,Appointment / scheduling status,False,False
APPT_CSN_COUNTS,This table contains the appointment contact serial numbers (CSNs) linked to an authorization as well as the counts used for each CSN.,LINKED_APPT_COUNTS,INTEGER,False,False,The used counts corresponding to a particular contact serial number (CSN) in the LINKED_APPT_CSN column linked to an Authorization record.,Appointment / scheduling status,False,False
APPT_CSN_COUNTS,This table contains the appointment contact serial numbers (CSNs) linked to an authorization as well as the counts used for each CSN.,USR_OVR_VST_COUNT_YN,VARCHAR,False,False,Flag to say user has overridden the visit counts.,Appointment / scheduling status,False,False
CANCELED_APPTS_EDI,"This table contains the list of visit IDs of appointments that used to be linked to an order, but were cancelled due to the order being cancelled. This item is used by the incoming orders-to-cadence interface to rebook appointments if the order is un-cancelled.",ORDER_ID,NUMERIC,False,False,The unique identifier for the order record.,Appointment / scheduling status,False,True
CANCELED_APPTS_EDI,"This table contains the list of visit IDs of appointments that used to be linked to an order, but were cancelled due to the order being cancelled. This item is used by the incoming orders-to-cadence interface to rebook appointments if the order is un-cancelled.",LINE,INTEGER,False,False,The line number for the information associated with this record. Multiple pieces of information can be associated with this record.,Appointment / scheduling status,False,True
CANCELED_APPTS_EDI,"This table contains the list of visit IDs of appointments that used to be linked to an order, but were cancelled due to the order being cancelled. This item is used by the incoming orders-to-cadence interface to rebook appointments if the order is un-cancelled.",CANCEL_APPTS_EDI,INTEGER,False,False,List of appointment serial numbers (ASNs) linked to the order.,Appointment / scheduling status,False,False
CANCELED_APPTS_EDI,"This table contains the list of visit IDs of appointments that used to be linked to an order, but were cancelled due to the order being cancelled. This item is used by the incoming orders-to-cadence interface to rebook appointments if the order is un-cancelled.",CANC_APPT_PREV_STAT,VARCHAR,False,False,This item holds the status of the appointments before cancellation.,Appointment / scheduling status,False,False
CLARITY_SER,"The CLARITY_SER table contains high-level information about your provider records. These records may be caregivers, resources, classes, devices, and modalities.",PROV_ID_PROV_NAME,VARCHAR,False,False,The name of the service provider. This item may be hidden in a public view of the CLARITY_SER table.,Provider record (FTE / schedule — exploratory),False,False
CLARITY_SER,"The CLARITY_SER table contains high-level information about your provider records. These records may be caregivers, resources, classes, devices, and modalities.",PROV_NAME,VARCHAR,False,False,The name of the service provider. This item may be hidden in a public view of the CLARITY_SER table.,Provider record (FTE / schedule — exploratory),False,False
CLARITY_SER,"The CLARITY_SER table contains high-level information about your provider records. These records may be caregivers, resources, classes, devices, and modalities.",EXTERNAL_NAME,VARCHAR,False,False,The external name of the provider record.,Provider record (FTE / schedule — exploratory),False,False
ORD_AUD_APPT_INFO,This table contains audit information about the appointment-level info for imaging studies.,ORDER_ID,NUMERIC,False,False,The unique identifier (.1 item) for the order record.,Appointment / scheduling status,False,True
ORD_AUD_APPT_INFO,This table contains audit information about the appointment-level info for imaging studies.,LINE,INTEGER,False,False,The line number for the information associated with this record. Multiple pieces of information can be associated with this record.,Appointment / scheduling status,False,True
ORD_AUD_APPT_INFO,This table contains audit information about the appointment-level info for imaging studies.,APPT_STUDY_STATUES,VARCHAR,False,False,"Audit column for appointment study statues (category values) for an imaging procedure. The values are delimited by ""^"". The source item is located at ORDER_APPT_INFO.APPT_STUDY_STATUS_C.",Appointment / scheduling status,False,False
ORD_AUD_APPT_INFO,This table contains audit information about the appointment-level info for imaging studies.,APPT_STUDY_STAUES_EXT_VALS,VARCHAR,False,False,"Audit column for appointment study statues (external category values) for an imaging procedure. The values are delimited by ""^"". The source item is located at ORDER_APPT_INFO.APPT_STUDY_STATUS_C. This column shows the translated external value as of when the column was last extracted.",Appointment / scheduling status,False,False
PAT_ENC,"The patient encounter table contains one record for each patient encounter in your system. By default, this table does not contain Registration or PCP/Clinic Change contacts (encounter types 1 and 31). It does contain all appointments, office visits, telephone encounters, and other types of encounters. The primary key for the patient encounter table is PAT_ENC_CSN_ID. Note that there is an index named EIX_FILT_PAT_ENC_RFL on the REFERRAL_ID column in Oracle that does not appear in the index list. The index is created by EFN_FAUX_RFL_FILT_INX.",PAT_ID,VARCHAR,False,False,The unique ID assigned to the patient record. This ID may be encrypted if you have elected to use enterprise reporting’s encryption utility.,Encounter / visit record,False,False
PAT_ENC,"The patient encounter table contains one record for each patient encounter in your system. By default, this table does not contain Registration or PCP/Clinic Change contacts (encounter types 1 and 31). It does contain all appointments, office visits, telephone encounters, and other types of encounters. The primary key for the patient encounter table is PAT_ENC_CSN_ID. Note that there is an index named EIX_FILT_PAT_ENC_RFL on the REFERRAL_ID column in Oracle that does not appear in the index list. The index is created by EFN_FAUX_RFL_FILT_INX.",PAT_ENC_DATE_REAL,FLOAT,False,False,"A unique contact date in decimal format. The integer portion of the number indicates the date of contact. The digits after the decimal distinguish different contacts on the same date and are unique for each contact on that date. For example, .00 is the first/only contact, .01 is the second contact, etc.",Encounter / visit record,False,False
PAT_ENC,"The patient encounter table contains one record for each patient encounter in your system. By default, this table does not contain Registration or PCP/Clinic Change contacts (encounter types 1 and 31). It does contain all appointments, office visits, telephone encounters, and other types of encounters. The primary key for the patient encounter table is PAT_ENC_CSN_ID. Note that there is an index named EIX_FILT_PAT_ENC_RFL on the REFERRAL_ID column in Oracle that does not appear in the index list. The index is created by EFN_FAUX_RFL_FILT_INX.",PAT_ENC_CSN_ID,NUMERIC,False,False,A unique serial number for this encounter. This number is unique across all patients and encounters in the system.,Encounter / visit record,False,True
PAT_ENC,"The patient encounter table contains one record for each patient encounter in your system. By default, this table does not contain Registration or PCP/Clinic Change contacts (encounter types 1 and 31). It does contain all appointments, office visits, telephone encounters, and other types of encounters. The primary key for the patient encounter table is PAT_ENC_CSN_ID. Note that there is an index named EIX_FILT_PAT_ENC_RFL on the REFERRAL_ID column in Oracle that does not appear in the index list. The index is created by EFN_FAUX_RFL_FILT_INX.",CONTACT_DATE,DATETIME,False,False,The date of this contact in calendar format.,Encounter / visit record,True,False
PAT_ENC,"The patient encounter table contains one record for each patient encounter in your system. By default, this table does not contain Registration or PCP/Clinic Change contacts (encounter types 1 and 31). It does contain all appointments, office visits, telephone encounters, and other types of encounters. The primary key for the patient encounter table is PAT_ENC_CSN_ID. Note that there is an index named EIX_FILT_PAT_ENC_RFL on the REFERRAL_ID column in Oracle that does not appear in the index list. The index is created by EFN_FAUX_RFL_FILT_INX.",PCP_PROV_ID_PROV_NAME,VARCHAR,False,False,The name of the service provider. This item may be hidden in a public view of the CLARITY_SER table.,Encounter / visit record,False,False
PAT_ENC,"The patient encounter table contains one record for each patient encounter in your system. By default, this table does not contain Registration or PCP/Clinic Change contacts (encounter types 1 and 31). It does contain all appointments, office visits, telephone encounters, and other types of encounters. The primary key for the patient encounter table is PAT_ENC_CSN_ID. Note that there is an index named EIX_FILT_PAT_ENC_RFL on the REFERRAL_ID column in Oracle that does not appear in the index list. The index is created by EFN_FAUX_RFL_FILT_INX.",FIN_CLASS_C_NAME,VARCHAR,True,False,The category value associated with the Financial Class of the encounter. Note: This item is only populated through an interface. It is not populated if you have billing system installed.,Encounter / visit record,False,False
PAT_ENC,"The patient encounter table contains one record for each patient encounter in your system. By default, this table does not contain Registration or PCP/Clinic Change contacts (encounter types 1 and 31). It does contain all appointments, office visits, telephone encounters, and other types of encounters. The primary key for the patient encounter table is PAT_ENC_CSN_ID. Note that there is an index named EIX_FILT_PAT_ENC_RFL on the REFERRAL_ID column in Oracle that does not appear in the index list. The index is created by EFN_FAUX_RFL_FILT_INX.",VISIT_PROV_ID_PROV_NAME,VARCHAR,False,False,The name of the service provider. This item may be hidden in a public view of the CLARITY_SER table.,Encounter / visit record,False,False
PAT_ENC,"The patient encounter table contains one record for each patient encounter in your system. By default, this table does not contain Registration or PCP/Clinic Change contacts (encounter types 1 and 31). It does contain all appointments, office visits, telephone encounters, and other types of encounters. The primary key for the patient encounter table is PAT_ENC_CSN_ID. Note that there is an index named EIX_FILT_PAT_ENC_RFL on the REFERRAL_ID column in Oracle that does not appear in the index list. The index is created by EFN_FAUX_RFL_FILT_INX.",VISIT_PROV_TITLE_NAME,VARCHAR,True,False,The visit provider’s provider title (SER 5). See VISIT_PROV_ID above for the definition of visit provider.,Encounter / visit record,False,False
PAT_ENC,"The patient encounter table contains one record for each patient encounter in your system. By default, this table does not contain Registration or PCP/Clinic Change contacts (encounter types 1 and 31). It does contain all appointments, office visits, telephone encounters, and other types of encounters. The primary key for the patient encounter table is PAT_ENC_CSN_ID. Note that there is an index named EIX_FILT_PAT_ENC_RFL on the REFERRAL_ID column in Oracle that does not appear in the index list. The index is created by EFN_FAUX_RFL_FILT_INX.",DEPARTMENT_ID_EXTERNAL_NAME,VARCHAR,False,False,The external name of the department record. This is often used in patient correspondence such as reminder letters.,Encounter / visit record,False,False
PAT_ENC,"The patient encounter table contains one record for each patient encounter in your system. By default, this table does not contain Registration or PCP/Clinic Change contacts (encounter types 1 and 31). It does contain all appointments, office visits, telephone encounters, and other types of encounters. The primary key for the patient encounter table is PAT_ENC_CSN_ID. Note that there is an index named EIX_FILT_PAT_ENC_RFL on the REFERRAL_ID column in Oracle that does not appear in the index list. The index is created by EFN_FAUX_RFL_FILT_INX.",LMP_DATE,DATETIME,False,False,The date of the patient’s Last Menstrual Period. Only contains data for encounters with female patients.,Encounter / visit record,True,False
PAT_ENC,"The patient encounter table contains one record for each patient encounter in your system. By default, this table does not contain Registration or PCP/Clinic Change contacts (encounter types 1 and 31). It does contain all appointments, office visits, telephone encounters, and other types of encounters. The primary key for the patient encounter table is PAT_ENC_CSN_ID. Note that there is an index named EIX_FILT_PAT_ENC_RFL on the REFERRAL_ID column in Oracle that does not appear in the index list. The index is created by EFN_FAUX_RFL_FILT_INX.",ENC_CLOSED_YN,VARCHAR,False,False,"A flag that signifies if this encounter is closed as of the time of the enterprise reporting extract. This column will have the value Y, N or null. Null indicates that closing the encounter does not apply, such as a future appointment.",Encounter / visit record,False,False
PAT_ENC,"The patient encounter table contains one record for each patient encounter in your system. By default, this table does not contain Registration or PCP/Clinic Change contacts (encounter types 1 and 31). It does contain all appointments, office visits, telephone encounters, and other types of encounters. The primary key for the patient encounter table is PAT_ENC_CSN_ID. Note that there is an index named EIX_FILT_PAT_ENC_RFL on the REFERRAL_ID column in Oracle that does not appear in the index list. The index is created by EFN_FAUX_RFL_FILT_INX.",ENC_CLOSED_USER_ID,VARCHAR,False,False,The unique ID of the system user who closed the patient encounter. This ID may be encrypted.,Encounter / visit record,False,False
PAT_ENC,"The patient encounter table contains one record for each patient encounter in your system. By default, this table does not contain Registration or PCP/Clinic Change contacts (encounter types 1 and 31). It does contain all appointments, office visits, telephone encounters, and other types of encounters. The primary key for the patient encounter table is PAT_ENC_CSN_ID. Note that there is an index named EIX_FILT_PAT_ENC_RFL on the REFERRAL_ID column in Oracle that does not appear in the index list. The index is created by EFN_FAUX_RFL_FILT_INX.",ENC_CLOSED_USER_ID_NAME,VARCHAR,False,False,The name of the user record. This name may be hidden.,Encounter / visit record,False,False
PAT_ENC,"The patient encounter table contains one record for each patient encounter in your system. By default, this table does not contain Registration or PCP/Clinic Change contacts (encounter types 1 and 31). It does contain all appointments, office visits, telephone encounters, and other types of encounters. The primary key for the patient encounter table is PAT_ENC_CSN_ID. Note that there is an index named EIX_FILT_PAT_ENC_RFL on the REFERRAL_ID column in Oracle that does not appear in the index list. The index is created by EFN_FAUX_RFL_FILT_INX.",ENC_CLOSE_DATE,DATETIME,False,False,The date on which the patient encounter was closed.,Encounter / visit record,True,False
PAT_ENC,"The patient encounter table contains one record for each patient encounter in your system. By default, this table does not contain Registration or PCP/Clinic Change contacts (encounter types 1 and 31). It does contain all appointments, office visits, telephone encounters, and other types of encounters. The primary key for the patient encounter table is PAT_ENC_CSN_ID. Note that there is an index named EIX_FILT_PAT_ENC_RFL on the REFERRAL_ID column in Oracle that does not appear in the index list. The index is created by EFN_FAUX_RFL_FILT_INX.",LOS_MODIFIER1_ID,VARCHAR,False,False,The first Level of Service modifier applied to the encounter. This item will appear empty if no modifier is present.,Encounter / visit record,False,False
PAT_ENC,"The patient encounter table contains one record for each patient encounter in your system. By default, this table does not contain Registration or PCP/Clinic Change contacts (encounter types 1 and 31). It does contain all appointments, office visits, telephone encounters, and other types of encounters. The primary key for the patient encounter table is PAT_ENC_CSN_ID. Note that there is an index named EIX_FILT_PAT_ENC_RFL on the REFERRAL_ID column in Oracle that does not appear in the index list. The index is created by EFN_FAUX_RFL_FILT_INX.",LOS_MODIFIER1_ID_MODIFIER_NAME,VARCHAR,False,False,The name of the modifier record.,Encounter / visit record,False,False
PAT_ENC,"The patient encounter table contains one record for each patient encounter in your system. By default, this table does not contain Registration or PCP/Clinic Change contacts (encounter types 1 and 31). It does contain all appointments, office visits, telephone encounters, and other types of encounters. The primary key for the patient encounter table is PAT_ENC_CSN_ID. Note that there is an index named EIX_FILT_PAT_ENC_RFL on the REFERRAL_ID column in Oracle that does not appear in the index list. The index is created by EFN_FAUX_RFL_FILT_INX.",LOS_MODIFIER2_ID,VARCHAR,False,False,The second Level of Service modifier applied to the encounter. This item will appear empty if no modifier is present.,Encounter / visit record,False,False
PAT_ENC,"The patient encounter table contains one record for each patient encounter in your system. By default, this table does not contain Registration or PCP/Clinic Change contacts (encounter types 1 and 31). It does contain all appointments, office visits, telephone encounters, and other types of encounters. The primary key for the patient encounter table is PAT_ENC_CSN_ID. Note that there is an index named EIX_FILT_PAT_ENC_RFL on the REFERRAL_ID column in Oracle that does not appear in the index list. The index is created by EFN_FAUX_RFL_FILT_INX.",LOS_MODIFIER2_ID_MODIFIER_NAME,VARCHAR,False,False,The name of the modifier record.,Encounter / visit record,False,False
PAT_ENC,"The patient encounter table contains one record for each patient encounter in your system. By default, this table does not contain Registration or PCP/Clinic Change contacts (encounter types 1 and 31). It does contain all appointments, office visits, telephone encounters, and other types of encounters. The primary key for the patient encounter table is PAT_ENC_CSN_ID. Note that there is an index named EIX_FILT_PAT_ENC_RFL on the REFERRAL_ID column in Oracle that does not appear in the index list. The index is created by EFN_FAUX_RFL_FILT_INX.",LOS_MODIFIER3_ID,VARCHAR,False,False,The third Level of Service modifier applied to the encounter. This item will appear empty if no modifier is present.,Encounter / visit record,False,False
PAT_ENC,"The patient encounter table contains one record for each patient encounter in your system. By default, this table does not contain Registration or PCP/Clinic Change contacts (encounter types 1 and 31). It does contain all appointments, office visits, telephone encounters, and other types of encounters. The primary key for the patient encounter table is PAT_ENC_CSN_ID. Note that there is an index named EIX_FILT_PAT_ENC_RFL on the REFERRAL_ID column in Oracle that does not appear in the index list. The index is created by EFN_FAUX_RFL_FILT_INX.",LOS_MODIFIER3_ID_MODIFIER_NAME,VARCHAR,False,False,The name of the modifier record.,Encounter / visit record,False,False
PAT_ENC,"The patient encounter table contains one record for each patient encounter in your system. By default, this table does not contain Registration or PCP/Clinic Change contacts (encounter types 1 and 31). It does contain all appointments, office visits, telephone encounters, and other types of encounters. The primary key for the patient encounter table is PAT_ENC_CSN_ID. Note that there is an index named EIX_FILT_PAT_ENC_RFL on the REFERRAL_ID column in Oracle that does not appear in the index list. The index is created by EFN_FAUX_RFL_FILT_INX.",LOS_MODIFIER4_ID,VARCHAR,False,False,The fourth Level of Service modifier applied to the encounter. This item will appear empty if no modifier is present.,Encounter / visit record,False,False
PAT_ENC,"The patient encounter table contains one record for each patient encounter in your system. By default, this table does not contain Registration or PCP/Clinic Change contacts (encounter types 1 and 31). It does contain all appointments, office visits, telephone encounters, and other types of encounters. The primary key for the patient encounter table is PAT_ENC_CSN_ID. Note that there is an index named EIX_FILT_PAT_ENC_RFL on the REFERRAL_ID column in Oracle that does not appear in the index list. The index is created by EFN_FAUX_RFL_FILT_INX.",LOS_MODIFIER4_ID_MODIFIER_NAME,VARCHAR,False,False,The name of the modifier record.,Encounter / visit record,False,False
PAT_ENC,"The patient encounter table contains one record for each patient encounter in your system. By default, this table does not contain Registration or PCP/Clinic Change contacts (encounter types 1 and 31). It does contain all appointments, office visits, telephone encounters, and other types of encounters. The primary key for the patient encounter table is PAT_ENC_CSN_ID. Note that there is an index named EIX_FILT_PAT_ENC_RFL on the REFERRAL_ID column in Oracle that does not appear in the index list. The index is created by EFN_FAUX_RFL_FILT_INX.",APPT_STATUS_C_NAME,VARCHAR,True,False,"The category value associated with the appointment status of the encounter as of the most recent enterprise reporting extract, such as 1 – Scheduled, 2 – Completed, 3 – Canceled, etc.",Encounter / visit record,False,False
PAT_ENC,"The patient encounter table contains one record for each patient encounter in your system. By default, this table does not contain Registration or PCP/Clinic Change contacts (encounter types 1 and 31). It does contain all appointments, office visits, telephone encounters, and other types of encounters. The primary key for the patient encounter table is PAT_ENC_CSN_ID. Note that there is an index named EIX_FILT_PAT_ENC_RFL on the REFERRAL_ID column in Oracle that does not appear in the index list. The index is created by EFN_FAUX_RFL_FILT_INX.",APPT_CANC_USER_ID,VARCHAR,False,False,The unique ID of the user who canceled the appointment.,Encounter / visit record,False,False
PAT_ENC,"The patient encounter table contains one record for each patient encounter in your system. By default, this table does not contain Registration or PCP/Clinic Change contacts (encounter types 1 and 31). It does contain all appointments, office visits, telephone encounters, and other types of encounters. The primary key for the patient encounter table is PAT_ENC_CSN_ID. Note that there is an index named EIX_FILT_PAT_ENC_RFL on the REFERRAL_ID column in Oracle that does not appear in the index list. The index is created by EFN_FAUX_RFL_FILT_INX.",APPT_CANC_USER_ID_NAME,VARCHAR,False,False,The name of the user record. This name may be hidden.,Encounter / visit record,False,False
PAT_ENC,"The patient encounter table contains one record for each patient encounter in your system. By default, this table does not contain Registration or PCP/Clinic Change contacts (encounter types 1 and 31). It does contain all appointments, office visits, telephone encounters, and other types of encounters. The primary key for the patient encounter table is PAT_ENC_CSN_ID. Note that there is an index named EIX_FILT_PAT_ENC_RFL on the REFERRAL_ID column in Oracle that does not appear in the index list. The index is created by EFN_FAUX_RFL_FILT_INX.",CHECKIN_USER_ID,VARCHAR,False,False,The unique ID of the system user who checked in the patient for this encounter. If the encounter has not been through the Check In process this field will be NULL. This ID may be encrypted.,Encounter / visit record,False,False
PAT_ENC,"The patient encounter table contains one record for each patient encounter in your system. By default, this table does not contain Registration or PCP/Clinic Change contacts (encounter types 1 and 31). It does contain all appointments, office visits, telephone encounters, and other types of encounters. The primary key for the patient encounter table is PAT_ENC_CSN_ID. Note that there is an index named EIX_FILT_PAT_ENC_RFL on the REFERRAL_ID column in Oracle that does not appear in the index list. The index is created by EFN_FAUX_RFL_FILT_INX.",CHECKIN_USER_ID_NAME,VARCHAR,False,False,The name of the user record. This name may be hidden.,Encounter / visit record,False,False
PAT_ENC,"The patient encounter table contains one record for each patient encounter in your system. By default, this table does not contain Registration or PCP/Clinic Change contacts (encounter types 1 and 31). It does contain all appointments, office visits, telephone encounters, and other types of encounters. The primary key for the patient encounter table is PAT_ENC_CSN_ID. Note that there is an index named EIX_FILT_PAT_ENC_RFL on the REFERRAL_ID column in Oracle that does not appear in the index list. The index is created by EFN_FAUX_RFL_FILT_INX.",HOSP_ADMSN_TIME,DATETIME (Local),False,False,"The date and time that the patient was first admitted to the facility, bedded in the ED, or confirmed for an HOV for this contact, regardless of patient's base patient class.",Encounter / visit record,False,False
PAT_ENC,"The patient encounter table contains one record for each patient encounter in your system. By default, this table does not contain Registration or PCP/Clinic Change contacts (encounter types 1 and 31). It does contain all appointments, office visits, telephone encounters, and other types of encounters. The primary key for the patient encounter table is PAT_ENC_CSN_ID. Note that there is an index named EIX_FILT_PAT_ENC_RFL on the REFERRAL_ID column in Oracle that does not appear in the index list. The index is created by EFN_FAUX_RFL_FILT_INX.",HOSP_DISCHRG_TIME,DATETIME (Local),False,False,The hospital discharge date and time for this patient contact.,Encounter / visit record,False,False
PAT_ENC,"The patient encounter table contains one record for each patient encounter in your system. By default, this table does not contain Registration or PCP/Clinic Change contacts (encounter types 1 and 31). It does contain all appointments, office visits, telephone encounters, and other types of encounters. The primary key for the patient encounter table is PAT_ENC_CSN_ID. Note that there is an index named EIX_FILT_PAT_ENC_RFL on the REFERRAL_ID column in Oracle that does not appear in the index list. The index is created by EFN_FAUX_RFL_FILT_INX.",HOSP_ADMSN_TYPE_C_NAME,VARCHAR,True,False,The category value for the type of admission for this encounter.,Encounter / visit record,False,False
PAT_ENC,"The patient encounter table contains one record for each patient encounter in your system. By default, this table does not contain Registration or PCP/Clinic Change contacts (encounter types 1 and 31). It does contain all appointments, office visits, telephone encounters, and other types of encounters. The primary key for the patient encounter table is PAT_ENC_CSN_ID. Note that there is an index named EIX_FILT_PAT_ENC_RFL on the REFERRAL_ID column in Oracle that does not appear in the index list. The index is created by EFN_FAUX_RFL_FILT_INX.",NONCVRED_SERVICE_YN,VARCHAR,False,False,"A flag used to indicate whether the appointment is scheduled in a service not covered by the patient's coverage benefits. The flag is set to ""Y"" when the service is not covered and an ""N"" when it is covered.",Encounter / visit record,False,False
PAT_ENC,"The patient encounter table contains one record for each patient encounter in your system. By default, this table does not contain Registration or PCP/Clinic Change contacts (encounter types 1 and 31). It does contain all appointments, office visits, telephone encounters, and other types of encounters. The primary key for the patient encounter table is PAT_ENC_CSN_ID. Note that there is an index named EIX_FILT_PAT_ENC_RFL on the REFERRAL_ID column in Oracle that does not appear in the index list. The index is created by EFN_FAUX_RFL_FILT_INX.",REFERRAL_REQ_YN,VARCHAR,False,False,"A flag used to indicate whether an appointment requires a referral as determined by the visit coverage. This flag is set to “Y” when the appointment requires a referral. If the appointment does not require a referral, it is set to “N.""",Encounter / visit record,False,False
PAT_ENC,"The patient encounter table contains one record for each patient encounter in your system. By default, this table does not contain Registration or PCP/Clinic Change contacts (encounter types 1 and 31). It does contain all appointments, office visits, telephone encounters, and other types of encounters. The primary key for the patient encounter table is PAT_ENC_CSN_ID. Note that there is an index named EIX_FILT_PAT_ENC_RFL on the REFERRAL_ID column in Oracle that does not appear in the index list. The index is created by EFN_FAUX_RFL_FILT_INX.",REFERRAL_ID,NUMERIC,False,False,The unique ID of the referral record linked to this appointment.,Encounter / visit record,False,False
PAT_ENC,"The patient encounter table contains one record for each patient encounter in your system. By default, this table does not contain Registration or PCP/Clinic Change contacts (encounter types 1 and 31). It does contain all appointments, office visits, telephone encounters, and other types of encounters. The primary key for the patient encounter table is PAT_ENC_CSN_ID. Note that there is an index named EIX_FILT_PAT_ENC_RFL on the REFERRAL_ID column in Oracle that does not appear in the index list. The index is created by EFN_FAUX_RFL_FILT_INX.",ACCOUNT_ID,NUMERIC,False,False,The ID number of the guarantor account assigned to the visit at the time it is scheduled or when it is checked in. This ID may be encrypted.,Encounter / visit record,False,False
PAT_ENC,"The patient encounter table contains one record for each patient encounter in your system. By default, this table does not contain Registration or PCP/Clinic Change contacts (encounter types 1 and 31). It does contain all appointments, office visits, telephone encounters, and other types of encounters. The primary key for the patient encounter table is PAT_ENC_CSN_ID. Note that there is an index named EIX_FILT_PAT_ENC_RFL on the REFERRAL_ID column in Oracle that does not appear in the index list. The index is created by EFN_FAUX_RFL_FILT_INX.",COVERAGE_ID,NUMERIC,False,False,The ID number of the coverage record assigned to the visit at the time it is scheduled or when it is checked in. This ID may be encrypted.,Encounter / visit record,False,False
PAT_ENC,"The patient encounter table contains one record for each patient encounter in your system. By default, this table does not contain Registration or PCP/Clinic Change contacts (encounter types 1 and 31). It does contain all appointments, office visits, telephone encounters, and other types of encounters. The primary key for the patient encounter table is PAT_ENC_CSN_ID. Note that there is an index named EIX_FILT_PAT_ENC_RFL on the REFERRAL_ID column in Oracle that does not appear in the index list. The index is created by EFN_FAUX_RFL_FILT_INX.",CLAIM_ID,NUMERIC,False,False,The unique ID of the billing system Claim record (CLM record) linked to charges associated with this visit.,Encounter / visit record,False,False
PAT_ENC,"The patient encounter table contains one record for each patient encounter in your system. By default, this table does not contain Registration or PCP/Clinic Change contacts (encounter types 1 and 31). It does contain all appointments, office visits, telephone encounters, and other types of encounters. The primary key for the patient encounter table is PAT_ENC_CSN_ID. Note that there is an index named EIX_FILT_PAT_ENC_RFL on the REFERRAL_ID column in Oracle that does not appear in the index list. The index is created by EFN_FAUX_RFL_FILT_INX.",PRIMARY_LOC_ID_LOC_NAME,VARCHAR,False,False,The name of the revenue location.,Encounter / visit record,False,False
PAT_ENC,"The patient encounter table contains one record for each patient encounter in your system. By default, this table does not contain Registration or PCP/Clinic Change contacts (encounter types 1 and 31). It does contain all appointments, office visits, telephone encounters, and other types of encounters. The primary key for the patient encounter table is PAT_ENC_CSN_ID. Note that there is an index named EIX_FILT_PAT_ENC_RFL on the REFERRAL_ID column in Oracle that does not appear in the index list. The index is created by EFN_FAUX_RFL_FILT_INX.",CHARGE_SLIP_NUMBER,VARCHAR,False,False,The encounter form number or charge slip number assigned to this encounter. Note: The charge slip number is also stored in the financial table CLARITY_TDL. You can use this field to link to CLARITY_TDL to identify financial transactions associated with the encounter.,Encounter / visit record,False,False
PAT_ENC,"The patient encounter table contains one record for each patient encounter in your system. By default, this table does not contain Registration or PCP/Clinic Change contacts (encounter types 1 and 31). It does contain all appointments, office visits, telephone encounters, and other types of encounters. The primary key for the patient encounter table is PAT_ENC_CSN_ID. Note that there is an index named EIX_FILT_PAT_ENC_RFL on the REFERRAL_ID column in Oracle that does not appear in the index list. The index is created by EFN_FAUX_RFL_FILT_INX.",COPAY_DUE,NUMERIC,False,False,The dollar amount shown in the Copay Due field of the scheduling system's Check In Patient activity. This amount may be calculated by the system using the patient's coverage benefit information or be manually entered by a user. This field may also be empty if no copay amount was entered when the patient's appointment was checked in.,Encounter / visit record,False,False
PAT_ENC,"The patient encounter table contains one record for each patient encounter in your system. By default, this table does not contain Registration or PCP/Clinic Change contacts (encounter types 1 and 31). It does contain all appointments, office visits, telephone encounters, and other types of encounters. The primary key for the patient encounter table is PAT_ENC_CSN_ID. Note that there is an index named EIX_FILT_PAT_ENC_RFL on the REFERRAL_ID column in Oracle that does not appear in the index list. The index is created by EFN_FAUX_RFL_FILT_INX.",UPDATE_DATE,DATETIME (Local),False,False,The time this patient encounter was pulled into enterprise reporting.,Encounter / visit record,False,False
PAT_ENC,"The patient encounter table contains one record for each patient encounter in your system. By default, this table does not contain Registration or PCP/Clinic Change contacts (encounter types 1 and 31). It does contain all appointments, office visits, telephone encounters, and other types of encounters. The primary key for the patient encounter table is PAT_ENC_CSN_ID. Note that there is an index named EIX_FILT_PAT_ENC_RFL on the REFERRAL_ID column in Oracle that does not appear in the index list. The index is created by EFN_FAUX_RFL_FILT_INX.",HSP_ACCOUNT_ID,NUMERIC,False,False,The ID number of the hospital billing account assigned to the encounter.,Encounter / visit record,False,False
PAT_ENC,"The patient encounter table contains one record for each patient encounter in your system. By default, this table does not contain Registration or PCP/Clinic Change contacts (encounter types 1 and 31). It does contain all appointments, office visits, telephone encounters, and other types of encounters. The primary key for the patient encounter table is PAT_ENC_CSN_ID. Note that there is an index named EIX_FILT_PAT_ENC_RFL on the REFERRAL_ID column in Oracle that does not appear in the index list. The index is created by EFN_FAUX_RFL_FILT_INX.",ADM_FOR_SURG_YN,VARCHAR,False,False,Indicates whether the patient is being admitted for surgery.,Encounter / visit record,False,False
PAT_ENC,"The patient encounter table contains one record for each patient encounter in your system. By default, this table does not contain Registration or PCP/Clinic Change contacts (encounter types 1 and 31). It does contain all appointments, office visits, telephone encounters, and other types of encounters. The primary key for the patient encounter table is PAT_ENC_CSN_ID. Note that there is an index named EIX_FILT_PAT_ENC_RFL on the REFERRAL_ID column in Oracle that does not appear in the index list. The index is created by EFN_FAUX_RFL_FILT_INX.",SURGICAL_SVC_C_NAME,VARCHAR,True,False,The category value corresponding to the surgical service for this patient contact.,Encounter / visit record,False,False
PAT_ENC,"The patient encounter table contains one record for each patient encounter in your system. By default, this table does not contain Registration or PCP/Clinic Change contacts (encounter types 1 and 31). It does contain all appointments, office visits, telephone encounters, and other types of encounters. The primary key for the patient encounter table is PAT_ENC_CSN_ID. Note that there is an index named EIX_FILT_PAT_ENC_RFL on the REFERRAL_ID column in Oracle that does not appear in the index list. The index is created by EFN_FAUX_RFL_FILT_INX.",INPATIENT_DATA_ID,VARCHAR,False,False,The ID number of the record used to determine how inpatient data is stored for the encounter.,Encounter / visit record,False,False
PAT_ENC,"The patient encounter table contains one record for each patient encounter in your system. By default, this table does not contain Registration or PCP/Clinic Change contacts (encounter types 1 and 31). It does contain all appointments, office visits, telephone encounters, and other types of encounters. The primary key for the patient encounter table is PAT_ENC_CSN_ID. Note that there is an index named EIX_FILT_PAT_ENC_RFL on the REFERRAL_ID column in Oracle that does not appear in the index list. The index is created by EFN_FAUX_RFL_FILT_INX.",IP_EPISODE_ID,NUMERIC,False,False,The ID number of the inpatient episode of care. This includes discharges from the ED.,Encounter / visit record,False,False
PAT_ENC,"The patient encounter table contains one record for each patient encounter in your system. By default, this table does not contain Registration or PCP/Clinic Change contacts (encounter types 1 and 31). It does contain all appointments, office visits, telephone encounters, and other types of encounters. The primary key for the patient encounter table is PAT_ENC_CSN_ID. Note that there is an index named EIX_FILT_PAT_ENC_RFL on the REFERRAL_ID column in Oracle that does not appear in the index list. The index is created by EFN_FAUX_RFL_FILT_INX.",EXTERNAL_VISIT_ID,VARCHAR,False,False,The ID for the contact as assigned by a non-system. Usually populated by an interface.,Encounter / visit record,False,False
PAT_ENC,"The patient encounter table contains one record for each patient encounter in your system. By default, this table does not contain Registration or PCP/Clinic Change contacts (encounter types 1 and 31). It does contain all appointments, office visits, telephone encounters, and other types of encounters. The primary key for the patient encounter table is PAT_ENC_CSN_ID. Note that there is an index named EIX_FILT_PAT_ENC_RFL on the REFERRAL_ID column in Oracle that does not appear in the index list. The index is created by EFN_FAUX_RFL_FILT_INX.",CONTACT_COMMENT,VARCHAR,False,False,Comments entered by the provider for the contact.,Encounter / visit record,False,False
PAT_ENC,"The patient encounter table contains one record for each patient encounter in your system. By default, this table does not contain Registration or PCP/Clinic Change contacts (encounter types 1 and 31). It does contain all appointments, office visits, telephone encounters, and other types of encounters. The primary key for the patient encounter table is PAT_ENC_CSN_ID. Note that there is an index named EIX_FILT_PAT_ENC_RFL on the REFERRAL_ID column in Oracle that does not appear in the index list. The index is created by EFN_FAUX_RFL_FILT_INX.",OUTGOING_CALL_YN,VARCHAR,False,False,"Indicates whether a call associated with a telephone encounter was initiated by the patient or by the clinic / hospital. A ""Y"" indicates an outgoing call placed by the clinic / hospital while an ""N"" indicates and incoming call from the patient.",Encounter / visit record,False,False
PAT_ENC,"The patient encounter table contains one record for each patient encounter in your system. By default, this table does not contain Registration or PCP/Clinic Change contacts (encounter types 1 and 31). It does contain all appointments, office visits, telephone encounters, and other types of encounters. The primary key for the patient encounter table is PAT_ENC_CSN_ID. Note that there is an index named EIX_FILT_PAT_ENC_RFL on the REFERRAL_ID column in Oracle that does not appear in the index list. The index is created by EFN_FAUX_RFL_FILT_INX.",DATA_ENTRY_PERSON,VARCHAR,False,False,This is the name of the user who created the encounter.,Encounter / visit record,False,False
PAT_ENC,"The patient encounter table contains one record for each patient encounter in your system. By default, this table does not contain Registration or PCP/Clinic Change contacts (encounter types 1 and 31). It does contain all appointments, office visits, telephone encounters, and other types of encounters. The primary key for the patient encounter table is PAT_ENC_CSN_ID. Note that there is an index named EIX_FILT_PAT_ENC_RFL on the REFERRAL_ID column in Oracle that does not appear in the index list. The index is created by EFN_FAUX_RFL_FILT_INX.",REFERRAL_SOURCE_ID,VARCHAR,False,False,The referral ID number of the referring physician. This physician may be from an external organization.,Encounter / visit record,False,False
PAT_ENC,"The patient encounter table contains one record for each patient encounter in your system. By default, this table does not contain Registration or PCP/Clinic Change contacts (encounter types 1 and 31). It does contain all appointments, office visits, telephone encounters, and other types of encounters. The primary key for the patient encounter table is PAT_ENC_CSN_ID. Note that there is an index named EIX_FILT_PAT_ENC_RFL on the REFERRAL_ID column in Oracle that does not appear in the index list. The index is created by EFN_FAUX_RFL_FILT_INX.",REFERRAL_SOURCE_ID_REFERRING_PROV_NAM,VARCHAR,False,False,The name of the referral source.,Encounter / visit record,False,False
PAT_ENC,"The patient encounter table contains one record for each patient encounter in your system. By default, this table does not contain Registration or PCP/Clinic Change contacts (encounter types 1 and 31). It does contain all appointments, office visits, telephone encounters, and other types of encounters. The primary key for the patient encounter table is PAT_ENC_CSN_ID. Note that there is an index named EIX_FILT_PAT_ENC_RFL on the REFERRAL_ID column in Oracle that does not appear in the index list. The index is created by EFN_FAUX_RFL_FILT_INX.",WC_TPL_VISIT_C_NAME,VARCHAR,True,False,A field used to indicate whether the patient's contact is related to workers compensation or third party liability situation.,Encounter / visit record,False,False
PAT_ENC,"The patient encounter table contains one record for each patient encounter in your system. By default, this table does not contain Registration or PCP/Clinic Change contacts (encounter types 1 and 31). It does contain all appointments, office visits, telephone encounters, and other types of encounters. The primary key for the patient encounter table is PAT_ENC_CSN_ID. Note that there is an index named EIX_FILT_PAT_ENC_RFL on the REFERRAL_ID column in Oracle that does not appear in the index list. The index is created by EFN_FAUX_RFL_FILT_INX.",CONSENT_TYPE_C_NAME,VARCHAR,True,False,This item describes the type of consent that was filed for a given encounter. It is a single-response customer-defined category.,Encounter / visit record,False,False
PAT_ENC,"The patient encounter table contains one record for each patient encounter in your system. By default, this table does not contain Registration or PCP/Clinic Change contacts (encounter types 1 and 31). It does contain all appointments, office visits, telephone encounters, and other types of encounters. The primary key for the patient encounter table is PAT_ENC_CSN_ID. Note that there is an index named EIX_FILT_PAT_ENC_RFL on the REFERRAL_ID column in Oracle that does not appear in the index list. The index is created by EFN_FAUX_RFL_FILT_INX.",BMI,NUMERIC,False,False,"This is the patient's Body Mass Index, which is calculated based on the recorded height and weight.",Encounter / visit record,False,False
PAT_ENC,"The patient encounter table contains one record for each patient encounter in your system. By default, this table does not contain Registration or PCP/Clinic Change contacts (encounter types 1 and 31). It does contain all appointments, office visits, telephone encounters, and other types of encounters. The primary key for the patient encounter table is PAT_ENC_CSN_ID. Note that there is an index named EIX_FILT_PAT_ENC_RFL on the REFERRAL_ID column in Oracle that does not appear in the index list. The index is created by EFN_FAUX_RFL_FILT_INX.",BSA,NUMERIC,False,False,"This is the patient's Body Surface Area, which is calculated based on the recorded height and weight.",Encounter / visit record,False,False
PAT_ENC,"The patient encounter table contains one record for each patient encounter in your system. By default, this table does not contain Registration or PCP/Clinic Change contacts (encounter types 1 and 31). It does contain all appointments, office visits, telephone encounters, and other types of encounters. The primary key for the patient encounter table is PAT_ENC_CSN_ID. Note that there is an index named EIX_FILT_PAT_ENC_RFL on the REFERRAL_ID column in Oracle that does not appear in the index list. The index is created by EFN_FAUX_RFL_FILT_INX.",AVS_PRINT_TM,DATETIME (Local),False,False,The instant that the After Visit Summary (AVS) was printed for this encounter.,Encounter / visit record,False,False
PAT_ENC,"The patient encounter table contains one record for each patient encounter in your system. By default, this table does not contain Registration or PCP/Clinic Change contacts (encounter types 1 and 31). It does contain all appointments, office visits, telephone encounters, and other types of encounters. The primary key for the patient encounter table is PAT_ENC_CSN_ID. Note that there is an index named EIX_FILT_PAT_ENC_RFL on the REFERRAL_ID column in Oracle that does not appear in the index list. The index is created by EFN_FAUX_RFL_FILT_INX.",AVS_FIRST_USER_ID,VARCHAR,False,False,Unique ID of the user who first prints out the After Visit Summary (AVS) for the encounter.,Encounter / visit record,False,False
PAT_ENC,"The patient encounter table contains one record for each patient encounter in your system. By default, this table does not contain Registration or PCP/Clinic Change contacts (encounter types 1 and 31). It does contain all appointments, office visits, telephone encounters, and other types of encounters. The primary key for the patient encounter table is PAT_ENC_CSN_ID. Note that there is an index named EIX_FILT_PAT_ENC_RFL on the REFERRAL_ID column in Oracle that does not appear in the index list. The index is created by EFN_FAUX_RFL_FILT_INX.",AVS_FIRST_USER_ID_NAME,VARCHAR,False,False,The name of the user record. This name may be hidden.,Encounter / visit record,False,False
PAT_ENC,"The patient encounter table contains one record for each patient encounter in your system. By default, this table does not contain Registration or PCP/Clinic Change contacts (encounter types 1 and 31). It does contain all appointments, office visits, telephone encounters, and other types of encounters. The primary key for the patient encounter table is PAT_ENC_CSN_ID. Note that there is an index named EIX_FILT_PAT_ENC_RFL on the REFERRAL_ID column in Oracle that does not appear in the index list. The index is created by EFN_FAUX_RFL_FILT_INX.",ENC_MED_FRZ_RSN_C_NAME,VARCHAR,False,False,The encounter medication freeze reason's category value.,Encounter / visit record,False,False
PAT_ENC,"The patient encounter table contains one record for each patient encounter in your system. By default, this table does not contain Registration or PCP/Clinic Change contacts (encounter types 1 and 31). It does contain all appointments, office visits, telephone encounters, and other types of encounters. The primary key for the patient encounter table is PAT_ENC_CSN_ID. Note that there is an index named EIX_FILT_PAT_ENC_RFL on the REFERRAL_ID column in Oracle that does not appear in the index list. The index is created by EFN_FAUX_RFL_FILT_INX.",EFFECTIVE_DATE_DT,DATETIME,False,False,"The date of the encounter. The returned date is handled differently depending on the contact type of the encounter: If it is a surgery encounter, the date of the surgery will be returned. If it is a Hospital encounter, Admission/Discharge/Transfer (ADT) info will be used to return an appropriate date. If ADT info cannot be found, then the Hospital Admission date (I EPT 18850) will be returned. If the Hospital Admission Date cannot be found, the temporary admission date (I EPT 18846) will be returned..",Encounter / visit record,True,False
PAT_ENC,"The patient encounter table contains one record for each patient encounter in your system. By default, this table does not contain Registration or PCP/Clinic Change contacts (encounter types 1 and 31). It does contain all appointments, office visits, telephone encounters, and other types of encounters. The primary key for the patient encounter table is PAT_ENC_CSN_ID. Note that there is an index named EIX_FILT_PAT_ENC_RFL on the REFERRAL_ID column in Oracle that does not appear in the index list. The index is created by EFN_FAUX_RFL_FILT_INX.",DISCHARGE_DATE_DT,DATETIME,False,False,The discharge date for the encounter.,Encounter / visit record,True,False
PAT_ENC,"The patient encounter table contains one record for each patient encounter in your system. By default, this table does not contain Registration or PCP/Clinic Change contacts (encounter types 1 and 31). It does contain all appointments, office visits, telephone encounters, and other types of encounters. The primary key for the patient encounter table is PAT_ENC_CSN_ID. Note that there is an index named EIX_FILT_PAT_ENC_RFL on the REFERRAL_ID column in Oracle that does not appear in the index list. The index is created by EFN_FAUX_RFL_FILT_INX.",COPAY_PD_THRU_NAME,VARCHAR,True,False,"The method by which the copay for an appointment was paid (e.g., via MyChart, a kiosk).",Encounter / visit record,False,False
PAT_ENC,"The patient encounter table contains one record for each patient encounter in your system. By default, this table does not contain Registration or PCP/Clinic Change contacts (encounter types 1 and 31). It does contain all appointments, office visits, telephone encounters, and other types of encounters. The primary key for the patient encounter table is PAT_ENC_CSN_ID. Note that there is an index named EIX_FILT_PAT_ENC_RFL on the REFERRAL_ID column in Oracle that does not appear in the index list. The index is created by EFN_FAUX_RFL_FILT_INX.",INTERPRETER_NEED_YN,VARCHAR,False,False,A flag used to indicate whether a patient requires an interpreter for an encounter.,Encounter / visit record,False,False
PAT_ENC,"The patient encounter table contains one record for each patient encounter in your system. By default, this table does not contain Registration or PCP/Clinic Change contacts (encounter types 1 and 31). It does contain all appointments, office visits, telephone encounters, and other types of encounters. The primary key for the patient encounter table is PAT_ENC_CSN_ID. Note that there is an index named EIX_FILT_PAT_ENC_RFL on the REFERRAL_ID column in Oracle that does not appear in the index list. The index is created by EFN_FAUX_RFL_FILT_INX.",VST_SPECIAL_NEEDS_C_NAME,VARCHAR,True,False,This field captures any special needs for a visit.,Encounter / visit record,False,False
PAT_ENC,"The patient encounter table contains one record for each patient encounter in your system. By default, this table does not contain Registration or PCP/Clinic Change contacts (encounter types 1 and 31). It does contain all appointments, office visits, telephone encounters, and other types of encounters. The primary key for the patient encounter table is PAT_ENC_CSN_ID. Note that there is an index named EIX_FILT_PAT_ENC_RFL on the REFERRAL_ID column in Oracle that does not appear in the index list. The index is created by EFN_FAUX_RFL_FILT_INX.",BEN_ENG_SP_AMT,NUMERIC,False,False,Stores the adjudicated self-pay amount (the amount required to be paid by the patient) when determining the copay amount for the visit.,Encounter / visit record,False,False
PAT_ENC,"The patient encounter table contains one record for each patient encounter in your system. By default, this table does not contain Registration or PCP/Clinic Change contacts (encounter types 1 and 31). It does contain all appointments, office visits, telephone encounters, and other types of encounters. The primary key for the patient encounter table is PAT_ENC_CSN_ID. Note that there is an index named EIX_FILT_PAT_ENC_RFL on the REFERRAL_ID column in Oracle that does not appear in the index list. The index is created by EFN_FAUX_RFL_FILT_INX.",BEN_ADJ_COPAY_AMT,NUMERIC,False,False,Stores the adjudicated copy amount for the visit according to the patient's coverage benefits.,Encounter / visit record,False,False
PAT_ENC,"The patient encounter table contains one record for each patient encounter in your system. By default, this table does not contain Registration or PCP/Clinic Change contacts (encounter types 1 and 31). It does contain all appointments, office visits, telephone encounters, and other types of encounters. The primary key for the patient encounter table is PAT_ENC_CSN_ID. Note that there is an index named EIX_FILT_PAT_ENC_RFL on the REFERRAL_ID column in Oracle that does not appear in the index list. The index is created by EFN_FAUX_RFL_FILT_INX.",BEN_ADJ_METHOD_C_NAME,VARCHAR,False,False,Flag to indicate if and how the adjudicated copay was overridden,Encounter / visit record,False,False
PAT_ENC,"The patient encounter table contains one record for each patient encounter in your system. By default, this table does not contain Registration or PCP/Clinic Change contacts (encounter types 1 and 31). It does contain all appointments, office visits, telephone encounters, and other types of encounters. The primary key for the patient encounter table is PAT_ENC_CSN_ID. Note that there is an index named EIX_FILT_PAT_ENC_RFL on the REFERRAL_ID column in Oracle that does not appear in the index list. The index is created by EFN_FAUX_RFL_FILT_INX.",ENC_CREATE_USER_ID,VARCHAR,False,False,The ID number of the user who create the patient or encounter record.,Encounter / visit record,False,False
PAT_ENC,"The patient encounter table contains one record for each patient encounter in your system. By default, this table does not contain Registration or PCP/Clinic Change contacts (encounter types 1 and 31). It does contain all appointments, office visits, telephone encounters, and other types of encounters. The primary key for the patient encounter table is PAT_ENC_CSN_ID. Note that there is an index named EIX_FILT_PAT_ENC_RFL on the REFERRAL_ID column in Oracle that does not appear in the index list. The index is created by EFN_FAUX_RFL_FILT_INX.",ENC_CREATE_USER_ID_NAME,VARCHAR,False,False,The name of the user record. This name may be hidden.,Encounter / visit record,False,False
PAT_ENC,"The patient encounter table contains one record for each patient encounter in your system. By default, this table does not contain Registration or PCP/Clinic Change contacts (encounter types 1 and 31). It does contain all appointments, office visits, telephone encounters, and other types of encounters. The primary key for the patient encounter table is PAT_ENC_CSN_ID. Note that there is an index named EIX_FILT_PAT_ENC_RFL on the REFERRAL_ID column in Oracle that does not appear in the index list. The index is created by EFN_FAUX_RFL_FILT_INX.",ENC_INSTANT,DATETIME (Local),False,False,The instant an encounter was created,Encounter / visit record,False,False
PAT_ENC,"The patient encounter table contains one record for each patient encounter in your system. By default, this table does not contain Registration or PCP/Clinic Change contacts (encounter types 1 and 31). It does contain all appointments, office visits, telephone encounters, and other types of encounters. The primary key for the patient encounter table is PAT_ENC_CSN_ID. Note that there is an index named EIX_FILT_PAT_ENC_RFL on the REFERRAL_ID column in Oracle that does not appear in the index list. The index is created by EFN_FAUX_RFL_FILT_INX.",EFFECTIVE_DATE_DTTM,DATETIME (Local),False,False,"The start date and time of an encounter. The start date is pulled from the date stored in the EFFECTIVE_DATE_DT column. The time references the first populated time in the following fields: hospital admission time (EPT 18851), hospital temporary admission time (EPT 18847), ADT arrival time (EPT 10815), and expected admission time (EPT 10300). The SlicerDicer reporting application uses this column to determine the EffectiveStartDate of encounters.",Encounter / visit record,False,False
PAT_ENC,"The patient encounter table contains one record for each patient encounter in your system. By default, this table does not contain Registration or PCP/Clinic Change contacts (encounter types 1 and 31). It does contain all appointments, office visits, telephone encounters, and other types of encounters. The primary key for the patient encounter table is PAT_ENC_CSN_ID. Note that there is an index named EIX_FILT_PAT_ENC_RFL on the REFERRAL_ID column in Oracle that does not appear in the index list. The index is created by EFN_FAUX_RFL_FILT_INX.",CALCULATED_ENC_STAT_C_NAME,VARCHAR,False,False,"A status flag used to determine whether to include data from the encounter in the SlicerDicer reporting application. Statuses includes 1-Possible (e.g., the encounter is a scheduled outpatient appointment or the admission is pending) or 2-Complete (e.g., the appointment is complete, the admission is discharged).",Encounter / visit record,False,False
PAT_ENC_2,This table supplements the PAT_ENC table. It contains additional information related to patient encounters or appointments.,PAT_ENC_CSN_ID,NUMERIC,False,False,The unique system identifier of the patient encounter. Contact serial number is unique across all patients and all contacts.,Encounter / visit record,False,True
PAT_ENC_2,This table supplements the PAT_ENC table. It contains additional information related to patient encounters or appointments.,CONTACT_DATE,DATETIME,False,False,The date on which this patient encounter took place.,Encounter / visit record,True,False
PAT_ENC_2,This table supplements the PAT_ENC table. It contains additional information related to patient encounters or appointments.,COPAY_COINS_FLAG,VARCHAR,False,False,Set to 1 if copay is coinsurance.,Encounter / visit record,False,False
PAT_ENC_2,This table supplements the PAT_ENC table. It contains additional information related to patient encounters or appointments.,CAN_LET_C_NAME,NUMERIC,True,False,"This column links to the type of canceled appointment letter sent for this patient encounter. Some examples are ""No Letter"", ""No Show"",""Cancelation Letter"", etc. This category column is linked to ZC_LET.LET_C.",Encounter / visit record,False,False
PAT_ENC_2,This table supplements the PAT_ENC table. It contains additional information related to patient encounters or appointments.,SUP_PROV_ID_PROV_NAME,VARCHAR,False,False,The name of the service provider. This item may be hidden in a public view of the CLARITY_SER table.,Encounter / visit record,False,False
PAT_ENC_2,This table supplements the PAT_ENC table. It contains additional information related to patient encounters or appointments.,SUP_PROV_C_NAME,VARCHAR,True,False,This column links to information about the Type of Supervising provider.,Encounter / visit record,False,False
PAT_ENC_2,This table supplements the PAT_ENC table. It contains additional information related to patient encounters or appointments.,SUP_PROV_REV_TM,DATETIME (Local),False,False,This column contains the date and time when the supervising provider submitted his or her review,Encounter / visit record,False,False
PAT_ENC_2,This table supplements the PAT_ENC table. It contains additional information related to patient encounters or appointments.,MEDS_REQUEST_PHR_ID,NUMERIC,False,False,The pharmacy identifier from which the medications were requested.,Encounter / visit record,False,False
PAT_ENC_2,This table supplements the PAT_ENC table. It contains additional information related to patient encounters or appointments.,MEDS_REQUEST_PHR_ID_PHARMACY_NAME,VARCHAR,False,False,The name of the pharmacy.,Encounter / visit record,False,False
PAT_ENC_2,This table supplements the PAT_ENC table. It contains additional information related to patient encounters or appointments.,MEDS_REQUEST_OP_C_NAME,VARCHAR,False,False,This column contains information about the fill option for the medication request.,Encounter / visit record,False,False
PAT_ENC_2,This table supplements the PAT_ENC table. It contains additional information related to patient encounters or appointments.,PHYS_BP,VARCHAR,False,False,This contains the patient's blood pressure that was entered during the patient encounter.,Encounter / visit record,False,False
PAT_ENC_2,This table supplements the PAT_ENC table. It contains additional information related to patient encounters or appointments.,VITALS_TAKEN_TM,DATETIME (Local),False,False,Holds the time the vitals were taken,Encounter / visit record,False,False
PAT_ENC_2,This table supplements the PAT_ENC table. It contains additional information related to patient encounters or appointments.,PHYS_TEMP_SRC_C_NAME,VARCHAR,True,False,The source of the patient's temperature measurement.,Encounter / visit record,False,False
PAT_ENC_2,This table supplements the PAT_ENC table. It contains additional information related to patient encounters or appointments.,PAT_PAIN_SCORE_C_NAME,VARCHAR,True,False,This column indicates how much pain the patient was in via pain score.,Encounter / visit record,False,False
PAT_ENC_2,This table supplements the PAT_ENC table. It contains additional information related to patient encounters or appointments.,PAT_PAIN_LOC_C_NAME,VARCHAR,True,False,This column contains information about which body part is experiencing discomfort.,Encounter / visit record,False,False
PAT_ENC_2,This table supplements the PAT_ENC table. It contains additional information related to patient encounters or appointments.,PAT_PAIN_EDU_YN,VARCHAR,False,False,This column contains information as to whether pain education questions were asked.,Encounter / visit record,False,False
PAT_ENC_2,This table supplements the PAT_ENC table. It contains additional information related to patient encounters or appointments.,PAT_PAIN_CMT,VARCHAR,False,False,This column contains comments that were entered pertaining to the patient's pain,Encounter / visit record,False,False
PAT_ENC_2,This table supplements the PAT_ENC table. It contains additional information related to patient encounters or appointments.,PAT_PAIN_SCALE_CAT,VARCHAR,False,False,This item stores the pain scale category under which the pain score is collected.,Encounter / visit record,False,False
PAT_ENC_2,This table supplements the PAT_ENC table. It contains additional information related to patient encounters or appointments.,SMOKING_STATUS_C_NAME,VARCHAR,False,False,"This simply stores information about whether the patient smokes, is quitting, etc.",Encounter / visit record,False,False
PAT_ENC_2,This table supplements the PAT_ENC table. It contains additional information related to patient encounters or appointments.,PHYS_SPO2,INTEGER,False,False,Contains the blood oxygen saturation value for this encounter.,Encounter / visit record,False,False
PAT_ENC_2,This table supplements the PAT_ENC table. It contains additional information related to patient encounters or appointments.,SYS_GEN_LOS_ID_PROC_NAME,VARCHAR,False,False,The name of each procedure.,Encounter / visit record,False,False
PAT_ENC_2,This table supplements the PAT_ENC table. It contains additional information related to patient encounters or appointments.,DOC_HX_SOURCE_C_NAME,VARCHAR,True,False,Stores the source of entry for the history documentation. This category column is linked to ZC_HISTORY_SOURCE.HISTORY_SOURCE_C.,Encounter / visit record,False,False
PAT_ENC_2,This table supplements the PAT_ENC table. It contains additional information related to patient encounters or appointments.,APPT_LET_C_NAME,NUMERIC,False,False,"This column links to the type of appointment letter that was sent to this patient for this patient encounter. Some examples are ""No Letter"", ""Appt Letter"", etc. This category column is linked to ZC_LET.LET_C.",Encounter / visit record,False,False
PAT_ENC_2,This table supplements the PAT_ENC table. It contains additional information related to patient encounters or appointments.,PARENT_ENC_CSN_ID,NUMERIC,False,False,This item is a link to an encounter's parent encounter through the parent's contact serial number. The contact serial number is the unique identifier for the encounter.,Encounter / visit record,False,False
PAT_ENC_2,This table supplements the PAT_ENC table. It contains additional information related to patient encounters or appointments.,SYNC_IP_DATA_C_NAME,VARCHAR,False,False,"This is a contact-specific flag to tell Chart Sync whether inpatient clinical data for this visit (such as medication administration or documentation flowsheet data) should be synchronized between deployments. A value of 1 (or Yes) means that inpatient clinical data has been, and will continue to be, synchronized for this visit. Note that this item can only be set for a contact whose type is (or was at some point) an inpatient admission.",Encounter / visit record,False,False
PAT_ENC_2,This table supplements the PAT_ENC table. It contains additional information related to patient encounters or appointments.,APPTMT_LET_INST,DATETIME (Local),False,False,"If an appointment letter has been printed for this patient encounter, this column will list the date and time it was printed. If multiple letters were printed, we'll list the date and time of the most recent one.",Encounter / visit record,False,False
PAT_ENC_2,This table supplements the PAT_ENC table. It contains additional information related to patient encounters or appointments.,RESULT_LET_INST,DATETIME (Local),False,False,"If a result letter has been printed for this patient encounter, this column will list the date and time it was printed. If multiple letters were printed, we'll list the date and time of the most recent one.",Encounter / visit record,False,False
PAT_ENC_2,This table supplements the PAT_ENC table. It contains additional information related to patient encounters or appointments.,RESCHED_LET_INST,DATETIME (Local),False,False,"If a reschedule letter has been printed for this patient encounter, this column will list the date and time it was printed. If multiple letters were printed, we'll list the date and time of the most recent one.",Encounter / visit record,False,False
PAT_ENC_2,This table supplements the PAT_ENC table. It contains additional information related to patient encounters or appointments.,FOLLOW_LET_INST,DATETIME (Local),False,False,"If a follow-up letter has been printed for this patient encounter, this column will list the date and time it was printed. If multiple letters were printed, we'll list the date and time of the most recent one.",Encounter / visit record,False,False
PAT_ENC_2,This table supplements the PAT_ENC table. It contains additional information related to patient encounters or appointments.,PHYS_PEAK_FLOW,INTEGER,False,False,"This column contains a measurement of the flow of air from the lungs: Peak Flow. If this column contains data, the measurement was taken during the associated encounter.",Encounter / visit record,False,False
PAT_ENC_2,This table supplements the PAT_ENC table. It contains additional information related to patient encounters or appointments.,ENC_SPEC_C_NAME,VARCHAR,True,False,The encounter specialty item holds which of the encounter provider's specialties should be used for billing and reporting purposes for this encounter.,Encounter / visit record,False,False
PAT_ENC_2,This table supplements the PAT_ENC table. It contains additional information related to patient encounters or appointments.,LD_STATUS_YN,VARCHAR,False,False,Flag to denote if the encounter is for a mother who will deliver,Encounter / visit record,False,False
PAT_ENC_2,This table supplements the PAT_ENC table. It contains additional information related to patient encounters or appointments.,ADT_PAT_CLASS_C_NAME,VARCHAR,True,False,The category value corresponding to the Admission/Discharge/Transfer (ADT) patient classification for this patient contact.,Encounter / visit record,False,False
PAT_ENC_2,This table supplements the PAT_ENC table. It contains additional information related to patient encounters or appointments.,OTHER_BLOCK_ID,NUMERIC,False,False,"Stores ""Other"" Summary Blocks (non-IP, ED, OpTime)",Encounter / visit record,False,False
PAT_ENC_2,This table supplements the PAT_ENC table. It contains additional information related to patient encounters or appointments.,OTHER_BLOCK_TYPE_C_NAME,VARCHAR,False,False,"Indicates the specific type of the episode summary, whose ID is stored in I EPT 1970.",Encounter / visit record,False,False
PAT_ENC_2,This table supplements the PAT_ENC table. It contains additional information related to patient encounters or appointments.,BILL_NUM,VARCHAR,False,False,"Billing number, often used as an identifier in downstream systems.",Encounter / visit record,False,False
PAT_ENC_2,This table supplements the PAT_ENC table. It contains additional information related to patient encounters or appointments.,IP_DOC_CONTACT_CSN,NUMERIC,False,False,"For Hospital Outpatient Visit (HOV) encounters, this column stores the unique contact serial number for the patient contact which is used for clinical documentation. This can be set for appointment contacts if they are not converted to HOVs.",Encounter / visit record,False,False
PAT_ENC_2,This table supplements the PAT_ENC table. It contains additional information related to patient encounters or appointments.,TEMP_PT_HIS_C_NAME,VARCHAR,False,False,This item shows the temporary patient history.,Encounter / visit record,False,False
PAT_ENC_2,This table supplements the PAT_ENC table. It contains additional information related to patient encounters or appointments.,PRIMARY_PROCONT_ID_PROV_NAME,VARCHAR,False,False,The name of the service provider. This item may be hidden in a public view of the CLARITY_SER table.,Encounter / visit record,False,False
PAT_ENC_2,This table supplements the PAT_ENC table. It contains additional information related to patient encounters or appointments.,PRIMARY_TEAM_ID,NUMERIC,False,False,The unique ID of the primary Provider Care Team for this patient encounter.,Encounter / visit record,False,False
PAT_ENC_2,This table supplements the PAT_ENC table. It contains additional information related to patient encounters or appointments.,PRIMARY_TEAM_ID_RECORD_NAME,VARCHAR,False,False,The name of the record.,Encounter / visit record,False,False
PAT_ENC_2,This table supplements the PAT_ENC table. It contains additional information related to patient encounters or appointments.,MCIR_VACCINE_CODE_C_NAME,VARCHAR,True,False,The patient's eligibility code for Michigan's vaccination registry. This item only applies for the state of Michigan.,Encounter / visit record,False,False
PAT_ENC_2,This table supplements the PAT_ENC table. It contains additional information related to patient encounters or appointments.,VISIT_POS_ID_LOC_NAME,VARCHAR,False,False,The name of the revenue location.,Encounter / visit record,False,False
PAT_ENC_2,This table supplements the PAT_ENC table. It contains additional information related to patient encounters or appointments.,NO_INTERP_RSN_C_NAME,VARCHAR,True,False,"This column holds the reason an interpreter is not needed for the visit (in the case of a patient who would normally require one). It is meant to be populated when the corresponding EPT 495-INTERPRETER NEEDED? value is ""no"".",Encounter / visit record,False,False
PAT_ENC_2,This table supplements the PAT_ENC table. It contains additional information related to patient encounters or appointments.,CVG_ADD_DT,DATETIME,False,False,The add date returned in the response message by the payor for the encounter. The add date is defined as the date that the payor added the patient as being covered.,Encounter / visit record,True,False
PAT_ENC_2,This table supplements the PAT_ENC table. It contains additional information related to patient encounters or appointments.,FARM_WORKER_C_NAME,VARCHAR,True,False,The category number of the patient's farm worker status for the encounter or appointment.,Encounter / visit record,False,False
PAT_ENC_2,This table supplements the PAT_ENC table. It contains additional information related to patient encounters or appointments.,KIOSK_HH_QUEST_ID,VARCHAR,False,False,The unique ID of the health history template that is assigned to the patient encounter.,Encounter / visit record,False,False
PAT_ENC_2,This table supplements the PAT_ENC table. It contains additional information related to patient encounters or appointments.,KIOSK_HH_QUEST_ID_RECORD_NAME,VARCHAR,False,False,The name of the Visit Navigator (VN) History Template Definition (LQH) record.,Encounter / visit record,False,False
PAT_ENC_2,This table supplements the PAT_ENC table. It contains additional information related to patient encounters or appointments.,HSP_ACCT_ADV_DTTM,DATETIME (Local),False,False,"If the Hospital Account Advisor is turned on, this item records the date and time that the advisor's recommendation was accepted or rejected.",Encounter / visit record,False,False
PAT_ENC_2,This table supplements the PAT_ENC table. It contains additional information related to patient encounters or appointments.,VISIT_VERIFIED_YN,VARCHAR,False,False,Indicates whether the visit is verified.,Encounter / visit record,False,False
PAT_ENC_2,This table supplements the PAT_ENC table. It contains additional information related to patient encounters or appointments.,VERIF_VISIT_DT,DATETIME,False,False,The current date the visit contact was verified.,Encounter / visit record,True,False
PAT_ENC_2,This table supplements the PAT_ENC table. It contains additional information related to patient encounters or appointments.,VERIF_DATE_INIT_DT,DATETIME,False,False,The initial date the visit contact was verified.,Encounter / visit record,True,False
PAT_ENC_2,This table supplements the PAT_ENC table. It contains additional information related to patient encounters or appointments.,VERIF_USER_ID,VARCHAR,False,False,This collects the user ID of the user who verified the visit.,Encounter / visit record,False,False
PAT_ENC_2,This table supplements the PAT_ENC table. It contains additional information related to patient encounters or appointments.,ENC_LACT_STAT_C_NAME,VARCHAR,False,False,The lactation status category ID for the patient.,Encounter / visit record,False,False
PAT_ENC_2,This table supplements the PAT_ENC table. It contains additional information related to patient encounters or appointments.,PAT_LACT_CMNT,VARCHAR,False,False,The comments entered when the patient's lactation status has been edited.,Encounter / visit record,False,False
PAT_ENC_2,This table supplements the PAT_ENC table. It contains additional information related to patient encounters or appointments.,COSIGNER_USER_ID,VARCHAR,False,False,The unique ID of the user who cosigned the patient's chart.,Encounter / visit record,False,False
PAT_ENC_2,This table supplements the PAT_ENC table. It contains additional information related to patient encounters or appointments.,COSIGNER_USER_ID_NAME,VARCHAR,False,False,The name of the user record. This name may be hidden.,Encounter / visit record,False,False
PAT_ENC_2,This table supplements the PAT_ENC table. It contains additional information related to patient encounters or appointments.,COSIGN_REV_INS_DTTM,DATETIME (Local),False,False,The date and time the chart was cosigned.,Encounter / visit record,False,False
PAT_ENC_2,This table supplements the PAT_ENC table. It contains additional information related to patient encounters or appointments.,PAR_DICT_COUNTER,INTEGER,False,False,The counter for partial dictation.,Encounter / visit record,False,False
PAT_ENC_2,This table supplements the PAT_ENC table. It contains additional information related to patient encounters or appointments.,IS_LOS_UPDATE_C_NAME,VARCHAR,False,False,Stores the status of any Level of Service updates.,Encounter / visit record,False,False
PAT_ENC_2,This table supplements the PAT_ENC table. It contains additional information related to patient encounters or appointments.,FORM_ID_COUNTER,INTEGER,False,False,Stores the counter of form IDs.,Encounter / visit record,False,False
PAT_ENC_2,This table supplements the PAT_ENC table. It contains additional information related to patient encounters or appointments.,CONSNT_REV_USER_ID,VARCHAR,False,False,The unique ID of the user who reviewed patient consent.,Encounter / visit record,False,False
PAT_ENC_2,This table supplements the PAT_ENC table. It contains additional information related to patient encounters or appointments.,CONSNT_REV_USER_ID_NAME,VARCHAR,False,False,The name of the user record. This name may be hidden.,Encounter / visit record,False,False
PAT_ENC_2,This table supplements the PAT_ENC table. It contains additional information related to patient encounters or appointments.,VISIT_PAYOR_ID_PAYOR_NAME,VARCHAR,False,False,The name of the payor.,Encounter / visit record,False,False
PAT_ENC_2,This table supplements the PAT_ENC table. It contains additional information related to patient encounters or appointments.,VISIT_PLAN_ID_BENEFIT_PLAN_NAME,VARCHAR,False,False,The name of the benefit plan record.,Encounter / visit record,False,False
PAT_ENC_2,This table supplements the PAT_ENC table. It contains additional information related to patient encounters or appointments.,SOCIO_SRC_C_NAME,VARCHAR,False,False,Stores the source of entry for the sociological history.,Encounter / visit record,False,False
PAT_ENC_2,This table supplements the PAT_ENC table. It contains additional information related to patient encounters or appointments.,TEL_ENC_MSG_RGRDING,VARCHAR,False,False,Free-text field containing user entered information regarding a telephone encounter message.,Encounter / visit record,False,False
PAT_ENC_2,This table supplements the PAT_ENC table. It contains additional information related to patient encounters or appointments.,MSG_PRIORITY_C_NAME,VARCHAR,False,False,Indicates the priority of the routed message.,Encounter / visit record,False,False
PAT_ENC_2,This table supplements the PAT_ENC table. It contains additional information related to patient encounters or appointments.,RESEARCH_ENC_FLG_C_NAME,VARCHAR,True,False,"Category ID of the research encounter flag used to mark the patient encounter as having all charges billed to a research study, the patient, or a mixture. This is used for charge routing.",Encounter / visit record,False,False
PAT_ENC_2,This table supplements the PAT_ENC table. It contains additional information related to patient encounters or appointments.,FAM_SPOUSE_NAME,VARCHAR,False,False,The name of the patient's spouse,Encounter / visit record,False,False
PAT_ENC_2,This table supplements the PAT_ENC table. It contains additional information related to patient encounters or appointments.,MSG_CALLER_NAME,VARCHAR,False,False,The name of the caller who left this message,Encounter / visit record,False,False
PAT_ENC_2,This table supplements the PAT_ENC table. It contains additional information related to patient encounters or appointments.,CONSENT_EXP_DATE,DATETIME,False,False,This is the expiration date of any consent forms that are attached to the patient.,Encounter / visit record,True,False
PAT_ENC_2,This table supplements the PAT_ENC table. It contains additional information related to patient encounters or appointments.,CV_ACC4_PAT_RESP_YN,VARCHAR,False,False,Indicates whether a patient wants identifying information to be excluded from submission to the American College of Cardiology-National Cardiovascular Data Registry's (ACC-NCDR) Catheterization and/or Percutaneous Coronary Intervention (CathPCI) registry.,Encounter / visit record,False,False
PAT_ENC_2,This table supplements the PAT_ENC table. It contains additional information related to patient encounters or appointments.,FAMILY_MEM_PREFIX_C_NAME,VARCHAR,True,False,This column stores the relationship between the patient and the patient's guarantor.,Encounter / visit record,False,False
PAT_ENC_2,This table supplements the PAT_ENC table. It contains additional information related to patient encounters or appointments.,AVS_REFUSED_DTTM,DATETIME (UTC),False,False,The date and time when an end user documented that the patient declined the After Visit Summary.,Encounter / visit record,False,False
PAT_ENC_2,This table supplements the PAT_ENC table. It contains additional information related to patient encounters or appointments.,AVS_LAST_PRINT_DTTM,DATETIME (UTC),False,False,Records the instant the After Visit Summary was last printed,Encounter / visit record,False,False
PAT_ENC_2,This table supplements the PAT_ENC table. It contains additional information related to patient encounters or appointments.,MED_LIST_UPDATE_DTTM,DATETIME (UTC),False,False,"If a patient's prescriptions or Facility-Administered Medications (FAMs) are updated (signed, modified, or discontinued; or other med reconciliation actions are changed) after the After Visit Summary (AVS) has been printed, this item is updated to hold a timestamp indicating the last time that such updates were made. It is left blank if no AVS has been printed yet.",Encounter / visit record,False,False
PAT_ENC_3,This table supplements the PAT_ENC and PAT_ENC_2 tables. It contains additional information related to patient encounters or appointments.,PAT_ENC_CSN,NUMERIC,False,False,"The unique contact serial number for this contact. This number is unique across all patient encounters in your system. If you use IntraConnect, this is the Unique Contact Identifier (UCI).",Encounter / visit record,False,True
PAT_ENC_3,This table supplements the PAT_ENC and PAT_ENC_2 tables. It contains additional information related to patient encounters or appointments.,PAT_ENC_DATE_REAL,FLOAT,False,False,"A unique contact date in decimal format. The integer portion of the number indicates the date of contact. The digits after the decimal distinguish different contacts on the same date and are unique for each contact on that date. For example, .00 is the first/only contact, .01 is the second contact, etc.",Encounter / visit record,False,False
PAT_ENC_3,This table supplements the PAT_ENC and PAT_ENC_2 tables. It contains additional information related to patient encounters or appointments.,CHKOUT_USER_ID,VARCHAR,False,False,"The unique ID number of the user who completed the check out process for the patient for this encounter. If the encounter has not been checked out, this field will appear as ""null."" This ID may be encrypted.",Encounter / visit record,False,False
PAT_ENC_3,This table supplements the PAT_ENC and PAT_ENC_2 tables. It contains additional information related to patient encounters or appointments.,CHKOUT_USER_ID_NAME,VARCHAR,False,False,The name of the user record. This name may be hidden.,Encounter / visit record,False,False
PAT_ENC_3,This table supplements the PAT_ENC and PAT_ENC_2 tables. It contains additional information related to patient encounters or appointments.,ENC_BILL_AREA_ID,NUMERIC,False,False,The bill area which should be assigned to charges created from this encounter. The available bill areas to choose from will be determined based on lists in the provider and department records.,Encounter / visit record,False,False
PAT_ENC_3,This table supplements the PAT_ENC and PAT_ENC_2 tables. It contains additional information related to patient encounters or appointments.,ENC_BILL_AREA_ID_BILL_AREA_NAME,VARCHAR,False,False,"The record name of this bill area, financial subdivision, or financial division.",Encounter / visit record,False,False
PAT_ENC_3,This table supplements the PAT_ENC and PAT_ENC_2 tables. It contains additional information related to patient encounters or appointments.,RX_CHG_ADMIT_FLG_C_NAME,VARCHAR,False,False,This item contains the status of charge suppression for the patient. 1 indicates all charges are being suppressed. 2 indicates suppressed charges are now dropped. 3 indicates some or all charges are currently being suppressed.,Encounter / visit record,False,False
PAT_ENC_3,This table supplements the PAT_ENC and PAT_ENC_2 tables. It contains additional information related to patient encounters or appointments.,DX_UNIQUE_COUNTER,VARCHAR,False,False,"The number of unique diagnoses associated with this patient encounter. Unique diagnoses are stored in item EPT 18425, which is extracted by the DX_UNIQUE column in the PAT_ENC_DX table.",Encounter / visit record,False,False
PAT_ENC_3,This table supplements the PAT_ENC and PAT_ENC_2 tables. It contains additional information related to patient encounters or appointments.,HP_DEFAULTED_YN,VARCHAR,False,False,Whether the hospital problem was automatically populated from the list of admission diagnoses. This column will have a Y if the problem was populated from an admission diagnosis and an N otherwise.,Encounter / visit record,False,False
PAT_ENC_3,This table supplements the PAT_ENC and PAT_ENC_2 tables. It contains additional information related to patient encounters or appointments.,IP_CP_LAST_VAR_DTTM,DATETIME (Local),False,False,The date and time the last care plan variance was documented.,Encounter / visit record,False,False
PAT_ENC_3,This table supplements the PAT_ENC and PAT_ENC_2 tables. It contains additional information related to patient encounters or appointments.,READY_QUT_SMOKING_C_NAME,VARCHAR,False,False,This column is used to indicate whether patient is ready to quit smoking.,Encounter / visit record,False,False
PAT_ENC_3,This table supplements the PAT_ENC and PAT_ENC_2 tables. It contains additional information related to patient encounters or appointments.,COUNSELING_GIVEN_C_NAME,VARCHAR,False,False,This column is used to indicate whether smoking counseling is given.,Encounter / visit record,False,False
PAT_ENC_3,This table supplements the PAT_ENC and PAT_ENC_2 tables. It contains additional information related to patient encounters or appointments.,COMMAUTO_SENDER_ID,VARCHAR,False,False,The unique user ID of the sender of the automatically generated communications.,Encounter / visit record,False,False
PAT_ENC_3,This table supplements the PAT_ENC and PAT_ENC_2 tables. It contains additional information related to patient encounters or appointments.,COMMAUTO_SENDER_ID_NAME,VARCHAR,False,False,The name of the user record. This name may be hidden.,Encounter / visit record,False,False
PAT_ENC_3,This table supplements the PAT_ENC and PAT_ENC_2 tables. It contains additional information related to patient encounters or appointments.,BENEFIT_ID,NUMERIC,False,False,The benefit record used to store discrete information about the patient's insurance benefits for this encounter.,Encounter / visit record,False,False
PAT_ENC_3,This table supplements the PAT_ENC and PAT_ENC_2 tables. It contains additional information related to patient encounters or appointments.,PREPAY_DUE_AMT,NUMERIC,False,False,The amount of pre-payment that is due for this visit.,Encounter / visit record,False,False
PAT_ENC_3,This table supplements the PAT_ENC and PAT_ENC_2 tables. It contains additional information related to patient encounters or appointments.,PREPAY_AMT_FROM_C_NAME,VARCHAR,False,False,The activity that set the pre-payment due amount.,Encounter / visit record,False,False
PAT_ENC_3,This table supplements the PAT_ENC and PAT_ENC_2 tables. It contains additional information related to patient encounters or appointments.,PREPAY_PAID_AMT,NUMERIC,False,False,The pre-payment amount that has been collected for this visit.,Encounter / visit record,False,False
PAT_ENC_3,This table supplements the PAT_ENC and PAT_ENC_2 tables. It contains additional information related to patient encounters or appointments.,PREADMSN_TESTING_DT,DATETIME,False,False,The preadmission testing date.,Encounter / visit record,True,False
PAT_ENC_3,This table supplements the PAT_ENC and PAT_ENC_2 tables. It contains additional information related to patient encounters or appointments.,SMK_CESS_USER_ID,VARCHAR,False,False,The last user to modify the Smoking Cessation items for the encounter.,Encounter / visit record,False,False
PAT_ENC_3,This table supplements the PAT_ENC and PAT_ENC_2 tables. It contains additional information related to patient encounters or appointments.,SMK_CESS_USER_ID_NAME,VARCHAR,False,False,The name of the user record. This name may be hidden.,Encounter / visit record,False,False
PAT_ENC_3,This table supplements the PAT_ENC and PAT_ENC_2 tables. It contains additional information related to patient encounters or appointments.,SMK_CESS_DTTM,DATETIME (UTC),False,False,Indicates whether Instant Smoking Cessation items were modified for an encounter.,Encounter / visit record,False,False
PAT_ENC_3,This table supplements the PAT_ENC and PAT_ENC_2 tables. It contains additional information related to patient encounters or appointments.,DO_NOT_BILL_INS_YN,VARCHAR,False,False,Indicates if a visit is marked as Do Not Bill Insurance.,Encounter / visit record,False,False
PAT_ENC_3,This table supplements the PAT_ENC and PAT_ENC_2 tables. It contains additional information related to patient encounters or appointments.,SELF_PAY_VISIT_YN,VARCHAR,False,False,Indicates whether a visit is self-pay.,Encounter / visit record,False,False
PAT_ENC_3,This table supplements the PAT_ENC and PAT_ENC_2 tables. It contains additional information related to patient encounters or appointments.,REFERRAL_TYPE_C_NAME,VARCHAR,True,False,The means by which the patient learned about the organization.,Encounter / visit record,False,False
PAT_ENC_3,This table supplements the PAT_ENC and PAT_ENC_2 tables. It contains additional information related to patient encounters or appointments.,SCHOOL,VARCHAR,False,False,The patient's school.,Encounter / visit record,False,False
PAT_ENC_3,This table supplements the PAT_ENC and PAT_ENC_2 tables. It contains additional information related to patient encounters or appointments.,COPAY_NUM_UNITS,INTEGER,False,False,The number of units used to calculate the copay for this encounter.,Encounter / visit record,False,False
PAT_ENC_3,This table supplements the PAT_ENC and PAT_ENC_2 tables. It contains additional information related to patient encounters or appointments.,COPAY_AMT_PER_UNIT,NUMERIC,False,False,The copay per each copay unit for this encounter.,Encounter / visit record,False,False
PAT_ENC_3,This table supplements the PAT_ENC and PAT_ENC_2 tables. It contains additional information related to patient encounters or appointments.,COPAY_LASTCALC_DT,DATETIME,False,False,The date the copay was last calculated for this encounter.,Encounter / visit record,True,False
PAT_ENC_3,This table supplements the PAT_ENC and PAT_ENC_2 tables. It contains additional information related to patient encounters or appointments.,COPAY_OVERRIDDEN_YN,VARCHAR,False,False,Indicates whether the user has overridden the copay amount for this encounter.,Encounter / visit record,False,False
PAT_ENC_3,This table supplements the PAT_ENC and PAT_ENC_2 tables. It contains additional information related to patient encounters or appointments.,OB_TOTAL_WT_GAIN,NUMERIC,False,False,This column contains the patient's total weight gain in ounces as of the encounter if the patient had a weight documented on the encounter and a pregnancy episode with a pregravid weight linked to the encounter.,Encounter / visit record,False,False
PAT_ENC_3,This table supplements the PAT_ENC and PAT_ENC_2 tables. It contains additional information related to patient encounters or appointments.,MEDICAID_GROUP_NAME,VARCHAR,False,False,Item to store the name of a group defined by a Medicaid program.,Encounter / visit record,False,False
PAT_ENC_3,This table supplements the PAT_ENC and PAT_ENC_2 tables. It contains additional information related to patient encounters or appointments.,STUDENT_STATUS_C_NAME,VARCHAR,True,False,Tracks a patient's student status for a given encounter.,Encounter / visit record,False,False
PAT_ENC_3,This table supplements the PAT_ENC and PAT_ENC_2 tables. It contains additional information related to patient encounters or appointments.,MEDICAID_GROUP_ID,VARCHAR,False,False,Item to store the identifier of a group defined by a Medicaid program.,Encounter / visit record,False,False
PAT_ENC_3,This table supplements the PAT_ENC and PAT_ENC_2 tables. It contains additional information related to patient encounters or appointments.,EXTERNAL_REF_ID,VARCHAR,False,False,The reference ID from an external organization for the patient visit.,Encounter / visit record,False,False
PAT_ENC_3,This table supplements the PAT_ENC and PAT_ENC_2 tables. It contains additional information related to patient encounters or appointments.,OUTCOME_C_NAME,VARCHAR,True,False,The clinical outcome of an encounter. The value of this item will then be used to determine the appropriate RTT/waiting status for the encounter. It is primarily applicable to the UK and Denmark.,Encounter / visit record,False,False
PAT_ENC_3,This table supplements the PAT_ENC and PAT_ENC_2 tables. It contains additional information related to patient encounters or appointments.,HSPC_NO_ADM_C_NAME,VARCHAR,True,False,The Hospice Reason for Non-Admit category ID for the hospice episode.,Encounter / visit record,False,False
PAT_ENC_4,"This table supplements the PAT_ENC, PAT_ENC_2, and PAT_ENC_3 tables. It contains additional information related to patient encounters or appointments.",PAT_ENC_CSN_ID,NUMERIC,False,False,"The unique contact serial number for this contact. This number is unique across all patient encounters in your system. If you use IntraConnect, this is the Unique Contact Identifier (UCI).",Encounter / visit record,False,True
PAT_ENC_4,"This table supplements the PAT_ENC, PAT_ENC_2, and PAT_ENC_3 tables. It contains additional information related to patient encounters or appointments.",FAMILY_SIZE,INTEGER,False,False,The number of members in the patient's family.,Encounter / visit record,False,False
PAT_ENC_4,"This table supplements the PAT_ENC, PAT_ENC_2, and PAT_ENC_3 tables. It contains additional information related to patient encounters or appointments.",VISIT_NUMBER,VARCHAR,False,False,The visit number for the given contact.,Encounter / visit record,False,False
PAT_ENC_4,"This table supplements the PAT_ENC, PAT_ENC_2, and PAT_ENC_3 tables. It contains additional information related to patient encounters or appointments.",PAT_CNCT_IND_C_NAME,VARCHAR,True,False,The patient contact indicator category number for the patient encounter.,Encounter / visit record,False,False
PAT_ENC_4,"This table supplements the PAT_ENC, PAT_ENC_2, and PAT_ENC_3 tables. It contains additional information related to patient encounters or appointments.",DENTAL_STUDENT_ID_PROV_NAME,VARCHAR,False,False,The name of the service provider. This item may be hidden in a public view of the CLARITY_SER table.,Encounter / visit record,False,False
PAT_ENC_4,"This table supplements the PAT_ENC, PAT_ENC_2, and PAT_ENC_3 tables. It contains additional information related to patient encounters or appointments.",LOC_VISIT_ID_LOC_NAME,VARCHAR,False,False,The name of the revenue location.,Encounter / visit record,False,False
PAT_ENC_4,"This table supplements the PAT_ENC, PAT_ENC_2, and PAT_ENC_3 tables. It contains additional information related to patient encounters or appointments.",COPAY_NOT_COVERED_C_NAME,VARCHAR,True,False,The copay not covered category number for the patient encounter.,Encounter / visit record,False,False
PAT_ENC_4,"This table supplements the PAT_ENC, PAT_ENC_2, and PAT_ENC_3 tables. It contains additional information related to patient encounters or appointments.",COPAY_COLL_FLAG_YN,VARCHAR,False,False,The copay collected flag that indicates whether a copay was collected from the patient encounter.,Encounter / visit record,False,False
PAT_ENC_4,"This table supplements the PAT_ENC, PAT_ENC_2, and PAT_ENC_3 tables. It contains additional information related to patient encounters or appointments.",COPAY_COLL_PERSON,VARCHAR,False,False,The unique ID number of the person who collected the patient's copay for the encounter.,Encounter / visit record,False,False
PAT_ENC_4,"This table supplements the PAT_ENC, PAT_ENC_2, and PAT_ENC_3 tables. It contains additional information related to patient encounters or appointments.",COPAY_WAIVE_RSN_C_NAME,VARCHAR,True,False,The copay waive reason category number for the patient encounter.,Encounter / visit record,False,False
PAT_ENC_4,"This table supplements the PAT_ENC, PAT_ENC_2, and PAT_ENC_3 tables. It contains additional information related to patient encounters or appointments.",COPAY_MIN_VALUE,NUMERIC,False,False,The value of the minimum copay.,Encounter / visit record,False,False
PAT_ENC_4,"This table supplements the PAT_ENC, PAT_ENC_2, and PAT_ENC_3 tables. It contains additional information related to patient encounters or appointments.",COPAY_RECEIPT_NUM,VARCHAR,False,False,The receipt number of the copay collected.,Encounter / visit record,False,False
PAT_ENC_4,"This table supplements the PAT_ENC, PAT_ENC_2, and PAT_ENC_3 tables. It contains additional information related to patient encounters or appointments.",BEN_ADJ_COINS_AMT,NUMERIC,False,False,The adjudicated coinsurance amount for the visit calculated by the benefits engine.,Encounter / visit record,False,False
PAT_ENC_4,"This table supplements the PAT_ENC, PAT_ENC_2, and PAT_ENC_3 tables. It contains additional information related to patient encounters or appointments.",BEN_ADJ_DEDUCT_AMT,NUMERIC,False,False,The portion of the self-pay amount applied to the deductible for the visit.,Encounter / visit record,False,False
PAT_ENC_4,"This table supplements the PAT_ENC, PAT_ENC_2, and PAT_ENC_3 tables. It contains additional information related to patient encounters or appointments.",PAT_HOMELESS_YN,VARCHAR,False,False,Indicates if a patient is homeless.,Encounter / visit record,False,False
PAT_ENC_4,"This table supplements the PAT_ENC, PAT_ENC_2, and PAT_ENC_3 tables. It contains additional information related to patient encounters or appointments.",PAT_HOMELESS_TYP_C_NAME,VARCHAR,True,False,Characterizes the patients homelessness (for example chronic or sporadic),Encounter / visit record,False,False
PAT_ENC_4,"This table supplements the PAT_ENC, PAT_ENC_2, and PAT_ENC_3 tables. It contains additional information related to patient encounters or appointments.",PERCENTAGE_OF_FPL,NUMERIC,False,False,Indicates where the patient falls on the federal poverty level as a percentage.,Encounter / visit record,False,False
PAT_ENC_4,"This table supplements the PAT_ENC, PAT_ENC_2, and PAT_ENC_3 tables. It contains additional information related to patient encounters or appointments.",MSG_RECEIVED_DTTM,DATETIME (Local),False,False,The date and time the encounter creation In Basket message was received.,Encounter / visit record,False,False
PAT_ENC_4,"This table supplements the PAT_ENC, PAT_ENC_2, and PAT_ENC_3 tables. It contains additional information related to patient encounters or appointments.",TOBACCO_USE_VRFY_YN,VARCHAR,False,False,"This column indicates whether the patient's tobacco usage has been verified. A Y indicates the usage was verified. An N or null indicates the tobacco usage was not verified. It extracts a virtual item, which is calculated using EPT-19202.",Encounter / visit record,False,False
PAT_ENC_4,"This table supplements the PAT_ENC, PAT_ENC_2, and PAT_ENC_3 tables. It contains additional information related to patient encounters or appointments.",CR_TX_TYPE_C_NAME,VARCHAR,False,False,The transaction type category number for the encounter(E-Visit or Copay).,Encounter / visit record,False,False
PAT_ENC_4,"This table supplements the PAT_ENC, PAT_ENC_2, and PAT_ENC_3 tables. It contains additional information related to patient encounters or appointments.",ORIG_ENC_CSN,NUMERIC,False,False,Holds the CSN of the encounter this Remote Consult encounter is responding to.,Encounter / visit record,False,False
PAT_ENC_4,"This table supplements the PAT_ENC, PAT_ENC_2, and PAT_ENC_3 tables. It contains additional information related to patient encounters or appointments.",PHYS_BP_COMMENTS,VARCHAR,False,False,This column contains the comments entered for the last recorded blood pressure for this visit.,Encounter / visit record,False,False
PAT_ENC_4,"This table supplements the PAT_ENC, PAT_ENC_2, and PAT_ENC_3 tables. It contains additional information related to patient encounters or appointments.",PHYS_TEMP_COMMENTS,VARCHAR,False,False,This column contains the comments entered for the last recorded temperature for this visit.,Encounter / visit record,False,False
PAT_ENC_4,"This table supplements the PAT_ENC, PAT_ENC_2, and PAT_ENC_3 tables. It contains additional information related to patient encounters or appointments.",PHYS_TEMPSRC_COMNTS,VARCHAR,False,False,This column contains the comments entered for the last recorded temperature source for this visit.,Encounter / visit record,False,False
PAT_ENC_4,"This table supplements the PAT_ENC, PAT_ENC_2, and PAT_ENC_3 tables. It contains additional information related to patient encounters or appointments.",PHYS_PULSE_COMMENTS,VARCHAR,False,False,This column contains the comments entered for the last recorded pulse for this visit.,Encounter / visit record,False,False
PAT_ENC_4,"This table supplements the PAT_ENC, PAT_ENC_2, and PAT_ENC_3 tables. It contains additional information related to patient encounters or appointments.",PHYS_WEIGHT_COMNTS,VARCHAR,False,False,This column contains the comments entered for the last recorded weight for this visit.,Encounter / visit record,False,False
PAT_ENC_4,"This table supplements the PAT_ENC, PAT_ENC_2, and PAT_ENC_3 tables. It contains additional information related to patient encounters or appointments.",PHYS_HEIGHT_COMNTS,VARCHAR,False,False,This column contains the comments entered for the last recorded height for this visit.,Encounter / visit record,False,False
PAT_ENC_4,"This table supplements the PAT_ENC, PAT_ENC_2, and PAT_ENC_3 tables. It contains additional information related to patient encounters or appointments.",PHYS_RESP_COMMENTS,VARCHAR,False,False,This column contains the comments entered for the last recorded respirations for this visit.,Encounter / visit record,False,False
PAT_ENC_4,"This table supplements the PAT_ENC, PAT_ENC_2, and PAT_ENC_3 tables. It contains additional information related to patient encounters or appointments.",PHYS_SPO2_COMMENTS,VARCHAR,False,False,This column contains the comments entered for the last recorded oxygen saturation level (SpO2) for this visit.,Encounter / visit record,False,False
PAT_ENC_4,"This table supplements the PAT_ENC, PAT_ENC_2, and PAT_ENC_3 tables. It contains additional information related to patient encounters or appointments.",PHYS_PF_COMMENTS,VARCHAR,False,False,This column contains the comments entered for the last recorded peak flow for this visit.,Encounter / visit record,False,False
PAT_ENC_4,"This table supplements the PAT_ENC, PAT_ENC_2, and PAT_ENC_3 tables. It contains additional information related to patient encounters or appointments.",INTERPRT_ASGN_CMT,VARCHAR,False,False,Comments regarding the interpreter assigned to the patient's contact.,Encounter / visit record,False,False
PAT_ENC_4,"This table supplements the PAT_ENC, PAT_ENC_2, and PAT_ENC_3 tables. It contains additional information related to patient encounters or appointments.",PAT_HOUSING_STAT_C_NAME,VARCHAR,True,False,"This item stores the patient's current housing status. This is a category list item that may contain values such as Stable/Permanent, Temporary, Unstable, or Unknown.",Encounter / visit record,False,False
PAT_ENC_4,"This table supplements the PAT_ENC, PAT_ENC_2, and PAT_ENC_3 tables. It contains additional information related to patient encounters or appointments.",BCRA_AGE,INTEGER,False,False,The patient's age at the time of the risk assessment.,Encounter / visit record,False,False
PAT_ENC_4,"This table supplements the PAT_ENC, PAT_ENC_2, and PAT_ENC_3 tables. It contains additional information related to patient encounters or appointments.",BCRA_MENARCHE_AGE_C_NAME,VARCHAR,False,False,The patient's risk factor category number for the Age at Menarche breast cancer risk factor.,Encounter / visit record,False,False
PAT_ENC_4,"This table supplements the PAT_ENC, PAT_ENC_2, and PAT_ENC_3 tables. It contains additional information related to patient encounters or appointments.",BCRA_FST_LIVBIRTH_C_NAME,VARCHAR,False,False,The patient's risk factor category number for the Age at First Live Birth breast cancer risk factor.,Encounter / visit record,False,False
PAT_ENC_4,"This table supplements the PAT_ENC, PAT_ENC_2, and PAT_ENC_3 tables. It contains additional information related to patient encounters or appointments.",BCRA_FST_DEG_REL_C_NAME,VARCHAR,False,False,The patient's risk factor category number for the Number of Affected First Degree Relatives breast cancer risk factor. Only first degree relatives are considered.,Encounter / visit record,False,False
PAT_ENC_4,"This table supplements the PAT_ENC, PAT_ENC_2, and PAT_ENC_3 tables. It contains additional information related to patient encounters or appointments.",BCRA_NUM_BIOPSY_C_NAME,VARCHAR,False,False,The patient's risk factor category number for the Number of Breast Biopsies breast cancer risk factor.,Encounter / visit record,False,False
PAT_ENC_4,"This table supplements the PAT_ENC, PAT_ENC_2, and PAT_ENC_3 tables. It contains additional information related to patient encounters or appointments.",BCRA_ATYP_HYPLSA_C_NAME,VARCHAR,False,False,The patient's risk factor category number for the Presence of Atypical Hyperplasia in Breast Biopsies breast cancer risk factor.,Encounter / visit record,False,False
PAT_ENC_4,"This table supplements the PAT_ENC, PAT_ENC_2, and PAT_ENC_3 tables. It contains additional information related to patient encounters or appointments.",BCRA_RACE_C_NAME,VARCHAR,False,False,The patient's risk factor category number for the Race breast cancer risk factor.,Encounter / visit record,False,False
PAT_ENC_4,"This table supplements the PAT_ENC, PAT_ENC_2, and PAT_ENC_3 tables. It contains additional information related to patient encounters or appointments.",LB_ENC_START_DT,DATETIME,False,False,This identifies the start date of a Lab Requisition encounter.,Encounter / visit record,True,False
PAT_ENC_4,"This table supplements the PAT_ENC, PAT_ENC_2, and PAT_ENC_3 tables. It contains additional information related to patient encounters or appointments.",LB_ENC_END_DT,DATETIME,False,False,This identifies the end date of a Lab Requisition encounter.,Encounter / visit record,True,False
PAT_ENC_4,"This table supplements the PAT_ENC, PAT_ENC_2, and PAT_ENC_3 tables. It contains additional information related to patient encounters or appointments.",WAITING_LIST_ID,NUMERIC,False,False,The unique ID of the Waiting List record associated with this encounter. This column can be used to link to the WAITING_LIST_INFO table.,Encounter / visit record,False,False
PAT_ENC_4,"This table supplements the PAT_ENC, PAT_ENC_2, and PAT_ENC_3 tables. It contains additional information related to patient encounters or appointments.",SUBMITTER_ID,NUMERIC,False,False,The submitting organization that the results for the lab orders on this encounter should be sent to.,Encounter / visit record,False,False
PAT_ENC_4,"This table supplements the PAT_ENC, PAT_ENC_2, and PAT_ENC_3 tables. It contains additional information related to patient encounters or appointments.",SUBMITTER_ID_RECORD_NAME,VARCHAR,False,False,The name of the submitter record.,Encounter / visit record,False,False
PAT_ENC_4,"This table supplements the PAT_ENC, PAT_ENC_2, and PAT_ENC_3 tables. It contains additional information related to patient encounters or appointments.",BILL_TO_SUBMITTER_C_NAME,VARCHAR,False,False,Flag indicating whether the submitter should be billed for any lab procedures performed.,Encounter / visit record,False,False
PAT_ENC_4,"This table supplements the PAT_ENC, PAT_ENC_2, and PAT_ENC_3 tables. It contains additional information related to patient encounters or appointments.",SUBMITTER_ACCT_ID,NUMERIC,False,False,The submitter account to be used when billing laboratory procedures.,Encounter / visit record,False,False
PAT_ENC_4,"This table supplements the PAT_ENC, PAT_ENC_2, and PAT_ENC_3 tables. It contains additional information related to patient encounters or appointments.",LB_BLNG_ENC_SRVC_DT,DATETIME,False,False,This identifies the service date of the Billing encounter used for Lab Billing. The date is in the time zone of the lab department that created the encounter.,Encounter / visit record,True,False
PAT_ENC_4,"This table supplements the PAT_ENC, PAT_ENC_2, and PAT_ENC_3 tables. It contains additional information related to patient encounters or appointments.",ECHKIN_STATUS_C_NAME,VARCHAR,False,False,The status of the eCheck-In for this appointment.,Encounter / visit record,False,False
PAT_ENC_4,"This table supplements the PAT_ENC, PAT_ENC_2, and PAT_ENC_3 tables. It contains additional information related to patient encounters or appointments.",PB_VISIT_HAR_ID,NUMERIC,False,False,The hospital account record used by the Professional Billing system for a given contact.,Encounter / visit record,False,False
PAT_ENC_4,"This table supplements the PAT_ENC, PAT_ENC_2, and PAT_ENC_3 tables. It contains additional information related to patient encounters or appointments.",TECHNICAL_REFERRAL_ID,NUMERIC,False,False,The MassHealth technical referral associated with the encounter.,Encounter / visit record,False,False
PAT_ENC_4,"This table supplements the PAT_ENC, PAT_ENC_2, and PAT_ENC_3 tables. It contains additional information related to patient encounters or appointments.",CR_CLIENT_REF_IDNT,VARCHAR,False,False,Used to store the client ID returned by the copay reduction web service,Encounter / visit record,False,False
PAT_ENC_4,"This table supplements the PAT_ENC, PAT_ENC_2, and PAT_ENC_3 tables. It contains additional information related to patient encounters or appointments.",CR_BENEFIT_REF_IDNT,VARCHAR,False,False,The benefit reference ID number of the patient for the current encounter.,Encounter / visit record,False,False
PAT_ENC_4,"This table supplements the PAT_ENC, PAT_ENC_2, and PAT_ENC_3 tables. It contains additional information related to patient encounters or appointments.",CR_MESSAGE_ENGLISH,VARCHAR,False,False,The copay message returned by the web service in English.,Encounter / visit record,False,False
PAT_ENC_4,"This table supplements the PAT_ENC, PAT_ENC_2, and PAT_ENC_3 tables. It contains additional information related to patient encounters or appointments.",CR_MESSAGE_SPANISH,VARCHAR,False,False,The copay message returned by the web service in Spanish.,Encounter / visit record,False,False
PAT_ENC_4,"This table supplements the PAT_ENC, PAT_ENC_2, and PAT_ENC_3 tables. It contains additional information related to patient encounters or appointments.",CR_QUERY_SENT_UTC_DTTM,DATETIME (UTC),False,False,Instant the copay reduction web service query was sent to the server,Encounter / visit record,False,False
PAT_ENC_4,"This table supplements the PAT_ENC, PAT_ENC_2, and PAT_ENC_3 tables. It contains additional information related to patient encounters or appointments.",CR_RESP_RECVD_UTC_DTTM,DATETIME (UTC),False,False,Specifies the instant when the response to the copay reduction web service query was received,Encounter / visit record,False,False
PAT_ENC_4,"This table supplements the PAT_ENC, PAT_ENC_2, and PAT_ENC_3 tables. It contains additional information related to patient encounters or appointments.",CR_QUERY_ERROR,VARCHAR,False,False,Specifies the error received in the response to the query sent out to get the copay reduction for the current patient encounter.,Encounter / visit record,False,False
PAT_ENC_4,"This table supplements the PAT_ENC, PAT_ENC_2, and PAT_ENC_3 tables. It contains additional information related to patient encounters or appointments.",COPAY_REDUCTION_AMT,NUMERIC,False,False,The amount by which the copay should be reduced for the current visit,Encounter / visit record,False,False
PAT_ENC_5,"This table supplements the PAT_ENC, PAT_ENC_2, PAT_ENC_3, and PAT_ENC_4 tables. It contains additional information related to patient encounters or appointments.",PAT_ENC_CSN_ID,NUMERIC,False,False,"The unique contact serial number for this contact. This number is unique across all patient encounters in your system. If you use IntraConnect, this is the Unique Contact Identifier (UCI).",Encounter / visit record,False,True
PAT_ENC_5,"This table supplements the PAT_ENC, PAT_ENC_2, PAT_ENC_3, and PAT_ENC_4 tables. It contains additional information related to patient encounters or appointments.",CONTACT_DATE,DATETIME,False,False,The date of this contact in calendar format.,Encounter / visit record,True,False
PAT_ENC_5,"This table supplements the PAT_ENC, PAT_ENC_2, PAT_ENC_3, and PAT_ENC_4 tables. It contains additional information related to patient encounters or appointments.",PUBLIC_HOUSING_YN,VARCHAR,False,False,This item tracks whether or not a patient lived in public housing at the time of a given encounter.,Encounter / visit record,False,False
PAT_ENC_5,"This table supplements the PAT_ENC, PAT_ENC_2, PAT_ENC_3, and PAT_ENC_4 tables. It contains additional information related to patient encounters or appointments.",PVT_HOSP_ENC_C_NAME,VARCHAR,True,False,The category value corresponding to the private encounter setting for this patient contact.,Encounter / visit record,False,False
PAT_ENC_5,"This table supplements the PAT_ENC, PAT_ENC_2, PAT_ENC_3, and PAT_ENC_4 tables. It contains additional information related to patient encounters or appointments.",LINK_INS_TYPE_C_NAME,VARCHAR,True,False,The lab insurance type category ID for the insurance type used with the ordering encounter in EpicCare Link.,Encounter / visit record,False,False
PAT_ENC_5,"This table supplements the PAT_ENC, PAT_ENC_2, PAT_ENC_3, and PAT_ENC_4 tables. It contains additional information related to patient encounters or appointments.",PAT_VER_HCA_C_NAME,VARCHAR,False,False,"Contains the patient's response on the Health Care Agent Verification screen in Welcome; either ""Patient indicated data was correct"" or ""Patient indicated they want to discuss care decisions with a clinician.""",Encounter / visit record,False,False
PAT_ENC_5,"This table supplements the PAT_ENC, PAT_ENC_2, PAT_ENC_3, and PAT_ENC_4 tables. It contains additional information related to patient encounters or appointments.",EXT_GRP_IDNT,VARCHAR,False,False,"This column holds appointment group identifiers assigned by external systems. If two appointments have the same external group identifier, they were checked in as a group, and they will be treated as a group in Epic.",Encounter / visit record,False,False
PAT_ENC_5,"This table supplements the PAT_ENC, PAT_ENC_2, PAT_ENC_3, and PAT_ENC_4 tables. It contains additional information related to patient encounters or appointments.",EXT_GRP_SRC_C_NAME,VARCHAR,True,False,"Holds the source of an external group identifier in EXT_GRP_IDNT. If two rows have the same value for their external group source, the same external system grouped the appointments.",Encounter / visit record,False,False
PAT_ENC_5,"This table supplements the PAT_ENC, PAT_ENC_2, PAT_ENC_3, and PAT_ENC_4 tables. It contains additional information related to patient encounters or appointments.",PREPAY_SET_BY_USER_YN,VARCHAR,False,False,This item will be set to Yes if the prepay due for this visit was manually set by a user.,Encounter / visit record,False,False
PAT_ENC_5,"This table supplements the PAT_ENC, PAT_ENC_2, PAT_ENC_3, and PAT_ENC_4 tables. It contains additional information related to patient encounters or appointments.",PREPAY_UPDATE_USER_ID,VARCHAR,False,False,User who last updated the prepay due amount.,Encounter / visit record,False,False
PAT_ENC_5,"This table supplements the PAT_ENC, PAT_ENC_2, PAT_ENC_3, and PAT_ENC_4 tables. It contains additional information related to patient encounters or appointments.",PREPAY_UPDATE_USER_ID_NAME,VARCHAR,False,False,The name of the user record. This name may be hidden.,Encounter / visit record,False,False
PAT_ENC_5,"This table supplements the PAT_ENC, PAT_ENC_2, PAT_ENC_3, and PAT_ENC_4 tables. It contains additional information related to patient encounters or appointments.",PREPAY_UPDATE_INST_DTTM,DATETIME (UTC),False,False,The last instant the prepay due for the visit was updated.,Encounter / visit record,False,False
PAT_ENC_5,"This table supplements the PAT_ENC, PAT_ENC_2, PAT_ENC_3, and PAT_ENC_4 tables. It contains additional information related to patient encounters or appointments.",PREPAY_CALC_SCENARIO,VARCHAR,False,False,Stores the scenario/reason why the corresponding payment needs to be collected upfront from the patient.,Encounter / visit record,False,False
PAT_ENC_5,"This table supplements the PAT_ENC, PAT_ENC_2, PAT_ENC_3, and PAT_ENC_4 tables. It contains additional information related to patient encounters or appointments.",AUTHCERT_ID,NUMERIC,False,False,The unique ID of the auth/cert associated with the patient contact.,Encounter / visit record,False,False
PAT_ENC_5,"This table supplements the PAT_ENC, PAT_ENC_2, PAT_ENC_3, and PAT_ENC_4 tables. It contains additional information related to patient encounters or appointments.",ED_REF_CALLBAK_YN,VARCHAR,False,False,Whether a referring provider requests a call back from the ED physician at the end their visit,Encounter / visit record,False,False
PAT_ENC_5,"This table supplements the PAT_ENC, PAT_ENC_2, PAT_ENC_3, and PAT_ENC_4 tables. It contains additional information related to patient encounters or appointments.",ED_REF_CALLBAK_P_ID_PROV_NAME,VARCHAR,False,False,The name of the service provider. This item may be hidden in a public view of the CLARITY_SER table.,Encounter / visit record,False,False
PAT_ENC_5,"This table supplements the PAT_ENC, PAT_ENC_2, PAT_ENC_3, and PAT_ENC_4 tables. It contains additional information related to patient encounters or appointments.",ED_REF_CALLBAK_C_ID_LOC_NAME,VARCHAR,False,False,The name of the revenue location.,Encounter / visit record,False,False
PAT_ENC_5,"This table supplements the PAT_ENC, PAT_ENC_2, PAT_ENC_3, and PAT_ENC_4 tables. It contains additional information related to patient encounters or appointments.",ED_REF_CALLBAK_NUM,VARCHAR,False,False,Phone number to contact the referring provider at after ED visit,Encounter / visit record,False,False
PAT_ENC_5,"This table supplements the PAT_ENC, PAT_ENC_2, PAT_ENC_3, and PAT_ENC_4 tables. It contains additional information related to patient encounters or appointments.",IS_ON_DEMAND_VV_YN,VARCHAR,False,False,Denotes whether this contact is an on-demand video visit.,Encounter / visit record,False,False
PAT_ENC_5,"This table supplements the PAT_ENC, PAT_ENC_2, PAT_ENC_3, and PAT_ENC_4 tables. It contains additional information related to patient encounters or appointments.",ATTR_DEPARTMENT_ID_EXTERNAL_NAME,VARCHAR,False,False,The external name of the department record. This is often used in patient correspondence such as reminder letters.,Encounter / visit record,False,False
PAT_ENC_5,"This table supplements the PAT_ENC, PAT_ENC_2, PAT_ENC_3, and PAT_ENC_4 tables. It contains additional information related to patient encounters or appointments.",PAT_DTREE_ANSWER_ID,VARCHAR,False,False,Stores the decision tree that was completed by the patient which resulted in this encounter being created.,Encounter / visit record,False,False
PAT_ENC_5,"This table supplements the PAT_ENC, PAT_ENC_2, PAT_ENC_3, and PAT_ENC_4 tables. It contains additional information related to patient encounters or appointments.",PREPAY_DISCNT_AMT,NUMERIC,False,False,Stores the total amount that was discounted because a patient paid early.,Encounter / visit record,False,False
PAT_ENC_5,"This table supplements the PAT_ENC, PAT_ENC_2, PAT_ENC_3, and PAT_ENC_4 tables. It contains additional information related to patient encounters or appointments.",PREPAY_DISCNT_PCT,NUMERIC,False,False,Stores the percent that was used to calculate the prepay discounted amount.,Encounter / visit record,False,False
PAT_ENC_5,"This table supplements the PAT_ENC, PAT_ENC_2, PAT_ENC_3, and PAT_ENC_4 tables. It contains additional information related to patient encounters or appointments.",PREPAY_PROPOSED_DISCNT_AMT,NUMERIC,False,False,Stores what the prepay discount would be if it applied.,Encounter / visit record,False,False
PAT_ENC_5,"This table supplements the PAT_ENC, PAT_ENC_2, PAT_ENC_3, and PAT_ENC_4 tables. It contains additional information related to patient encounters or appointments.",PREPAY_DISCNT_CALC_RULE_ID,VARCHAR,False,False,Stores the rule that was used to determine the prepay discount percent.,Encounter / visit record,False,False
PAT_ENC_5,"This table supplements the PAT_ENC, PAT_ENC_2, PAT_ENC_3, and PAT_ENC_4 tables. It contains additional information related to patient encounters or appointments.",PREPAY_DISCNT_CALC_RULE_ID_RULE_NAME,VARCHAR,False,False,The name of the rule.,Encounter / visit record,False,False
PAT_ENC_5,"This table supplements the PAT_ENC, PAT_ENC_2, PAT_ENC_3, and PAT_ENC_4 tables. It contains additional information related to patient encounters or appointments.",PREPAY_DISCNT_CALC_PCT,NUMERIC,False,False,Stores the system calculated percent for a prepay discount.,Encounter / visit record,False,False
PAT_ENC_5,"This table supplements the PAT_ENC, PAT_ENC_2, PAT_ENC_3, and PAT_ENC_4 tables. It contains additional information related to patient encounters or appointments.",PREPAY_DISCNT_OVRIDE_AMT,NUMERIC,False,False,"If a user overrides the prepay discount amount, the override will be stored here and we will no longer use rules to determine the prepay discount.",Encounter / visit record,False,False
PAT_ENC_5,"This table supplements the PAT_ENC, PAT_ENC_2, PAT_ENC_3, and PAT_ENC_4 tables. It contains additional information related to patient encounters or appointments.",PREPAY_DISCNT_OVRIDE_PCT,NUMERIC,False,False,"If a user overrides the prepay discount percent, the override will be stored here and we will no longer use rules to determine the prepay discount.",Encounter / visit record,False,False
PAT_ENC_5,"This table supplements the PAT_ENC, PAT_ENC_2, PAT_ENC_3, and PAT_ENC_4 tables. It contains additional information related to patient encounters or appointments.",PREPAY_DISCNT_OVRIDE_USER_ID,VARCHAR,False,False,"If a user overrides the prepay discount, this will store the user who made the override.",Encounter / visit record,False,False
PAT_ENC_5,"This table supplements the PAT_ENC, PAT_ENC_2, PAT_ENC_3, and PAT_ENC_4 tables. It contains additional information related to patient encounters or appointments.",PREPAY_DISCNT_OVRIDE_USER_ID_NAME,VARCHAR,False,False,The name of the user record. This name may be hidden.,Encounter / visit record,False,False
PAT_ENC_5,"This table supplements the PAT_ENC, PAT_ENC_2, PAT_ENC_3, and PAT_ENC_4 tables. It contains additional information related to patient encounters or appointments.",PREPAY_DISCNT_OVRIDE_CMT,VARCHAR,False,False,"If a user overrides the prepay discount and adds a comment about why they did so, the comment will be stored here.",Encounter / visit record,False,False
PAT_ENC_5,"This table supplements the PAT_ENC, PAT_ENC_2, PAT_ENC_3, and PAT_ENC_4 tables. It contains additional information related to patient encounters or appointments.",PREPAY_DISCNT_OVRIDE_DTTM,DATETIME (Local),False,False,"If a user overrides the prepay discount, this will store the instant it was overridden. This item is mainly used for reference purposes.",Encounter / visit record,False,False
PAT_ENC_5,"This table supplements the PAT_ENC, PAT_ENC_2, PAT_ENC_3, and PAT_ENC_4 tables. It contains additional information related to patient encounters or appointments.",EVISIT_STATUS_C_NAME,VARCHAR,False,False,The current status of the e-visit encounter.,Encounter / visit record,False,False
PAT_ENC_6,"This table supplements the PAT_ENC, PAT_ENC_2, PAT_ENC_3, PAT_ENC_4, and PAT_ENC_5 tables. It contains additional information related to patient encounters or appointments.",PAT_ENC_CSN_ID,NUMERIC,False,False,"The unique contact serial number for this contact. This number is unique across all patient encounters in your system. If you use IntraConnect, this is the Unique Contact Identifier (UCI).",Encounter / visit record,False,True
PAT_ENC_6,"This table supplements the PAT_ENC, PAT_ENC_2, PAT_ENC_3, PAT_ENC_4, and PAT_ENC_5 tables. It contains additional information related to patient encounters or appointments.",PAT_ENC_DATE_REAL,FLOAT,False,False,"A unique contact date in decimal format. The integer portion of the number indicates the date of contact. The digits after the decimal distinguish different contacts on the same date and are unique for each contact on that date. For example, .00 is the first/only contact, .01 is the second contact, etc.",Encounter / visit record,False,False
PAT_ENC_6,"This table supplements the PAT_ENC, PAT_ENC_2, PAT_ENC_3, PAT_ENC_4, and PAT_ENC_5 tables. It contains additional information related to patient encounters or appointments.",CONTACT_DATE,DATETIME,False,False,The date of this contact in calendar format.,Encounter / visit record,True,False
PAT_ENC_6,"This table supplements the PAT_ENC, PAT_ENC_2, PAT_ENC_3, PAT_ENC_4, and PAT_ENC_5 tables. It contains additional information related to patient encounters or appointments.",LINKED_ENC_CSN,NUMERIC,False,False,The unique contact serial number of the visit that represents the official visit. Intended for (FINLAND) ad hoc encounters that need to be associated with an official visit.,Encounter / visit record,False,False
PAT_ENC_6,"This table supplements the PAT_ENC, PAT_ENC_2, PAT_ENC_3, PAT_ENC_4, and PAT_ENC_5 tables. It contains additional information related to patient encounters or appointments.",LMP_PRECISION_C_NAME,VARCHAR,True,False,The uncertainty of the last menstrual period date stored in the PAT_ENC.LMP_DATE column.,Encounter / visit record,False,False
PAT_ENC_6,"This table supplements the PAT_ENC, PAT_ENC_2, PAT_ENC_3, PAT_ENC_4, and PAT_ENC_5 tables. It contains additional information related to patient encounters or appointments.",PLANNED_BILL_AREA_ID,NUMERIC,False,False,Used to track what the bill area was for an appointment at the time of check in.,Encounter / visit record,False,False
PAT_ENC_6,"This table supplements the PAT_ENC, PAT_ENC_2, PAT_ENC_3, PAT_ENC_4, and PAT_ENC_5 tables. It contains additional information related to patient encounters or appointments.",PLANNED_BILL_AREA_ID_BILL_AREA_NAME,VARCHAR,False,False,"The record name of this bill area, financial subdivision, or financial division.",Encounter / visit record,False,False
PAT_ENC_6,"This table supplements the PAT_ENC, PAT_ENC_2, PAT_ENC_3, PAT_ENC_4, and PAT_ENC_5 tables. It contains additional information related to patient encounters or appointments.",BCRA_BRCA_GENE_MUT_C_NAME,VARCHAR,False,False,The patient's risk factor category number for the Presence of BRCA 1/2 Mutation breast cancer risk factor.,Encounter / visit record,False,False
PAT_ENC_6,"This table supplements the PAT_ENC, PAT_ENC_2, PAT_ENC_3, PAT_ENC_4, and PAT_ENC_5 tables. It contains additional information related to patient encounters or appointments.",SVC_TARGET_EFFORT_YN,VARCHAR,False,False,Flag to indicate that additional effort was needed on behalf of staff to work this encounter in order to meet service targets.,Encounter / visit record,False,False
PAT_ENC_6,"This table supplements the PAT_ENC, PAT_ENC_2, PAT_ENC_3, PAT_ENC_4, and PAT_ENC_5 tables. It contains additional information related to patient encounters or appointments.",OUTPAT_VISIT_GRP_C_NAME,VARCHAR,True,False,Used to indicate additional visit type information for reporting purposes.,Encounter / visit record,False,False
PAT_ENC_6,"This table supplements the PAT_ENC, PAT_ENC_2, PAT_ENC_3, PAT_ENC_4, and PAT_ENC_5 tables. It contains additional information related to patient encounters or appointments.",PSYCH_ARRIVAL_C_NAME,VARCHAR,True,False,Indicates the method of arrival for the patient for psychiatric care.,Encounter / visit record,False,False
PAT_ENC_6,"This table supplements the PAT_ENC, PAT_ENC_2, PAT_ENC_3, PAT_ENC_4, and PAT_ENC_5 tables. It contains additional information related to patient encounters or appointments.",PLAN_RECUR_TREAT_YN,VARCHAR,False,False,Indicates whether the visit is part of a planned recurring treatment period.,Encounter / visit record,False,False
PAT_ENC_6,"This table supplements the PAT_ENC, PAT_ENC_2, PAT_ENC_3, PAT_ENC_4, and PAT_ENC_5 tables. It contains additional information related to patient encounters or appointments.",HUS_VISIT_TYPE_C_NAME,VARCHAR,True,False,Additional visit type information required for HUS visits for reporting purposes.,Encounter / visit record,False,False
PAT_ENC_6,"This table supplements the PAT_ENC, PAT_ENC_2, PAT_ENC_3, PAT_ENC_4, and PAT_ENC_5 tables. It contains additional information related to patient encounters or appointments.",SOCIAL_SRVC_AREA_C_NAME,VARCHAR,True,False,Indicates the social care service area for the visit.,Encounter / visit record,False,False
PAT_ENC_6,"This table supplements the PAT_ENC, PAT_ENC_2, PAT_ENC_3, PAT_ENC_4, and PAT_ENC_5 tables. It contains additional information related to patient encounters or appointments.",EXT_LTC_PAT_YN,VARCHAR,False,False,Indicates whether a patient is a long term care patient at an external organization.,Encounter / visit record,False,False
PAT_ENC_6,"This table supplements the PAT_ENC, PAT_ENC_2, PAT_ENC_3, PAT_ENC_4, and PAT_ENC_5 tables. It contains additional information related to patient encounters or appointments.",VETERAN_ENC_MED_CVG_C_NAME,VARCHAR,True,False,This holds the medical coverage level for a given patient encounter. The medical coverage denotes the level of coverage a patient is using for a given encounter. The coverage level determines how much the patient will be billed. This column is frequently used to link to the ZC_VETERAN_MED_CVG table.,Encounter / visit record,False,False
PAT_ENC_6,"This table supplements the PAT_ENC, PAT_ENC_2, PAT_ENC_3, PAT_ENC_4, and PAT_ENC_5 tables. It contains additional information related to patient encounters or appointments.",VETERAN_BILLING_CODE_C_NAME,VARCHAR,True,False,This holds the veteran billing code for a given patient encounter. The billing code denotes the type of appointment that was given which in turns determines how much the patient should be billed. This column is frequently used to link to the ZC_VETERAN_BILLING_CODE table.,Encounter / visit record,False,False
PAT_ENC_6,"This table supplements the PAT_ENC, PAT_ENC_2, PAT_ENC_3, PAT_ENC_4, and PAT_ENC_5 tables. It contains additional information related to patient encounters or appointments.",ED_REF_CALLBAK_D_ID_EXTERNAL_NAME,VARCHAR,False,False,The external name of the department record. This is often used in patient correspondence such as reminder letters.,Encounter / visit record,False,False
PAT_ENC_6,"This table supplements the PAT_ENC, PAT_ENC_2, PAT_ENC_3, PAT_ENC_4, and PAT_ENC_5 tables. It contains additional information related to patient encounters or appointments.",RFV_USED_TO_SCHED_C_NAME,VARCHAR,True,False,Stores the reason for visit the user selected to schedule an appointment through MyChart.,Encounter / visit record,False,False
PAT_ENC_6,"This table supplements the PAT_ENC, PAT_ENC_2, PAT_ENC_3, PAT_ENC_4, and PAT_ENC_5 tables. It contains additional information related to patient encounters or appointments.",BMI_PERCENTILE,NUMERIC,False,False,"This item stores the patient's BMI percentile. This item will be null for ages greater than 20, and is calculated based on the patient's height, weight, and sex.",Encounter / visit record,False,False
PAT_ENC_6,"This table supplements the PAT_ENC, PAT_ENC_2, PAT_ENC_3, PAT_ENC_4, and PAT_ENC_5 tables. It contains additional information related to patient encounters or appointments.",CREATION_ORD_ID,NUMERIC,False,False,The ID number of the order which created the patient contact.,Encounter / visit record,False,False
PAT_ENC_6,"This table supplements the PAT_ENC, PAT_ENC_2, PAT_ENC_3, PAT_ENC_4, and PAT_ENC_5 tables. It contains additional information related to patient encounters or appointments.",EXT_TX_STATUS_C_NAME,VARCHAR,True,False,"An optional item used to document the encounter's External Transportation Status/Needs. There is no standard functionality that is driven by this item. This item can be used to drive reporting, confirmation errors, or WQ activities.",Encounter / visit record,False,False
PAT_ENC_6,"This table supplements the PAT_ENC, PAT_ENC_2, PAT_ENC_3, PAT_ENC_4, and PAT_ENC_5 tables. It contains additional information related to patient encounters or appointments.",EXT_TX_STATUS_CMT,VARCHAR,False,False,"An optional item used to document the encounter's External Transportation Comments. There is no standard functionality that is driven by this item. This item can be used to driver reporting, confirmation errors, or WQ activities.",Encounter / visit record,False,False
PAT_ENC_6,"This table supplements the PAT_ENC, PAT_ENC_2, PAT_ENC_3, PAT_ENC_4, and PAT_ENC_5 tables. It contains additional information related to patient encounters or appointments.",EXT_ACCM_STATUS_C_NAME,VARCHAR,True,False,"An optional item used to document the encounter's External Accommodation Status/Needs. There is no standard functionality that is driven by this item. This item can be used to driver reporting, confirmation errors, or workqueue activities.",Encounter / visit record,False,False
PAT_ENC_6,"This table supplements the PAT_ENC, PAT_ENC_2, PAT_ENC_3, PAT_ENC_4, and PAT_ENC_5 tables. It contains additional information related to patient encounters or appointments.",EXT_ACCM_STATUS_CMT,VARCHAR,False,False,"An optional item used to document the encounter's External Accommodation Comments. There is no standard functionality that is driven by this item. This item can be used to driver reporting, confirmation errors, or workqueue activities.",Encounter / visit record,False,False
PAT_ENC_6,"This table supplements the PAT_ENC, PAT_ENC_2, PAT_ENC_3, PAT_ENC_4, and PAT_ENC_5 tables. It contains additional information related to patient encounters or appointments.",SG_AT_RISK_IND_C_NAME,VARCHAR,True,False,Stores the at risk indicator for a specific visit.,Encounter / visit record,False,False
PAT_ENC_6,"This table supplements the PAT_ENC, PAT_ENC_2, PAT_ENC_3, PAT_ENC_4, and PAT_ENC_5 tables. It contains additional information related to patient encounters or appointments.",SG_FC_STATUS_C_NAME,VARCHAR,True,False,Stores the financial counselling status for a specific visit.,Encounter / visit record,False,False
PAT_ENC_6,"This table supplements the PAT_ENC, PAT_ENC_2, PAT_ENC_3, PAT_ENC_4, and PAT_ENC_5 tables. It contains additional information related to patient encounters or appointments.",ELIG_PLAN_SELECT_YN,VARCHAR,False,False,This item indicates if an eligibility plan is currently selected for this encounter.,Encounter / visit record,False,False
PAT_ENC_6,"This table supplements the PAT_ENC, PAT_ENC_2, PAT_ENC_3, PAT_ENC_4, and PAT_ENC_5 tables. It contains additional information related to patient encounters or appointments.",SG_MOH_URGENCY_C_NAME,VARCHAR,True,False,Used to indicate whether an appointment is urgent or non-urgent for Ministry of Health regulatory reporting.,Encounter / visit record,False,False
PAT_ENC_6,"This table supplements the PAT_ENC, PAT_ENC_2, PAT_ENC_3, PAT_ENC_4, and PAT_ENC_5 tables. It contains additional information related to patient encounters or appointments.",SG_NAMED_REFERRAL_YN,VARCHAR,False,False,Used for validation of the patient class and regulatory reporting for whether a patient was referred to a particular provider.,Encounter / visit record,False,False
PAT_ENC_6,"This table supplements the PAT_ENC, PAT_ENC_2, PAT_ENC_3, PAT_ENC_4, and PAT_ENC_5 tables. It contains additional information related to patient encounters or appointments.",SG_PAT_REQUEST_YN,VARCHAR,False,False,Used to indicate whether a patient requested to see a particular doctor and thus should be a private patient.,Encounter / visit record,False,False
PAT_ENC_6,"This table supplements the PAT_ENC, PAT_ENC_2, PAT_ENC_3, PAT_ENC_4, and PAT_ENC_5 tables. It contains additional information related to patient encounters or appointments.",SG_TREATMENT_PROG_C_NAME,VARCHAR,True,False,Used to indicate the type of service programme that the appointment is assigned to.,Encounter / visit record,False,False
PAT_ENC_6,"This table supplements the PAT_ENC, PAT_ENC_2, PAT_ENC_3, PAT_ENC_4, and PAT_ENC_5 tables. It contains additional information related to patient encounters or appointments.",SG_APPT_RATIONALE_C_NAME,VARCHAR,True,False,"Used to indicate whether an appointment was the earliest possible, at a patient request, at a doctor request, or force booked. This drives regulatory reporting functionality.",Encounter / visit record,False,False
PAT_ENC_6,"This table supplements the PAT_ENC, PAT_ENC_2, PAT_ENC_3, PAT_ENC_4, and PAT_ENC_5 tables. It contains additional information related to patient encounters or appointments.",EVISIT_RFV_C_NAME,VARCHAR,True,False,The category value of the reason for the e-visit. This number links to the value stored in the ON_DEMAND_VIDEO_VISIT_C of the ZC_ON_DEMAND_VIDEO_VISIT table.,Encounter / visit record,False,False
PAT_ENC_6,"This table supplements the PAT_ENC, PAT_ENC_2, PAT_ENC_3, PAT_ENC_4, and PAT_ENC_5 tables. It contains additional information related to patient encounters or appointments.",EVISIT_YN,VARCHAR,False,False,Indicates whether this encounter is an E-Visit. This will be set only for appointment-based E-Visits.,Encounter / visit record,False,False
PAT_ENC_6,"This table supplements the PAT_ENC, PAT_ENC_2, PAT_ENC_3, PAT_ENC_4, and PAT_ENC_5 tables. It contains additional information related to patient encounters or appointments.",EVISIT_TLH_ALLOWED_SUBLOC_C_NAME,VARCHAR,False,False,The sublocation where the patient indicated they were currently located for a video visit or an e-visit. This information comes from a category value stored in I SER 32510.,Encounter / visit record,False,False
PAT_ENC_6,"This table supplements the PAT_ENC, PAT_ENC_2, PAT_ENC_3, PAT_ENC_4, and PAT_ENC_5 tables. It contains additional information related to patient encounters or appointments.",EVISIT_TLH_ALLOWED_LOC_C_NAME,VARCHAR,True,False,The country where the patient indicated they were currently located for a video visit or an e-visit. This information comes from a category value stored in I ECT 70150.,Encounter / visit record,False,False
PAT_ENC_6,"This table supplements the PAT_ENC, PAT_ENC_2, PAT_ENC_3, PAT_ENC_4, and PAT_ENC_5 tables. It contains additional information related to patient encounters or appointments.",APPT_AUTH_STATUS_C_NAME,VARCHAR,False,False,The authorization status of an appointment based on the information stored in any authorization records linked to an appointment (EPT-23025).,Encounter / visit record,False,False
PAT_ENC_6,"This table supplements the PAT_ENC, PAT_ENC_2, PAT_ENC_3, PAT_ENC_4, and PAT_ENC_5 tables. It contains additional information related to patient encounters or appointments.",EVISIT_NEW_STATUS_C_NAME,VARCHAR,False,False,"The current workflow status of an e-visit encounter. Values include 1-In Progress, 2-Submitted, 3-Under Review, 4-Complete, 5-Expired, 6-Returned to Patient, and 7-Cancelled",Encounter / visit record,False,False
PAT_ENC_6,"This table supplements the PAT_ENC, PAT_ENC_2, PAT_ENC_3, PAT_ENC_4, and PAT_ENC_5 tables. It contains additional information related to patient encounters or appointments.",LAB_RESP_USER_ID,VARCHAR,False,False,The unique ID of the phlebotomist (EMP) currently responsible for the patient's lab draws for this encounter.,Encounter / visit record,False,False
PAT_ENC_6,"This table supplements the PAT_ENC, PAT_ENC_2, PAT_ENC_3, PAT_ENC_4, and PAT_ENC_5 tables. It contains additional information related to patient encounters or appointments.",LAB_RESP_USER_ID_NAME,VARCHAR,False,False,The name of the user record. This name may be hidden.,Encounter / visit record,False,False
PAT_ENC_6,"This table supplements the PAT_ENC, PAT_ENC_2, PAT_ENC_3, PAT_ENC_4, and PAT_ENC_5 tables. It contains additional information related to patient encounters or appointments.",EXT_MEDS_UPD_INST_UTC_DTTM,DATETIME (UTC),False,False,Contains the most recent instant of update for external medications in external orders encounters.,Encounter / visit record,False,False
PAT_ENC_6,"This table supplements the PAT_ENC, PAT_ENC_2, PAT_ENC_3, PAT_ENC_4, and PAT_ENC_5 tables. It contains additional information related to patient encounters or appointments.",INTF_PRIMARY_PAT_ENC_CSN_ID,NUMERIC,False,False,Contains the CSN of the primary interface contact for this encounter.,Encounter / visit record,False,False
PAT_ENC_6,"This table supplements the PAT_ENC, PAT_ENC_2, PAT_ENC_3, PAT_ENC_4, and PAT_ENC_5 tables. It contains additional information related to patient encounters or appointments.",OVERRIDE_BCRA_NUM_BIOPSY_C_NAME,VARCHAR,False,False,The override value for the number of biopsies. The override value is used in the calculation of the Gail model risk score.,Encounter / visit record,False,False
PAT_ENC_6,"This table supplements the PAT_ENC, PAT_ENC_2, PAT_ENC_3, PAT_ENC_4, and PAT_ENC_5 tables. It contains additional information related to patient encounters or appointments.",OVERRIDE_BCRA_RACE_C_NAME,VARCHAR,False,False,The override value for patient race. The override value is used in the calculation of the Gail model risk score.,Encounter / visit record,False,False
PAT_ENC_6,"This table supplements the PAT_ENC, PAT_ENC_2, PAT_ENC_3, PAT_ENC_4, and PAT_ENC_5 tables. It contains additional information related to patient encounters or appointments.",OVERRIDE_GAIL_FACTOR_USER_ID,VARCHAR,False,False,The user who overrode the factors for the Gail model.,Encounter / visit record,False,False
PAT_ENC_6,"This table supplements the PAT_ENC, PAT_ENC_2, PAT_ENC_3, PAT_ENC_4, and PAT_ENC_5 tables. It contains additional information related to patient encounters or appointments.",OVERRIDE_GAIL_FACTOR_USER_ID_NAME,VARCHAR,False,False,The name of the user record. This name may be hidden.,Encounter / visit record,False,False
PAT_ENC_6,"This table supplements the PAT_ENC, PAT_ENC_2, PAT_ENC_3, PAT_ENC_4, and PAT_ENC_5 tables. It contains additional information related to patient encounters or appointments.",OVERRIDE_GAIL_FACTOR_DTTM,DATETIME (Local),False,False,The instant when the Gail factors were overridden.,Encounter / visit record,False,False
PAT_ENC_6,"This table supplements the PAT_ENC, PAT_ENC_2, PAT_ENC_3, PAT_ENC_4, and PAT_ENC_5 tables. It contains additional information related to patient encounters or appointments.",VETERAN_COVERAGE_ENC_YN,VARCHAR,False,False,Indicates whether the patient's encounter is expected to be covered by their VA coverage,Encounter / visit record,False,False
PAT_ENC_6,"This table supplements the PAT_ENC, PAT_ENC_2, PAT_ENC_3, PAT_ENC_4, and PAT_ENC_5 tables. It contains additional information related to patient encounters or appointments.",ADJUD_TO_PHARMACY_COVERAGE_YN,VARCHAR,False,False,Indicates whether we are adjudicating one or more of the medications administered to the patient to a pharmacy coverage. 'Y' indicates that medications will be adjudicated. 'N' or NULL indicate that no medications will be adjudicated to a pharmacy coverage.,Encounter / visit record,False,False
PAT_ENC_6,"This table supplements the PAT_ENC, PAT_ENC_2, PAT_ENC_3, PAT_ENC_4, and PAT_ENC_5 tables. It contains additional information related to patient encounters or appointments.",TLH_APRV_SUBLOC_C_NAME,VARCHAR,False,False,"This contains the latest approved patient sublocation for an encounter. Sublocations are considered approved if a patient is able to schedule a video visit in that sublocation, or if it is manually set by a staff member during or after scheduling.",Encounter / visit record,False,False
PAT_ENC_6,"This table supplements the PAT_ENC, PAT_ENC_2, PAT_ENC_3, PAT_ENC_4, and PAT_ENC_5 tables. It contains additional information related to patient encounters or appointments.",TLH_APRV_LOC_C_NAME,VARCHAR,False,False,"This contains the latest approved patient location for an encounter. Locations are considered approved if a patient is able to schedule a video visit in that location, or if it is manually set by a staff member during or after scheduling.",Encounter / visit record,False,False
PAT_ENC_6,"This table supplements the PAT_ENC, PAT_ENC_2, PAT_ENC_3, PAT_ENC_4, and PAT_ENC_5 tables. It contains additional information related to patient encounters or appointments.",ENC_CLOSE_UTC_DTTM,DATETIME (UTC),False,False,The instant the visit was closed,Encounter / visit record,False,False
PAT_ENC_6,"This table supplements the PAT_ENC, PAT_ENC_2, PAT_ENC_3, PAT_ENC_4, and PAT_ENC_5 tables. It contains additional information related to patient encounters or appointments.",SPLIT_FILING_ORDER_YN,VARCHAR,False,False,"Indicates whether we are planning to use a separate filing order to bill pumps, per diems, kit codes, and supplies to a medical account for a Med Access investigation. 'Y' indicates that a separate filing order will be created. 'N' or NULL indicate that only one filing order will be used.",Encounter / visit record,False,False
PAT_ENC_7,"This table supplements the PAT_ENC, PAT_ENC_2, PAT_ENC_3, PAT_ENC_4, PAT_ENC_5, and PAT_ENC_6 tables. It contains additional information related to patient encounters or appointments.",PAT_ENC_CSN_ID,NUMERIC,False,False,"The unique contact serial number for this contact. This number is unique across all patient encounters in your system. If you use IntraConnect, this is the Unique Contact Identifier (UCI).",Encounter / visit record,False,True
PAT_ENC_7,"This table supplements the PAT_ENC, PAT_ENC_2, PAT_ENC_3, PAT_ENC_4, PAT_ENC_5, and PAT_ENC_6 tables. It contains additional information related to patient encounters or appointments.",PAT_ENC_DATE_REAL,FLOAT,False,False,"A unique contact date in decimal format. The integer portion of the number indicates the date of contact. The digits after the decimal distinguish different contacts on the same date and are unique for each contact on that date. For example, .00 is the first/only contact, .01 is the second contact, etc.",Encounter / visit record,False,False
PAT_ENC_7,"This table supplements the PAT_ENC, PAT_ENC_2, PAT_ENC_3, PAT_ENC_4, PAT_ENC_5, and PAT_ENC_6 tables. It contains additional information related to patient encounters or appointments.",CONTACT_DATE,DATETIME,False,False,The date of this contact in calendar format.,Encounter / visit record,True,False
PAT_ENC_7,"This table supplements the PAT_ENC, PAT_ENC_2, PAT_ENC_3, PAT_ENC_4, PAT_ENC_5, and PAT_ENC_6 tables. It contains additional information related to patient encounters or appointments.",NOTIFY_REP_ADMSN_C_NAME,VARCHAR,False,False,Indicates whether a patient wants to have a family member or representative notified of their admission.,Encounter / visit record,False,False
PAT_ENC_7,"This table supplements the PAT_ENC, PAT_ENC_2, PAT_ENC_3, PAT_ENC_4, PAT_ENC_5, and PAT_ENC_6 tables. It contains additional information related to patient encounters or appointments.",REP_NOTIFIED_C_NAME,VARCHAR,True,False,Indicates whether a patient's family or representative is notified of their admission.,Encounter / visit record,False,False
PAT_ENC_7,"This table supplements the PAT_ENC, PAT_ENC_2, PAT_ENC_3, PAT_ENC_4, PAT_ENC_5, and PAT_ENC_6 tables. It contains additional information related to patient encounters or appointments.",NOTIFY_REP_COMMENTS,VARCHAR,False,False,Information about notifying a patient's family or representative of their admission.,Encounter / visit record,False,False
PAT_ENC_7,"This table supplements the PAT_ENC, PAT_ENC_2, PAT_ENC_3, PAT_ENC_4, PAT_ENC_5, and PAT_ENC_6 tables. It contains additional information related to patient encounters or appointments.",NOTIFY_PCP_ADMSN_C_NAME,VARCHAR,False,False,Indicates whether a patient wants to have their PCP notified of their admission.,Encounter / visit record,False,False
PAT_ENC_7,"This table supplements the PAT_ENC, PAT_ENC_2, PAT_ENC_3, PAT_ENC_4, PAT_ENC_5, and PAT_ENC_6 tables. It contains additional information related to patient encounters or appointments.",PCP_NOTIFIED_C_NAME,VARCHAR,True,False,Contains if/how the patient's PCP/Care Team has been notified of the patient's admission. The relevant Epic configuration setup in the event notification configuration record determines whether this item refers to the PCP or to the Care Team.,Encounter / visit record,False,False
PAT_ENC_7,"This table supplements the PAT_ENC, PAT_ENC_2, PAT_ENC_3, PAT_ENC_4, PAT_ENC_5, and PAT_ENC_6 tables. It contains additional information related to patient encounters or appointments.",NOTIFY_PCP_COMMENTS,VARCHAR,False,False,Information about notifying a patient's PCP of their admission.,Encounter / visit record,False,False
PAT_ENC_7,"This table supplements the PAT_ENC, PAT_ENC_2, PAT_ENC_3, PAT_ENC_4, PAT_ENC_5, and PAT_ENC_6 tables. It contains additional information related to patient encounters or appointments.",ROC_PLANNING_PAT_ENC_CSN_ID,NUMERIC,False,False,Stores the unique contact serial number of the resumption of care planning contact linked to this contact,Encounter / visit record,False,False
PAT_ENC_7,"This table supplements the PAT_ENC, PAT_ENC_2, PAT_ENC_3, PAT_ENC_4, PAT_ENC_5, and PAT_ENC_6 tables. It contains additional information related to patient encounters or appointments.",NUM_PREV_EPSD_C_NAME,VARCHAR,False,False,Stores the number of previous consecutive episodes category ID for the patient,Encounter / visit record,False,False
PAT_ENC_7,"This table supplements the PAT_ENC, PAT_ENC_2, PAT_ENC_3, PAT_ENC_4, PAT_ENC_5, and PAT_ENC_6 tables. It contains additional information related to patient encounters or appointments.",SPEC_ORD_RSLT_NOT_AUTO_RLS_YN,VARCHAR,False,False,It stores whether the order results of all the specimen orders created in the Specimens navigator section are automatically released to MyChart.,Encounter / visit record,False,False
PAT_ENC_7,"This table supplements the PAT_ENC, PAT_ENC_2, PAT_ENC_3, PAT_ENC_4, PAT_ENC_5, and PAT_ENC_6 tables. It contains additional information related to patient encounters or appointments.",RECENTLY_AT_SCHOOL_C_NAME,VARCHAR,True,False,Whether the patient has recently been physically present at the school they work at or attend,Encounter / visit record,False,False
PAT_ENC_7,"This table supplements the PAT_ENC, PAT_ENC_2, PAT_ENC_3, PAT_ENC_4, PAT_ENC_5, and PAT_ENC_6 tables. It contains additional information related to patient encounters or appointments.",LMP_COMMENT,VARCHAR,False,False,Free-text comments about the last menstrual period,Encounter / visit record,False,False
PAT_ENC_7,"This table supplements the PAT_ENC, PAT_ENC_2, PAT_ENC_3, PAT_ENC_4, PAT_ENC_5, and PAT_ENC_6 tables. It contains additional information related to patient encounters or appointments.",CONTACT_NUM,INTEGER,False,False,The system-assigned number used to uniquely identify each of a given patient's encounters.,Encounter / visit record,False,False
PAT_ENC_7,"This table supplements the PAT_ENC, PAT_ENC_2, PAT_ENC_3, PAT_ENC_4, PAT_ENC_5, and PAT_ENC_6 tables. It contains additional information related to patient encounters or appointments.",ABN_REQUIRED_YN,VARCHAR,False,False,Indicates whether an ABN required for this patient encounter.,Encounter / visit record,False,False
PAT_ENC_7,"This table supplements the PAT_ENC, PAT_ENC_2, PAT_ENC_3, PAT_ENC_4, PAT_ENC_5, and PAT_ENC_6 tables. It contains additional information related to patient encounters or appointments.",IS_ABN_SIGNED_C_NAME,VARCHAR,True,False,Indicates whether the ABN has been signed for this encounter.,Encounter / visit record,False,False
PAT_ENC_7,"This table supplements the PAT_ENC, PAT_ENC_2, PAT_ENC_3, PAT_ENC_4, PAT_ENC_5, and PAT_ENC_6 tables. It contains additional information related to patient encounters or appointments.",MSP_IS_MEDICARE_HMO_C_NAME,VARCHAR,True,False,Indicates whether the patient is covered by a Medicare HMO for this encounter. Used for MSPQ.,Encounter / visit record,False,False
PAT_ENC_7,"This table supplements the PAT_ENC, PAT_ENC_2, PAT_ENC_3, PAT_ENC_4, PAT_ENC_5, and PAT_ENC_6 tables. It contains additional information related to patient encounters or appointments.",REG_COMMENTS_DATE,DATETIME,False,False,The date corresponding to the comment in PAT_ENC_REG_CMT table for this encounter.,Encounter / visit record,True,False
PAT_ENC_7,"This table supplements the PAT_ENC, PAT_ENC_2, PAT_ENC_3, PAT_ENC_4, PAT_ENC_5, and PAT_ENC_6 tables. It contains additional information related to patient encounters or appointments.",AUTO_MSG_DISABLED_YN,VARCHAR,False,False,Whether messages that are automatically sent to a patient's companions should be disabled.,Encounter / visit record,False,False
PAT_ENC_7,"This table supplements the PAT_ENC, PAT_ENC_2, PAT_ENC_3, PAT_ENC_4, PAT_ENC_5, and PAT_ENC_6 tables. It contains additional information related to patient encounters or appointments.",DONT_AUTO_LINK_YN,VARCHAR,False,False,Whether auto-linking should be disabled for a given encounter.,Encounter / visit record,False,False
PAT_ENC_7,"This table supplements the PAT_ENC, PAT_ENC_2, PAT_ENC_3, PAT_ENC_4, PAT_ENC_5, and PAT_ENC_6 tables. It contains additional information related to patient encounters or appointments.",RSN_FOR_NO_INC_MSG_C_NAME,VARCHAR,False,False,The reason for no inc. message Category ID for the patient encounter. Indicates the reason there is no incomplete message to send for the encounter.,Encounter / visit record,False,False
PAT_ENC_7,"This table supplements the PAT_ENC, PAT_ENC_2, PAT_ENC_3, PAT_ENC_4, PAT_ENC_5, and PAT_ENC_6 tables. It contains additional information related to patient encounters or appointments.",HAS_HORMONE_DATA_YN,VARCHAR,False,False,Whether the hormone history information is present on the given encounter.,Encounter / visit record,False,False
PAT_ENC_7,"This table supplements the PAT_ENC, PAT_ENC_2, PAT_ENC_3, PAT_ENC_4, PAT_ENC_5, and PAT_ENC_6 tables. It contains additional information related to patient encounters or appointments.",MEDS_REQUEST_LWS_ID_WORKSTATION_NAME,VARCHAR,False,False,This is the internal workstation name.,Encounter / visit record,False,False
PAT_ENC_7,"This table supplements the PAT_ENC, PAT_ENC_2, PAT_ENC_3, PAT_ENC_4, PAT_ENC_5, and PAT_ENC_6 tables. It contains additional information related to patient encounters or appointments.",EVISIT_SUBMITTED_DTTM,DATETIME (Local),False,False,"The instant in system local time at which the patient submitted the E-Visit. If conversion 888449 has not completed, this column might not have data for some submitted E-Visits. Consider using V_PAT_ENC_EVISIT.EVISIT_SUBMITTED_DTTM instead, which will always have a submission time for all submitted E-Visits. Talk to your operational database administrator or Epic representative to determine whether the conversion has finished.",Encounter / visit record,False,False
PAT_ENC_7,"This table supplements the PAT_ENC, PAT_ENC_2, PAT_ENC_3, PAT_ENC_4, PAT_ENC_5, and PAT_ENC_6 tables. It contains additional information related to patient encounters or appointments.",EVISIT_TURNAROUND_IN_MINUTES,INTEGER,False,False,"The amount of time, in minutes, between when a patient submitted the E-Visit and when a provider signed the encounter. If the encounter is not an E-Visit, or if the E-Visit was not both submitted and signed, then this column will be NULL.",Encounter / visit record,False,False
PAT_ENC_7,"This table supplements the PAT_ENC, PAT_ENC_2, PAT_ENC_3, PAT_ENC_4, PAT_ENC_5, and PAT_ENC_6 tables. It contains additional information related to patient encounters or appointments.",PREGNANCY_INTENTION_C_NAME,VARCHAR,True,False,The patient's stated willingness to initiate a pregnancy within the subsequent year,Encounter / visit record,False,False
PAT_ENC_7,"This table supplements the PAT_ENC, PAT_ENC_2, PAT_ENC_3, PAT_ENC_4, PAT_ENC_5, and PAT_ENC_6 tables. It contains additional information related to patient encounters or appointments.",PREGNANCY_COUNSELED_YN,VARCHAR,False,False,Whether the patient received counselling on how to achieve pregnancy,Encounter / visit record,False,False
PAT_ENC_7,"This table supplements the PAT_ENC, PAT_ENC_2, PAT_ENC_3, PAT_ENC_4, PAT_ENC_5, and PAT_ENC_6 tables. It contains additional information related to patient encounters or appointments.",BIRTH_CONTROL_COUNSELED_YN,VARCHAR,False,False,Whether the patient wanted to discuss pregnancy prevention,Encounter / visit record,False,False
PAT_ENC_7,"This table supplements the PAT_ENC, PAT_ENC_2, PAT_ENC_3, PAT_ENC_4, PAT_ENC_5, and PAT_ENC_6 tables. It contains additional information related to patient encounters or appointments.",RSN_NO_BCM_COUNSELING_C_NAME,VARCHAR,True,False,The reason why the patient did not want to discuss pregnancy prevention,Encounter / visit record,False,False
PAT_ENC_7,"This table supplements the PAT_ENC, PAT_ENC_2, PAT_ENC_3, PAT_ENC_4, PAT_ENC_5, and PAT_ENC_6 tables. It contains additional information related to patient encounters or appointments.",INTAKE_RSN_NO_CONTRACEPTIVE_C_NAME,VARCHAR,True,False,The reason the patient has not been using contraceptives as of the start of the encounter,Encounter / visit record,False,False
PAT_ENC_7,"This table supplements the PAT_ENC, PAT_ENC_2, PAT_ENC_3, PAT_ENC_4, PAT_ENC_5, and PAT_ENC_6 tables. It contains additional information related to patient encounters or appointments.",CONTRACEPTIVE_DELIVERY_C_NAME,VARCHAR,True,False,The method used to deliver or implement agreed contraceptives,Encounter / visit record,False,False
PAT_ENC_7,"This table supplements the PAT_ENC, PAT_ENC_2, PAT_ENC_3, PAT_ENC_4, PAT_ENC_5, and PAT_ENC_6 tables. It contains additional information related to patient encounters or appointments.",EXIT_RSN_NO_CONTRACEPTIVE_C_NAME,VARCHAR,False,False,The reason for not agreeing during the encounter to implement contraceptives,Encounter / visit record,False,False
PAT_ENC_7,"This table supplements the PAT_ENC, PAT_ENC_2, PAT_ENC_3, PAT_ENC_4, PAT_ENC_5, and PAT_ENC_6 tables. It contains additional information related to patient encounters or appointments.",IS_VAP_DECLINED_YN,VARCHAR,False,False,Indicates whether this Visit Auto Pay proposal has been declined or not. This is when a hyperspace user indicates that the patient has declined Visit Auto Pay.,Encounter / visit record,False,False
PAT_ENC_7,"This table supplements the PAT_ENC, PAT_ENC_2, PAT_ENC_3, PAT_ENC_4, PAT_ENC_5, and PAT_ENC_6 tables. It contains additional information related to patient encounters or appointments.",EPISODE_UPDATE_EFF_DATE,DATETIME,False,False,The date when the information in this episode update encounter will start being used.,Encounter / visit record,True,False
PAT_ENC_7,"This table supplements the PAT_ENC, PAT_ENC_2, PAT_ENC_3, PAT_ENC_4, PAT_ENC_5, and PAT_ENC_6 tables. It contains additional information related to patient encounters or appointments.",EPISODE_UPD_CREAT_RSN_C_NAME,VARCHAR,True,False,The category ID for the reason the episode update encounter was created.,Encounter / visit record,False,False
PAT_ENC_7,"This table supplements the PAT_ENC, PAT_ENC_2, PAT_ENC_3, PAT_ENC_4, PAT_ENC_5, and PAT_ENC_6 tables. It contains additional information related to patient encounters or appointments.",VISIT_MSG_DECLINE_YN,VARCHAR,False,False,Whether the patient has declined visit messaging for this encounter.,Encounter / visit record,False,False
PAT_ENC_7,"This table supplements the PAT_ENC, PAT_ENC_2, PAT_ENC_3, PAT_ENC_4, PAT_ENC_5, and PAT_ENC_6 tables. It contains additional information related to patient encounters or appointments.",BILL_FOR_DENIAL_YN,VARCHAR,False,False,The category ID for the decision on if Medicare should be billed for denial for this encounter.,Encounter / visit record,False,False
PAT_ENC_8,"This table supplements the PAT_ENC, PAT_ENC_2, PAT_ENC_3, PAT_ENC_4, PAT_ENC_5, PAT_ENC_6, and PAT_ENC_7 tables. It contains additional information related to patient encounters or appointments.",PAT_ENC_CSN_ID,NUMERIC,False,False,"The unique contact serial number for this contact. This number is unique across all patient encounters in your system. If you use IntraConnect, this is the Unique Contact Identifier (UCI).",Encounter / visit record,False,True
PAT_ENC_8,"This table supplements the PAT_ENC, PAT_ENC_2, PAT_ENC_3, PAT_ENC_4, PAT_ENC_5, PAT_ENC_6, and PAT_ENC_7 tables. It contains additional information related to patient encounters or appointments.",PAT_ID,VARCHAR,False,False,The unique ID of the patient record for this row. This column is frequently used to link to the PATIENT table.,Encounter / visit record,False,False
PAT_ENC_8,"This table supplements the PAT_ENC, PAT_ENC_2, PAT_ENC_3, PAT_ENC_4, PAT_ENC_5, PAT_ENC_6, and PAT_ENC_7 tables. It contains additional information related to patient encounters or appointments.",CONTACT_DATE,DATETIME,False,False,The date of this contact in calendar format.,Encounter / visit record,True,False
PAT_ENC_8,"This table supplements the PAT_ENC, PAT_ENC_2, PAT_ENC_3, PAT_ENC_4, PAT_ENC_5, PAT_ENC_6, and PAT_ENC_7 tables. It contains additional information related to patient encounters or appointments.",CM_CT_OWNER_ID,VARCHAR,False,False,The Community ID (CID) of the instance that owns this contact. This is only populated if you use IntraConnect.,Encounter / visit record,False,False
PAT_ENC_8,"This table supplements the PAT_ENC, PAT_ENC_2, PAT_ENC_3, PAT_ENC_4, PAT_ENC_5, PAT_ENC_6, and PAT_ENC_7 tables. It contains additional information related to patient encounters or appointments.",EST_PREPAY_CALC_PP_PROPOSED_YN,VARCHAR,False,False,Indicates whether the patient was offered an estimated payment plan for this visit ('Y'). 'N' or NULL indicates that the patient was not offered an estimated payment plan for this visit.,Encounter / visit record,False,False
PAT_ENC_8,"This table supplements the PAT_ENC, PAT_ENC_2, PAT_ENC_3, PAT_ENC_4, PAT_ENC_5, PAT_ENC_6, and PAT_ENC_7 tables. It contains additional information related to patient encounters or appointments.",EST_PREPAY_CALC_ELIG_C_NAME,VARCHAR,False,False,The eligibility for remaining balances category ID for the payment plan associated with this visit.,Encounter / visit record,False,False
PAT_ENC_8,"This table supplements the PAT_ENC, PAT_ENC_2, PAT_ENC_3, PAT_ENC_4, PAT_ENC_5, PAT_ENC_6, and PAT_ENC_7 tables. It contains additional information related to patient encounters or appointments.",PMT_PLAN_AGRMT_SCHED_PMT_ID,NUMERIC,False,False,The unique ID of the payment plan agreement created from this visit's pre-service sign up.,Encounter / visit record,False,False
PAT_ENC_8,"This table supplements the PAT_ENC, PAT_ENC_2, PAT_ENC_3, PAT_ENC_4, PAT_ENC_5, PAT_ENC_6, and PAT_ENC_7 tables. It contains additional information related to patient encounters or appointments.",RSLT_FOL_UP_CREAT_SRC_C_NAME,VARCHAR,False,False,Contains the source workflow which created the Results Follow-Up encounter.,Encounter / visit record,False,False
PAT_ENC_8,"This table supplements the PAT_ENC, PAT_ENC_2, PAT_ENC_3, PAT_ENC_4, PAT_ENC_5, PAT_ENC_6, and PAT_ENC_7 tables. It contains additional information related to patient encounters or appointments.",BILL_DECIS_FIN_ASST_TRACKER_ID,NUMERIC,False,False,The ID of the decision for which this encounter is used to generate charges. This is set only by an automated process that requires the decision service grid to function.,Encounter / visit record,False,False
PAT_ENC_8,"This table supplements the PAT_ENC, PAT_ENC_2, PAT_ENC_3, PAT_ENC_4, PAT_ENC_5, PAT_ENC_6, and PAT_ENC_7 tables. It contains additional information related to patient encounters or appointments.",NO_FOLLOW_UP_YN,VARCHAR,False,False,This indicates whether no follow-ups are needed for a visit.,Encounter / visit record,False,False
PAT_ENC_8,"This table supplements the PAT_ENC, PAT_ENC_2, PAT_ENC_3, PAT_ENC_4, PAT_ENC_5, PAT_ENC_6, and PAT_ENC_7 tables. It contains additional information related to patient encounters or appointments.",MCAID_INCARCERATION_BILL_CODE,VARCHAR,False,False,A code that indicates the encounter is billable to Medicaid due to a state-specific program for reimbursing care offered to incarcerated patients.,Encounter / visit record,False,False
PAT_ENC_8,"This table supplements the PAT_ENC, PAT_ENC_2, PAT_ENC_3, PAT_ENC_4, PAT_ENC_5, PAT_ENC_6, and PAT_ENC_7 tables. It contains additional information related to patient encounters or appointments.",MCAID_INCAR_BILL_START_DATE,DATETIME,False,False,The earliest date associated with this encounter that Medicaid is billable due to a state-specific program for reimbursing care offered to incarcerated patients.,Encounter / visit record,True,False
PAT_ENC_8,"This table supplements the PAT_ENC, PAT_ENC_2, PAT_ENC_3, PAT_ENC_4, PAT_ENC_5, PAT_ENC_6, and PAT_ENC_7 tables. It contains additional information related to patient encounters or appointments.",MEDICARE_CHANGE_C_NAME,VARCHAR,False,False,"Question on the MSPQ RTE Integration version of the MSPQ. The question asks if there has been a change in Medicare entitlement. The three possible answers are Yes, No, and Could Not Answer.",Encounter / visit record,False,False
PAT_ENC_8,"This table supplements the PAT_ENC, PAT_ENC_2, PAT_ENC_3, PAT_ENC_4, PAT_ENC_5, PAT_ENC_6, and PAT_ENC_7 tables. It contains additional information related to patient encounters or appointments.",MSP_RTE_VERI_STAT_C_NAME,VARCHAR,False,False,"The verification status for MSPQ RTE Integration. If the user manually completes the full MSPQ, this status is set to one that starts with ""User Filled Out"" based on the reason manual completion was required. Otherwise, it's set to the outcome of comparing eligibility messages from Medicare to determine if the MSPQ for this encounter can be shortened by reusing information from one of the patient's previous MSPQs.",Encounter / visit record,False,False
PAT_ENC_8,"This table supplements the PAT_ENC, PAT_ENC_2, PAT_ENC_3, PAT_ENC_4, PAT_ENC_5, PAT_ENC_6, and PAT_ENC_7 tables. It contains additional information related to patient encounters or appointments.",MSP_COMP_REALTIME_TX_CSN_ID,NUMERIC,False,False,"The unique RTE contact serial number of the 271 Eligibility Response associated with the encounter's date of service, compared with prior responses for MSPQ RTE Integration.",Encounter / visit record,False,False
PAT_ENC_8,"This table supplements the PAT_ENC, PAT_ENC_2, PAT_ENC_3, PAT_ENC_4, PAT_ENC_5, PAT_ENC_6, and PAT_ENC_7 tables. It contains additional information related to patient encounters or appointments.",MSP_RTE_COMP_PAT_ENC_CSN_ID,NUMERIC,False,False,The unique contact serial number (CSN) of the encounter being used for RTE message comparison for MSPQ RTE Integration.,Encounter / visit record,False,False
PAT_ENC_8,"This table supplements the PAT_ENC, PAT_ENC_2, PAT_ENC_3, PAT_ENC_4, PAT_ENC_5, PAT_ENC_6, and PAT_ENC_7 tables. It contains additional information related to patient encounters or appointments.",TAKING_PULL_REJECTED_YN,VARCHAR,False,False,"Indicates whether a user has clicked the ""Clear Selections"" button to dismiss suggested medication taking values from the current encounter.",Encounter / visit record,False,False
PAT_ENC_8,"This table supplements the PAT_ENC, PAT_ENC_2, PAT_ENC_3, PAT_ENC_4, PAT_ENC_5, PAT_ENC_6, and PAT_ENC_7 tables. It contains additional information related to patient encounters or appointments.",HOSP_SERV_C_NAME,VARCHAR,True,False,The category value corresponding to the hospital service for this patient contact.,Encounter / visit record,False,False
PAT_ENC_8,"This table supplements the PAT_ENC, PAT_ENC_2, PAT_ENC_3, PAT_ENC_4, PAT_ENC_5, PAT_ENC_6, and PAT_ENC_7 tables. It contains additional information related to patient encounters or appointments.",LEVEL_OF_CARE_C_NAME,VARCHAR,True,False,The category value corresponding to the level of care for this patient contact.,Encounter / visit record,False,False
PAT_ENC_8,"This table supplements the PAT_ENC, PAT_ENC_2, PAT_ENC_3, PAT_ENC_4, PAT_ENC_5, PAT_ENC_6, and PAT_ENC_7 tables. It contains additional information related to patient encounters or appointments.",ACCOMMODATION_C_NAME,VARCHAR,True,False,The category value corresponding to the room accommodation for this patient contact.,Encounter / visit record,False,False
PAT_ENC_8,"This table supplements the PAT_ENC, PAT_ENC_2, PAT_ENC_3, PAT_ENC_4, PAT_ENC_5, PAT_ENC_6, and PAT_ENC_7 tables. It contains additional information related to patient encounters or appointments.",ACCOM_REASON_C_NAME,VARCHAR,True,False,The category value corresponding to the reason for the room accommodation for this patient contact.,Encounter / visit record,False,False
PAT_ENC_8,"This table supplements the PAT_ENC, PAT_ENC_2, PAT_ENC_3, PAT_ENC_4, PAT_ENC_5, PAT_ENC_6, and PAT_ENC_7 tables. It contains additional information related to patient encounters or appointments.",APPT_NEEDS_BED_C_NAME,VARCHAR,False,False,Indicates whether the appointment needs bed utilization.,Encounter / visit record,False,False
PAT_ENC_8,"This table supplements the PAT_ENC, PAT_ENC_2, PAT_ENC_3, PAT_ENC_4, PAT_ENC_5, PAT_ENC_6, and PAT_ENC_7 tables. It contains additional information related to patient encounters or appointments.",APPT_BED_PREDEPT_ID_EXTERNAL_NAME,VARCHAR,False,False,The external name of the department record. This is often used in patient correspondence such as reminder letters.,Encounter / visit record,False,False
PAT_ENC_8,"This table supplements the PAT_ENC, PAT_ENC_2, PAT_ENC_3, PAT_ENC_4, PAT_ENC_5, PAT_ENC_6, and PAT_ENC_7 tables. It contains additional information related to patient encounters or appointments.",APPT_BED_HOSP_SERV_C_NAME,VARCHAR,False,False,"For an appointment that needs bed utilization, the hospital service where the bed is needed.",Encounter / visit record,False,False
PAT_ENC_8,"This table supplements the PAT_ENC, PAT_ENC_2, PAT_ENC_3, PAT_ENC_4, PAT_ENC_5, PAT_ENC_6, and PAT_ENC_7 tables. It contains additional information related to patient encounters or appointments.",APPT_BED_POST_LEVEL_OF_CARE_C_NAME,VARCHAR,False,False,"For an appointment that needs bed utilization, the level of care where the bed is needed.",Encounter / visit record,False,False
PAT_ENC_8,"This table supplements the PAT_ENC, PAT_ENC_2, PAT_ENC_3, PAT_ENC_4, PAT_ENC_5, PAT_ENC_6, and PAT_ENC_7 tables. It contains additional information related to patient encounters or appointments.",APPT_BED_CMT_S,VARCHAR,False,False,The comments associated with an appointment's bed utilization needs.,Encounter / visit record,False,False
PAT_ENC_8,"This table supplements the PAT_ENC, PAT_ENC_2, PAT_ENC_3, PAT_ENC_4, PAT_ENC_5, PAT_ENC_6, and PAT_ENC_7 tables. It contains additional information related to patient encounters or appointments.",SEPARATED_GROUP_YN,VARCHAR,False,False,"For group appointments, indicates whether the appointment was scheduled with the patients separated.",Encounter / visit record,False,False
PAT_ENC_APPT,"The PAT_ENC_APPT table contains basic information about the appointment records in your system. Since one patient encounter can be an appointment with multiple providers and resources (joint appointment), the primary key of this table comprises PAT_ENC_CSN_ID, and LINE in which LINE is used to identify each provider within the appointment.",PAT_ENC_CSN_ID,NUMERIC,False,False,The unique serial number for this encounter. This number is unique across all patients and encounters in the system.,Appointment / scheduling status,False,True
PAT_ENC_APPT,"The PAT_ENC_APPT table contains basic information about the appointment records in your system. Since one patient encounter can be an appointment with multiple providers and resources (joint appointment), the primary key of this table comprises PAT_ENC_CSN_ID, and LINE in which LINE is used to identify each provider within the appointment.",LINE,INTEGER,False,False,Used to identify the provider within one appointment.,Appointment / scheduling status,False,True
PAT_ENC_APPT,"The PAT_ENC_APPT table contains basic information about the appointment records in your system. Since one patient encounter can be an appointment with multiple providers and resources (joint appointment), the primary key of this table comprises PAT_ENC_CSN_ID, and LINE in which LINE is used to identify each provider within the appointment.",CONTACT_DATE,DATETIME,False,False,The date on which the encounter took place.,Appointment / scheduling status,True,False
PAT_ENC_APPT,"The PAT_ENC_APPT table contains basic information about the appointment records in your system. Since one patient encounter can be an appointment with multiple providers and resources (joint appointment), the primary key of this table comprises PAT_ENC_CSN_ID, and LINE in which LINE is used to identify each provider within the appointment.",DEPARTMENT_ID_EXTERNAL_NAME,VARCHAR,False,False,The external name of the department record. This is often used in patient correspondence such as reminder letters.,Appointment / scheduling status,False,False
PAT_ENC_APPT,"The PAT_ENC_APPT table contains basic information about the appointment records in your system. Since one patient encounter can be an appointment with multiple providers and resources (joint appointment), the primary key of this table comprises PAT_ENC_CSN_ID, and LINE in which LINE is used to identify each provider within the appointment.",PROV_START_TIME,DATETIME (Local),False,False,"The date and time that the appointment is scheduled to begin with this provider, such as 01/10/2000 14:45.",Appointment / scheduling status,False,False
PAT_ENC_APPT,"The PAT_ENC_APPT table contains basic information about the appointment records in your system. Since one patient encounter can be an appointment with multiple providers and resources (joint appointment), the primary key of this table comprises PAT_ENC_CSN_ID, and LINE in which LINE is used to identify each provider within the appointment.",APPT_PROV_PRIMARY_SPECIALTY_C_NAME,VARCHAR,True,False,The provider's primary specialty for this appointment,Appointment / scheduling status,False,False
PAT_ENC_HSP,"This table is the primary table for hospital encounter information. A hospital encounter is a contact in the patient record created through an ADT workflow such as preadmission, admission, ED Arrival, discharge, and hospital outpatient visit (HOV) contacts. These contact types have the ADT flag (I EPT 10101) set to 1. This table excludes all other contacts.",PAT_ENC_CSN_ID,NUMERIC,False,False,"The unique contact serial number for this contact. This number is unique across all patient encounters in your system. If you use IntraConnect, this is the Unique Contact Identifier (UCI).",Encounter / visit record,False,True
PAT_ENC_HSP,"This table is the primary table for hospital encounter information. A hospital encounter is a contact in the patient record created through an ADT workflow such as preadmission, admission, ED Arrival, discharge, and hospital outpatient visit (HOV) contacts. These contact types have the ADT flag (I EPT 10101) set to 1. This table excludes all other contacts.",ADT_PAT_CLASS_C_NAME,VARCHAR,True,False,The category value corresponding to the patient classification for this patient contact.,Encounter / visit record,False,False
PAT_ENC_HSP,"This table is the primary table for hospital encounter information. A hospital encounter is a contact in the patient record created through an ADT workflow such as preadmission, admission, ED Arrival, discharge, and hospital outpatient visit (HOV) contacts. These contact types have the ADT flag (I EPT 10101) set to 1. This table excludes all other contacts.",ADT_PATIENT_STAT_C_NAME,VARCHAR,False,False,The category value corresponding to the patient status for this patient contact.,Encounter / visit record,False,False
PAT_ENC_HSP,"This table is the primary table for hospital encounter information. A hospital encounter is a contact in the patient record created through an ADT workflow such as preadmission, admission, ED Arrival, discharge, and hospital outpatient visit (HOV) contacts. These contact types have the ADT flag (I EPT 10101) set to 1. This table excludes all other contacts.",LEVEL_OF_CARE_C_NAME,VARCHAR,True,False,The category value corresponding to the level of care for this patient contact.,Encounter / visit record,False,False
PAT_ENC_HSP,"This table is the primary table for hospital encounter information. A hospital encounter is a contact in the patient record created through an ADT workflow such as preadmission, admission, ED Arrival, discharge, and hospital outpatient visit (HOV) contacts. These contact types have the ADT flag (I EPT 10101) set to 1. This table excludes all other contacts.",PENDING_DISCH_TIME,DATETIME (Local),False,False,The date and time of the pending discharge for this patient contact.,Encounter / visit record,False,False
PAT_ENC_HSP,"This table is the primary table for hospital encounter information. A hospital encounter is a contact in the patient record created through an ADT workflow such as preadmission, admission, ED Arrival, discharge, and hospital outpatient visit (HOV) contacts. These contact types have the ADT flag (I EPT 10101) set to 1. This table excludes all other contacts.",DISCH_CODE_C_NAME,VARCHAR,True,False,The category value corresponding to the discharge code for this patient contact.,Encounter / visit record,False,False
PAT_ENC_HSP,"This table is the primary table for hospital encounter information. A hospital encounter is a contact in the patient record created through an ADT workflow such as preadmission, admission, ED Arrival, discharge, and hospital outpatient visit (HOV) contacts. These contact types have the ADT flag (I EPT 10101) set to 1. This table excludes all other contacts.",ADT_ATHCRT_STAT_C_NAME,VARCHAR,True,False,The category value corresponding to the authorization/certification status for this patient contact.,Encounter / visit record,False,False
PAT_ENC_HSP,"This table is the primary table for hospital encounter information. A hospital encounter is a contact in the patient record created through an ADT workflow such as preadmission, admission, ED Arrival, discharge, and hospital outpatient visit (HOV) contacts. These contact types have the ADT flag (I EPT 10101) set to 1. This table excludes all other contacts.",PREADM_UNDO_RSN_C_NAME,VARCHAR,True,False,The category value corresponding to the preadmission undo reason for this patient contact.,Encounter / visit record,False,False
PAT_ENC_HSP,"This table is the primary table for hospital encounter information. A hospital encounter is a contact in the patient record created through an ADT workflow such as preadmission, admission, ED Arrival, discharge, and hospital outpatient visit (HOV) contacts. These contact types have the ADT flag (I EPT 10101) set to 1. This table excludes all other contacts.",EXP_ADMISSION_TIME,DATETIME (Local),False,False,The date and time of the expected admission for this patient contact.,Encounter / visit record,False,False
PAT_ENC_HSP,"This table is the primary table for hospital encounter information. A hospital encounter is a contact in the patient record created through an ADT workflow such as preadmission, admission, ED Arrival, discharge, and hospital outpatient visit (HOV) contacts. These contact types have the ADT flag (I EPT 10101) set to 1. This table excludes all other contacts.",EXP_LEN_OF_STAY,INTEGER,False,False,The expected length of stay in days of the admission for this patient contact.,Encounter / visit record,False,False
PAT_ENC_HSP,"This table is the primary table for hospital encounter information. A hospital encounter is a contact in the patient record created through an ADT workflow such as preadmission, admission, ED Arrival, discharge, and hospital outpatient visit (HOV) contacts. These contact types have the ADT flag (I EPT 10101) set to 1. This table excludes all other contacts.",EXP_DISCHARGE_DATE,DATETIME,False,False,The date of expected discharge of the admission for this patient contact.,Encounter / visit record,True,False
PAT_ENC_HSP,"This table is the primary table for hospital encounter information. A hospital encounter is a contact in the patient record created through an ADT workflow such as preadmission, admission, ED Arrival, discharge, and hospital outpatient visit (HOV) contacts. These contact types have the ADT flag (I EPT 10101) set to 1. This table excludes all other contacts.",ADMIT_CATEGORY_C_NAME,VARCHAR,True,False,The category value corresponding to the admission category for this patient contact.,Encounter / visit record,False,False
PAT_ENC_HSP,"This table is the primary table for hospital encounter information. A hospital encounter is a contact in the patient record created through an ADT workflow such as preadmission, admission, ED Arrival, discharge, and hospital outpatient visit (HOV) contacts. These contact types have the ADT flag (I EPT 10101) set to 1. This table excludes all other contacts.",ADMIT_SOURCE_C_NAME,VARCHAR,True,False,The category value corresponding to the admission source for this patient contact.,Encounter / visit record,False,False
PAT_ENC_HSP,"This table is the primary table for hospital encounter information. A hospital encounter is a contact in the patient record created through an ADT workflow such as preadmission, admission, ED Arrival, discharge, and hospital outpatient visit (HOV) contacts. These contact types have the ADT flag (I EPT 10101) set to 1. This table excludes all other contacts.",TYPE_OF_ROOM_C_NAME,VARCHAR,True,False,The category value corresponding to the type of room requested for this patient contact.,Encounter / visit record,False,False
PAT_ENC_HSP,"This table is the primary table for hospital encounter information. A hospital encounter is a contact in the patient record created through an ADT workflow such as preadmission, admission, ED Arrival, discharge, and hospital outpatient visit (HOV) contacts. These contact types have the ADT flag (I EPT 10101) set to 1. This table excludes all other contacts.",TYPE_OF_BED_C_NAME,VARCHAR,True,False,The category value corresponding to the type of bed requested for this patient contact.,Encounter / visit record,False,False
PAT_ENC_HSP,"This table is the primary table for hospital encounter information. A hospital encounter is a contact in the patient record created through an ADT workflow such as preadmission, admission, ED Arrival, discharge, and hospital outpatient visit (HOV) contacts. These contact types have the ADT flag (I EPT 10101) set to 1. This table excludes all other contacts.",RSN_FOR_BED_C_NAME,VARCHAR,True,False,The category value corresponding to the reason for the type of bed requested for this patient contact.,Encounter / visit record,False,False
PAT_ENC_HSP,"This table is the primary table for hospital encounter information. A hospital encounter is a contact in the patient record created through an ADT workflow such as preadmission, admission, ED Arrival, discharge, and hospital outpatient visit (HOV) contacts. These contact types have the ADT flag (I EPT 10101) set to 1. This table excludes all other contacts.",DELIVERY_TYPE_C_NAME,VARCHAR,True,False,The category value corresponding to the delivery type of the child for this patient contact.,Encounter / visit record,False,False
PAT_ENC_HSP,"This table is the primary table for hospital encounter information. A hospital encounter is a contact in the patient record created through an ADT workflow such as preadmission, admission, ED Arrival, discharge, and hospital outpatient visit (HOV) contacts. These contact types have the ADT flag (I EPT 10101) set to 1. This table excludes all other contacts.",LABOR_STATUS_C_NAME,VARCHAR,False,False,The category value corresponding to the labor status for this patient contact.,Encounter / visit record,False,False
PAT_ENC_HSP,"This table is the primary table for hospital encounter information. A hospital encounter is a contact in the patient record created through an ADT workflow such as preadmission, admission, ED Arrival, discharge, and hospital outpatient visit (HOV) contacts. These contact types have the ADT flag (I EPT 10101) set to 1. This table excludes all other contacts.",ER_INJURY,VARCHAR,False,False,Free text description of injury for this patient contact.,Encounter / visit record,False,False
PAT_ENC_HSP,"This table is the primary table for hospital encounter information. A hospital encounter is a contact in the patient record created through an ADT workflow such as preadmission, admission, ED Arrival, discharge, and hospital outpatient visit (HOV) contacts. These contact types have the ADT flag (I EPT 10101) set to 1. This table excludes all other contacts.",ADT_ARRIVAL_TIME,DATETIME (Local),False,False,The date and time of arrival for this patient contact.,Encounter / visit record,False,False
PAT_ENC_HSP,"This table is the primary table for hospital encounter information. A hospital encounter is a contact in the patient record created through an ADT workflow such as preadmission, admission, ED Arrival, discharge, and hospital outpatient visit (HOV) contacts. These contact types have the ADT flag (I EPT 10101) set to 1. This table excludes all other contacts.",ADT_ARRIVAL_STS_C_NAME,VARCHAR,True,False,The category value corresponding to the arrival status for this patient contact.,Encounter / visit record,False,False
PAT_ENC_HSP,"This table is the primary table for hospital encounter information. A hospital encounter is a contact in the patient record created through an ADT workflow such as preadmission, admission, ED Arrival, discharge, and hospital outpatient visit (HOV) contacts. These contact types have the ADT flag (I EPT 10101) set to 1. This table excludes all other contacts.",HOSP_ADMSN_TIME,DATETIME (Local),False,False,"The date and time that the patient was first admitted to the facility, bedded in the ED, or confirmed for an HOV for this contact, regardless of patient's base patient class.",Encounter / visit record,False,False
PAT_ENC_HSP,"This table is the primary table for hospital encounter information. A hospital encounter is a contact in the patient record created through an ADT workflow such as preadmission, admission, ED Arrival, discharge, and hospital outpatient visit (HOV) contacts. These contact types have the ADT flag (I EPT 10101) set to 1. This table excludes all other contacts.",ADMIT_CONF_STAT_C_NAME,VARCHAR,False,False,The category value corresponding to the (admission) confirmation status for this patient contact.,Encounter / visit record,False,False
PAT_ENC_HSP,"This table is the primary table for hospital encounter information. A hospital encounter is a contact in the patient record created through an ADT workflow such as preadmission, admission, ED Arrival, discharge, and hospital outpatient visit (HOV) contacts. These contact types have the ADT flag (I EPT 10101) set to 1. This table excludes all other contacts.",HOSP_DISCH_TIME,DATETIME (Local),False,False,The hospital discharge date and time for this patient contact.,Encounter / visit record,False,False
PAT_ENC_HSP,"This table is the primary table for hospital encounter information. A hospital encounter is a contact in the patient record created through an ADT workflow such as preadmission, admission, ED Arrival, discharge, and hospital outpatient visit (HOV) contacts. These contact types have the ADT flag (I EPT 10101) set to 1. This table excludes all other contacts.",HOSP_ADMSN_TYPE_C_NAME,VARCHAR,True,False,The category value corresponding to the admission type for the patient contact.,Encounter / visit record,False,False
PAT_ENC_HSP,"This table is the primary table for hospital encounter information. A hospital encounter is a contact in the patient record created through an ADT workflow such as preadmission, admission, ED Arrival, discharge, and hospital outpatient visit (HOV) contacts. These contact types have the ADT flag (I EPT 10101) set to 1. This table excludes all other contacts.",ROOM_ID_ROOM_NAME,VARCHAR,False,False,The name of the Room record.,Encounter / visit record,False,False
PAT_ENC_HSP,"This table is the primary table for hospital encounter information. A hospital encounter is a contact in the patient record created through an ADT workflow such as preadmission, admission, ED Arrival, discharge, and hospital outpatient visit (HOV) contacts. These contact types have the ADT flag (I EPT 10101) set to 1. This table excludes all other contacts.",HOSP_SERV_C_NAME,VARCHAR,True,False,The category value corresponding to the hospital service for this patient contact.,Encounter / visit record,False,False
PAT_ENC_HSP,"This table is the primary table for hospital encounter information. A hospital encounter is a contact in the patient record created through an ADT workflow such as preadmission, admission, ED Arrival, discharge, and hospital outpatient visit (HOV) contacts. These contact types have the ADT flag (I EPT 10101) set to 1. This table excludes all other contacts.",MEANS_OF_DEPART_C_NAME,VARCHAR,True,False,The category value corresponding to the means of departure of the patient for this patient contact.,Encounter / visit record,False,False
PAT_ENC_HSP,"This table is the primary table for hospital encounter information. A hospital encounter is a contact in the patient record created through an ADT workflow such as preadmission, admission, ED Arrival, discharge, and hospital outpatient visit (HOV) contacts. These contact types have the ADT flag (I EPT 10101) set to 1. This table excludes all other contacts.",DISCH_DISP_C_NAME,VARCHAR,True,False,The category value corresponding to the discharge disposition for this patient contact.,Encounter / visit record,False,False
PAT_ENC_HSP,"This table is the primary table for hospital encounter information. A hospital encounter is a contact in the patient record created through an ADT workflow such as preadmission, admission, ED Arrival, discharge, and hospital outpatient visit (HOV) contacts. These contact types have the ADT flag (I EPT 10101) set to 1. This table excludes all other contacts.",DISCH_DEST_C_NAME,VARCHAR,True,False,The category value corresponding to the discharge destination for this patient contact.,Encounter / visit record,False,False
PAT_ENC_HSP,"This table is the primary table for hospital encounter information. A hospital encounter is a contact in the patient record created through an ADT workflow such as preadmission, admission, ED Arrival, discharge, and hospital outpatient visit (HOV) contacts. These contact types have the ADT flag (I EPT 10101) set to 1. This table excludes all other contacts.",TRANSFER_FROM_C_NAME,VARCHAR,True,False,The category value corresponding to the transfer from location for this patient contact.,Encounter / visit record,False,False
PAT_ENC_HSP,"This table is the primary table for hospital encounter information. A hospital encounter is a contact in the patient record created through an ADT workflow such as preadmission, admission, ED Arrival, discharge, and hospital outpatient visit (HOV) contacts. These contact types have the ADT flag (I EPT 10101) set to 1. This table excludes all other contacts.",MEANS_OF_ARRV_C_NAME,VARCHAR,True,False,The category value corresponding to the means of arrival of the patient for this patient contact.,Encounter / visit record,False,False
PAT_ENC_HSP,"This table is the primary table for hospital encounter information. A hospital encounter is a contact in the patient record created through an ADT workflow such as preadmission, admission, ED Arrival, discharge, and hospital outpatient visit (HOV) contacts. These contact types have the ADT flag (I EPT 10101) set to 1. This table excludes all other contacts.",ACUITY_LEVEL_C_NAME,VARCHAR,True,False,The category value corresponding to the acuity level for this patient contact.,Encounter / visit record,False,False
PAT_ENC_HSP,"This table is the primary table for hospital encounter information. A hospital encounter is a contact in the patient record created through an ADT workflow such as preadmission, admission, ED Arrival, discharge, and hospital outpatient visit (HOV) contacts. These contact types have the ADT flag (I EPT 10101) set to 1. This table excludes all other contacts.",HOSPIST_NEEDED_YN,VARCHAR,False,False,Indicates whether a hospitalist needs to be assigned to the patient for this contact.,Encounter / visit record,False,False
PAT_ENC_HSP,"This table is the primary table for hospital encounter information. A hospital encounter is a contact in the patient record created through an ADT workflow such as preadmission, admission, ED Arrival, discharge, and hospital outpatient visit (HOV) contacts. These contact types have the ADT flag (I EPT 10101) set to 1. This table excludes all other contacts.",ACCOMMODATION_C_NAME,VARCHAR,False,False,The category value corresponding to the room accommodation for this patient contact.,Encounter / visit record,False,False
PAT_ENC_HSP,"This table is the primary table for hospital encounter information. A hospital encounter is a contact in the patient record created through an ADT workflow such as preadmission, admission, ED Arrival, discharge, and hospital outpatient visit (HOV) contacts. These contact types have the ADT flag (I EPT 10101) set to 1. This table excludes all other contacts.",ACCOM_REASON_C_NAME,VARCHAR,True,False,The category value corresponding to the reason for the room accommodation for this patient contact.,Encounter / visit record,False,False
PAT_ENC_HSP,"This table is the primary table for hospital encounter information. A hospital encounter is a contact in the patient record created through an ADT workflow such as preadmission, admission, ED Arrival, discharge, and hospital outpatient visit (HOV) contacts. These contact types have the ADT flag (I EPT 10101) set to 1. This table excludes all other contacts.",INPATIENT_DATA_ID,VARCHAR,False,False,The unique ID of the Inpatient Data Store record.,Encounter / visit record,False,False
PAT_ENC_HSP,"This table is the primary table for hospital encounter information. A hospital encounter is a contact in the patient record created through an ADT workflow such as preadmission, admission, ED Arrival, discharge, and hospital outpatient visit (HOV) contacts. These contact types have the ADT flag (I EPT 10101) set to 1. This table excludes all other contacts.",PVT_HSP_ENC_C_NAME,VARCHAR,True,False,The category value corresponding to private encounter setting for this patient contact.,Encounter / visit record,False,False
PAT_ENC_HSP,"This table is the primary table for hospital encounter information. A hospital encounter is a contact in the patient record created through an ADT workflow such as preadmission, admission, ED Arrival, discharge, and hospital outpatient visit (HOV) contacts. These contact types have the ADT flag (I EPT 10101) set to 1. This table excludes all other contacts.",ED_EPISODE_ID,NUMERIC,False,False,The unique ID of the Inpatient episode record for the ED visit.,Encounter / visit record,False,False
PAT_ENC_HSP,"This table is the primary table for hospital encounter information. A hospital encounter is a contact in the patient record created through an ADT workflow such as preadmission, admission, ED Arrival, discharge, and hospital outpatient visit (HOV) contacts. These contact types have the ADT flag (I EPT 10101) set to 1. This table excludes all other contacts.",ED_DISPOSITION_C_NAME,VARCHAR,True,False,The disposition of the patient when discharged from the ED.,Encounter / visit record,False,False
PAT_ENC_HSP,"This table is the primary table for hospital encounter information. A hospital encounter is a contact in the patient record created through an ADT workflow such as preadmission, admission, ED Arrival, discharge, and hospital outpatient visit (HOV) contacts. These contact types have the ADT flag (I EPT 10101) set to 1. This table excludes all other contacts.",ED_DISP_TIME,DATETIME (Local),False,False,The date and time that the disposition was entered.,Encounter / visit record,False,False
PAT_ENC_HSP,"This table is the primary table for hospital encounter information. A hospital encounter is a contact in the patient record created through an ADT workflow such as preadmission, admission, ED Arrival, discharge, and hospital outpatient visit (HOV) contacts. These contact types have the ADT flag (I EPT 10101) set to 1. This table excludes all other contacts.",FOLLOWUP_PROV_ID_PROV_NAME,VARCHAR,False,False,The name of the service provider. This item may be hidden in a public view of the CLARITY_SER table.,Encounter / visit record,False,False
PAT_ENC_HSP,"This table is the primary table for hospital encounter information. A hospital encounter is a contact in the patient record created through an ADT workflow such as preadmission, admission, ED Arrival, discharge, and hospital outpatient visit (HOV) contacts. These contact types have the ADT flag (I EPT 10101) set to 1. This table excludes all other contacts.",PROV_CONT_INFO,VARCHAR,False,False,The contact information for the patient's follow-up provider.,Encounter / visit record,False,False
PAT_ENC_HSP,"This table is the primary table for hospital encounter information. A hospital encounter is a contact in the patient record created through an ADT workflow such as preadmission, admission, ED Arrival, discharge, and hospital outpatient visit (HOV) contacts. These contact types have the ADT flag (I EPT 10101) set to 1. This table excludes all other contacts.",OSHPD_ADMSN_SRC_C_NAME,VARCHAR,True,False,Office of Statewide Health Planning and Development (OSHPD) Source of Admission,Encounter / visit record,False,False
PAT_ENC_HSP,"This table is the primary table for hospital encounter information. A hospital encounter is a contact in the patient record created through an ADT workflow such as preadmission, admission, ED Arrival, discharge, and hospital outpatient visit (HOV) contacts. These contact types have the ADT flag (I EPT 10101) set to 1. This table excludes all other contacts.",OSHPD_LICENSURE_C_NAME,VARCHAR,True,False,Office of Statewide Health Planning and Development (OSHPD) Licensure of Site,Encounter / visit record,False,False
PAT_ENC_HSP,"This table is the primary table for hospital encounter information. A hospital encounter is a contact in the patient record created through an ADT workflow such as preadmission, admission, ED Arrival, discharge, and hospital outpatient visit (HOV) contacts. These contact types have the ADT flag (I EPT 10101) set to 1. This table excludes all other contacts.",OSHPD_ROUTE_C_NAME,VARCHAR,True,False,Office of Statewide Health Planning and Development (OSHPD) Route of Admission,Encounter / visit record,False,False
PAT_ENC_HSP,"This table is the primary table for hospital encounter information. A hospital encounter is a contact in the patient record created through an ADT workflow such as preadmission, admission, ED Arrival, discharge, and hospital outpatient visit (HOV) contacts. These contact types have the ADT flag (I EPT 10101) set to 1. This table excludes all other contacts.",INP_ADM_DATE,DATETIME (Local),False,False,Date-time of the inpatient admission. This is the date/time during the hospital encounter when the patient first received a base patient class of inpatient. This can be different than the value for the admission date if the patient was assigned an emergency or outpatient base patient class.,Encounter / visit record,False,False
PAT_ENC_HSP,"This table is the primary table for hospital encounter information. A hospital encounter is a contact in the patient record created through an ADT workflow such as preadmission, admission, ED Arrival, discharge, and hospital outpatient visit (HOV) contacts. These contact types have the ADT flag (I EPT 10101) set to 1. This table excludes all other contacts.",COPY_TO_PCP_YN,VARCHAR,False,False,This item will indicate whether the PCP effective for the patient should be notified upon a pre-determined system event.,Encounter / visit record,False,False
PAT_ENC_HSP,"This table is the primary table for hospital encounter information. A hospital encounter is a contact in the patient record created through an ADT workflow such as preadmission, admission, ED Arrival, discharge, and hospital outpatient visit (HOV) contacts. These contact types have the ADT flag (I EPT 10101) set to 1. This table excludes all other contacts.",ADOPTION_CASE_YN,VARCHAR,False,False,Item to store whether the current contact is related to an adoption case.,Encounter / visit record,False,False
PAT_ENC_HSP,"This table is the primary table for hospital encounter information. A hospital encounter is a contact in the patient record created through an ADT workflow such as preadmission, admission, ED Arrival, discharge, and hospital outpatient visit (HOV) contacts. These contact types have the ADT flag (I EPT 10101) set to 1. This table excludes all other contacts.",PREOP_TEACHING_C_NAME,VARCHAR,True,False,This item describes whether a patient has been offered or given any pre-operative teaching.,Encounter / visit record,False,False
PAT_ENC_HSP,"This table is the primary table for hospital encounter information. A hospital encounter is a contact in the patient record created through an ADT workflow such as preadmission, admission, ED Arrival, discharge, and hospital outpatient visit (HOV) contacts. These contact types have the ADT flag (I EPT 10101) set to 1. This table excludes all other contacts.",PREOP_PRN_EVAL_C_NAME,VARCHAR,True,False,This is a category item that describes whether a patient has been offered or given a pre-operative nurse practitioner evaluation.,Encounter / visit record,False,False
PAT_ENC_HSP,"This table is the primary table for hospital encounter information. A hospital encounter is a contact in the patient record created through an ADT workflow such as preadmission, admission, ED Arrival, discharge, and hospital outpatient visit (HOV) contacts. These contact types have the ADT flag (I EPT 10101) set to 1. This table excludes all other contacts.",PREOP_PH_SCREEN_C_NAME,VARCHAR,True,False,This is a category list that describes whether a patient has been offered or given a pre-operative phone screening.,Encounter / visit record,False,False
PAT_ENC_HSP,"This table is the primary table for hospital encounter information. A hospital encounter is a contact in the patient record created through an ADT workflow such as preadmission, admission, ED Arrival, discharge, and hospital outpatient visit (HOV) contacts. These contact types have the ADT flag (I EPT 10101) set to 1. This table excludes all other contacts.",LABOR_ACT_BIRTH_C_NAME,VARCHAR,True,False,The category value corresponding to the actual birth status of the delivery.,Encounter / visit record,False,False
PAT_ENC_HSP,"This table is the primary table for hospital encounter information. A hospital encounter is a contact in the patient record created through an ADT workflow such as preadmission, admission, ED Arrival, discharge, and hospital outpatient visit (HOV) contacts. These contact types have the ADT flag (I EPT 10101) set to 1. This table excludes all other contacts.",LABOR_FEED_TYPE_C_NAME,VARCHAR,True,False,The category value corresponding to the infant feeding type during the delivery process,Encounter / visit record,False,False
PAT_ENC_HSP,"This table is the primary table for hospital encounter information. A hospital encounter is a contact in the patient record created through an ADT workflow such as preadmission, admission, ED Arrival, discharge, and hospital outpatient visit (HOV) contacts. These contact types have the ADT flag (I EPT 10101) set to 1. This table excludes all other contacts.",PROC_SERV_C_NAME,VARCHAR,True,False,Procedure Based Service Category,Encounter / visit record,False,False
PAT_ENC_HSP,"This table is the primary table for hospital encounter information. A hospital encounter is a contact in the patient record created through an ADT workflow such as preadmission, admission, ED Arrival, discharge, and hospital outpatient visit (HOV) contacts. These contact types have the ADT flag (I EPT 10101) set to 1. This table excludes all other contacts.",ED_DEPARTURE_TIME,DATETIME (Local),False,False,Date and time the patient left the ED.,Encounter / visit record,False,False
PAT_ENC_HSP,"This table is the primary table for hospital encounter information. A hospital encounter is a contact in the patient record created through an ADT workflow such as preadmission, admission, ED Arrival, discharge, and hospital outpatient visit (HOV) contacts. These contact types have the ADT flag (I EPT 10101) set to 1. This table excludes all other contacts.",TRIAGE_DATETIME,DATETIME,False,False,The date and the time the patient was triaged.,Encounter / visit record,True,False
PAT_ENC_HSP,"This table is the primary table for hospital encounter information. A hospital encounter is a contact in the patient record created through an ADT workflow such as preadmission, admission, ED Arrival, discharge, and hospital outpatient visit (HOV) contacts. These contact types have the ADT flag (I EPT 10101) set to 1. This table excludes all other contacts.",TRIAGE_STATUS_C_NAME,VARCHAR,True,False,The triage status.,Encounter / visit record,False,False
PAT_ENC_HSP,"This table is the primary table for hospital encounter information. A hospital encounter is a contact in the patient record created through an ADT workflow such as preadmission, admission, ED Arrival, discharge, and hospital outpatient visit (HOV) contacts. These contact types have the ADT flag (I EPT 10101) set to 1. This table excludes all other contacts.",INP_ADM_EVENT_ID,NUMERIC,False,False,"The event record for the hospital encounter where the patient first received a base patient class of inpatient, making them an inpatient.",Encounter / visit record,False,False
PAT_ENC_HSP,"This table is the primary table for hospital encounter information. A hospital encounter is a contact in the patient record created through an ADT workflow such as preadmission, admission, ED Arrival, discharge, and hospital outpatient visit (HOV) contacts. These contact types have the ADT flag (I EPT 10101) set to 1. This table excludes all other contacts.",INP_ADM_EVENT_DATE,DATETIME (Local),False,False,Instant of the event creation of the event which caused a patient to become an inpatient patient class.,Encounter / visit record,False,False
PAT_ENC_HSP,"This table is the primary table for hospital encounter information. A hospital encounter is a contact in the patient record created through an ADT workflow such as preadmission, admission, ED Arrival, discharge, and hospital outpatient visit (HOV) contacts. These contact types have the ADT flag (I EPT 10101) set to 1. This table excludes all other contacts.",INP_DWNGRD_EVNT_ID,NUMERIC,False,False,Column to return the event ID of the event that last downgrades the patient from an inpatient patient class to a non-inpatient patient class.,Encounter / visit record,False,False
PAT_ENC_HSP,"This table is the primary table for hospital encounter information. A hospital encounter is a contact in the patient record created through an ADT workflow such as preadmission, admission, ED Arrival, discharge, and hospital outpatient visit (HOV) contacts. These contact types have the ADT flag (I EPT 10101) set to 1. This table excludes all other contacts.",INP_DWNGRD_DATE,DATETIME (Local),False,False,Column that returns the effective date and time of a patients latest downgrade from an inpatient patient class.,Encounter / visit record,False,False
PAT_ENC_HSP,"This table is the primary table for hospital encounter information. A hospital encounter is a contact in the patient record created through an ADT workflow such as preadmission, admission, ED Arrival, discharge, and hospital outpatient visit (HOV) contacts. These contact types have the ADT flag (I EPT 10101) set to 1. This table excludes all other contacts.",INP_DWNGRD_EVNT_DT,DATETIME (Local),False,False,Column to return the event date and time of the last event that downgrades a patient from an inpatient patient class to a non-inpatient patient class.,Encounter / visit record,False,False
PAT_ENC_HSP,"This table is the primary table for hospital encounter information. A hospital encounter is a contact in the patient record created through an ADT workflow such as preadmission, admission, ED Arrival, discharge, and hospital outpatient visit (HOV) contacts. These contact types have the ADT flag (I EPT 10101) set to 1. This table excludes all other contacts.",OP_ADM_DATE,DATETIME (Local),False,False,The date and time during the hospital encounter when the patient first received a base patient class of outpatient.,Encounter / visit record,False,False
PAT_ENC_HSP,"This table is the primary table for hospital encounter information. A hospital encounter is a contact in the patient record created through an ADT workflow such as preadmission, admission, ED Arrival, discharge, and hospital outpatient visit (HOV) contacts. These contact types have the ADT flag (I EPT 10101) set to 1. This table excludes all other contacts.",EMER_ADM_DATE,DATETIME (Local),False,False,The date and time during the hospital encounter when the patient first received a base patient class of emergency.,Encounter / visit record,False,False
PAT_ENC_HSP,"This table is the primary table for hospital encounter information. A hospital encounter is a contact in the patient record created through an ADT workflow such as preadmission, admission, ED Arrival, discharge, and hospital outpatient visit (HOV) contacts. These contact types have the ADT flag (I EPT 10101) set to 1. This table excludes all other contacts.",OP_ADM_EVENT_ID,NUMERIC,False,False,The event record for the hospital encounter where the patient first received a base patient class of outpatient.,Encounter / visit record,False,False
PAT_ENC_HSP,"This table is the primary table for hospital encounter information. A hospital encounter is a contact in the patient record created through an ADT workflow such as preadmission, admission, ED Arrival, discharge, and hospital outpatient visit (HOV) contacts. These contact types have the ADT flag (I EPT 10101) set to 1. This table excludes all other contacts.",EMER_ADM_EVENT_ID,NUMERIC,False,False,The event record for the hospital encounter where the patient first received a base patient class of emergency.,Encounter / visit record,False,False
PAT_ENC_HSP,"This table is the primary table for hospital encounter information. A hospital encounter is a contact in the patient record created through an ADT workflow such as preadmission, admission, ED Arrival, discharge, and hospital outpatient visit (HOV) contacts. These contact types have the ADT flag (I EPT 10101) set to 1. This table excludes all other contacts.",PREREG_SOURCE_C_NAME,VARCHAR,True,False,Preregistration source value.,Encounter / visit record,False,False
PAT_ENC_HSP,"This table is the primary table for hospital encounter information. A hospital encounter is a contact in the patient record created through an ADT workflow such as preadmission, admission, ED Arrival, discharge, and hospital outpatient visit (HOV) contacts. These contact types have the ADT flag (I EPT 10101) set to 1. This table excludes all other contacts.",HOV_CONF_STATUS_C_NAME,VARCHAR,False,False,This item stores a flag to prevent HOVs from being closed by the end of day batch.,Encounter / visit record,False,False
PAT_ENC_HSP,"This table is the primary table for hospital encounter information. A hospital encounter is a contact in the patient record created through an ADT workflow such as preadmission, admission, ED Arrival, discharge, and hospital outpatient visit (HOV) contacts. These contact types have the ADT flag (I EPT 10101) set to 1. This table excludes all other contacts.",RELIG_NEEDS_VISIT_C_NAME,VARCHAR,True,False,Used to track a patient's visit-specific religious needs.,Encounter / visit record,False,False
PAT_ENC_HSP,"This table is the primary table for hospital encounter information. A hospital encounter is a contact in the patient record created through an ADT workflow such as preadmission, admission, ED Arrival, discharge, and hospital outpatient visit (HOV) contacts. These contact types have the ADT flag (I EPT 10101) set to 1. This table excludes all other contacts.",DISCHARGE_CAT_C_NAME,VARCHAR,True,False,General Category Item for Discharges,Encounter / visit record,False,False
PAT_ENC_HSP,"This table is the primary table for hospital encounter information. A hospital encounter is a contact in the patient record created through an ADT workflow such as preadmission, admission, ED Arrival, discharge, and hospital outpatient visit (HOV) contacts. These contact types have the ADT flag (I EPT 10101) set to 1. This table excludes all other contacts.",EXP_DISCHARGE_TIME,DATETIME (Local),False,False,The time of expected discharge of the admission for this patient contact.,Encounter / visit record,False,False
PAT_ENC_HSP,"This table is the primary table for hospital encounter information. A hospital encounter is a contact in the patient record created through an ADT workflow such as preadmission, admission, ED Arrival, discharge, and hospital outpatient visit (HOV) contacts. These contact types have the ADT flag (I EPT 10101) set to 1. This table excludes all other contacts.",BILL_ATTEND_PROV_ID_PROV_NAME,VARCHAR,False,False,The name of the service provider. This item may be hidden in a public view of the CLARITY_SER table.,Encounter / visit record,False,False
PAT_ENC_HSP,"This table is the primary table for hospital encounter information. A hospital encounter is a contact in the patient record created through an ADT workflow such as preadmission, admission, ED Arrival, discharge, and hospital outpatient visit (HOV) contacts. These contact types have the ADT flag (I EPT 10101) set to 1. This table excludes all other contacts.",OB_LD_LABORING_YN,VARCHAR,False,False,Indicates whether the patient was in labor upon arrival at the hospital.,Encounter / visit record,False,False
PAT_ENC_HSP,"This table is the primary table for hospital encounter information. A hospital encounter is a contact in the patient record created through an ADT workflow such as preadmission, admission, ED Arrival, discharge, and hospital outpatient visit (HOV) contacts. These contact types have the ADT flag (I EPT 10101) set to 1. This table excludes all other contacts.",OB_LD_LABOR_TM,DATETIME (Local),False,False,The date and time at which labor began.,Encounter / visit record,False,False
PAT_ENC_HSP,"This table is the primary table for hospital encounter information. A hospital encounter is a contact in the patient record created through an ADT workflow such as preadmission, admission, ED Arrival, discharge, and hospital outpatient visit (HOV) contacts. These contact types have the ADT flag (I EPT 10101) set to 1. This table excludes all other contacts.",TRIAGE_ID_TAG,VARCHAR,False,False,The trauma identifier assigned to patient. This number is frequently associated with a pre-printed trauma packet that is used when an accident or other incident results in many patients arriving at the hospital in a short time period.,Encounter / visit record,False,False
PAT_ENC_HSP,"This table is the primary table for hospital encounter information. A hospital encounter is a contact in the patient record created through an ADT workflow such as preadmission, admission, ED Arrival, discharge, and hospital outpatient visit (HOV) contacts. These contact types have the ADT flag (I EPT 10101) set to 1. This table excludes all other contacts.",TRIAGE_ID_TAG_CMT,VARCHAR,False,False,A free-text comment that can be entered along with the trauma identifier or triage ID assigned to the patient.,Encounter / visit record,False,False
PAT_ENC_HSP,"This table is the primary table for hospital encounter information. A hospital encounter is a contact in the patient record created through an ADT workflow such as preadmission, admission, ED Arrival, discharge, and hospital outpatient visit (HOV) contacts. These contact types have the ADT flag (I EPT 10101) set to 1. This table excludes all other contacts.",TPLNT_BILL_STAT_C_NAME,VARCHAR,True,False,The category number for the Transplant Billing Status for a visit.,Encounter / visit record,False,False
PAT_ENC_HSP,"This table is the primary table for hospital encounter information. A hospital encounter is a contact in the patient record created through an ADT workflow such as preadmission, admission, ED Arrival, discharge, and hospital outpatient visit (HOV) contacts. These contact types have the ADT flag (I EPT 10101) set to 1. This table excludes all other contacts.",ACTL_DELIVRY_METH_C_NAME,VARCHAR,False,False,"Indicates the delivery method of the last baby delivered on this encounter by this patient. For example, Spontaneous Vaginal Delivery, C-Section - Unspecified, etc.",Encounter / visit record,False,False
PAT_ENC_HSP,"This table is the primary table for hospital encounter information. A hospital encounter is a contact in the patient record created through an ADT workflow such as preadmission, admission, ED Arrival, discharge, and hospital outpatient visit (HOV) contacts. These contact types have the ADT flag (I EPT 10101) set to 1. This table excludes all other contacts.",PRENATAL_CARE_C_NAME,VARCHAR,True,False,Item used to indicate what type of prenatal care the patient has received.,Encounter / visit record,False,False
PAT_ENC_HSP,"This table is the primary table for hospital encounter information. A hospital encounter is a contact in the patient record created through an ADT workflow such as preadmission, admission, ED Arrival, discharge, and hospital outpatient visit (HOV) contacts. These contact types have the ADT flag (I EPT 10101) set to 1. This table excludes all other contacts.",AMBULANCE_CODE_C_NAME,VARCHAR,True,False,The category number for the ambulance code.,Encounter / visit record,False,False
PAT_ENC_HSP,"This table is the primary table for hospital encounter information. A hospital encounter is a contact in the patient record created through an ADT workflow such as preadmission, admission, ED Arrival, discharge, and hospital outpatient visit (HOV) contacts. These contact types have the ADT flag (I EPT 10101) set to 1. This table excludes all other contacts.",MSE_DATE,DATETIME (Local),False,False,Indicates the date and time of the patient's medical screening exam (MSE).,Encounter / visit record,False,False
PAT_ENC_HSP,"This table is the primary table for hospital encounter information. A hospital encounter is a contact in the patient record created through an ADT workflow such as preadmission, admission, ED Arrival, discharge, and hospital outpatient visit (HOV) contacts. These contact types have the ADT flag (I EPT 10101) set to 1. This table excludes all other contacts.",ADMIT_PROV_TEXT,VARCHAR,False,False,The free text admitting provider for the encounter.,Encounter / visit record,False,False
PAT_ENC_HSP,"This table is the primary table for hospital encounter information. A hospital encounter is a contact in the patient record created through an ADT workflow such as preadmission, admission, ED Arrival, discharge, and hospital outpatient visit (HOV) contacts. These contact types have the ADT flag (I EPT 10101) set to 1. This table excludes all other contacts.",ATTEND_PROV_TEXT,VARCHAR,False,False,The free text attending provider for the encounter.,Encounter / visit record,False,False
PAT_ENC_HSP,"This table is the primary table for hospital encounter information. A hospital encounter is a contact in the patient record created through an ADT workflow such as preadmission, admission, ED Arrival, discharge, and hospital outpatient visit (HOV) contacts. These contact types have the ADT flag (I EPT 10101) set to 1. This table excludes all other contacts.",PROV_PRIM_TEXT,VARCHAR,False,False,The free text primary care provider for the encounter,Encounter / visit record,False,False
PAT_ENC_HSP,"This table is the primary table for hospital encounter information. A hospital encounter is a contact in the patient record created through an ADT workflow such as preadmission, admission, ED Arrival, discharge, and hospital outpatient visit (HOV) contacts. These contact types have the ADT flag (I EPT 10101) set to 1. This table excludes all other contacts.",PROV_PRIM_TEXT_PHON,VARCHAR,False,False,The free text phone number for the primary care provider.,Encounter / visit record,False,False
PAT_ENC_HSP,"This table is the primary table for hospital encounter information. A hospital encounter is a contact in the patient record created through an ADT workflow such as preadmission, admission, ED Arrival, discharge, and hospital outpatient visit (HOV) contacts. These contact types have the ADT flag (I EPT 10101) set to 1. This table excludes all other contacts.",HOSPITAL_AREA_ID_LOC_NAME,VARCHAR,False,False,The name of the revenue location.,Encounter / visit record,False,False
PAT_ENC_HSP,"This table is the primary table for hospital encounter information. A hospital encounter is a contact in the patient record created through an ADT workflow such as preadmission, admission, ED Arrival, discharge, and hospital outpatient visit (HOV) contacts. These contact types have the ADT flag (I EPT 10101) set to 1. This table excludes all other contacts.",CHIEF_COMPLAINT_C_NAME,VARCHAR,True,False,This holds the category number for the chief complaint if the free text chief complaint item is not being used.,Encounter / visit record,False,False
PAT_ENC_HSP,"This table is the primary table for hospital encounter information. A hospital encounter is a contact in the patient record created through an ADT workflow such as preadmission, admission, ED Arrival, discharge, and hospital outpatient visit (HOV) contacts. These contact types have the ADT flag (I EPT 10101) set to 1. This table excludes all other contacts.",NEED_FIN_CLR_YN,VARCHAR,False,False,Indicates whether the patient requires financial clearance on this encounter.,Encounter / visit record,False,False
PAT_ENC_HSP_2,"The PAT_ENC_HSP_2 table is the subsequent table for the PAT_ENC_HSP table, which is the primary table for hospital encounter information. Each record in this table is based on a patient contact serial number.",PAT_ENC_CSN_ID,NUMERIC,False,False,"The unique contact serial number for this contact. This number is unique across all patient encounters in your system. If you use IntraConnect, this is the Unique Contact Identifier (UCI).",Encounter / visit record,False,True
PAT_ENC_HSP_2,"The PAT_ENC_HSP_2 table is the subsequent table for the PAT_ENC_HSP table, which is the primary table for hospital encounter information. Each record in this table is based on a patient contact serial number.",PAT_ENC_DATE_REAL,FLOAT,False,False,"A unique contact date in decimal format. The integer portion of the number indicates the date of contact. The digits after the decimal distinguish different contacts on the same date and are unique for each contact on that date. For example, .00 is the first/only contact, .01 is the second contact, etc.",Encounter / visit record,False,False
PAT_ENC_HSP_2,"The PAT_ENC_HSP_2 table is the subsequent table for the PAT_ENC_HSP table, which is the primary table for hospital encounter information. Each record in this table is based on a patient contact serial number.",CONTACT_DATE,DATETIME,False,False,The date of this contact in calendar format.,Encounter / visit record,True,False
PAT_ENC_HSP_2,"The PAT_ENC_HSP_2 table is the subsequent table for the PAT_ENC_HSP table, which is the primary table for hospital encounter information. Each record in this table is based on a patient contact serial number.",EX_DIS_DT_ENTR_DTTM,DATETIME (Local),False,False,The instant of entry of expected discharge date.,Encounter / visit record,False,False
PAT_ENC_HSP_2,"The PAT_ENC_HSP_2 table is the subsequent table for the PAT_ENC_HSP table, which is the primary table for hospital encounter information. Each record in this table is based on a patient contact serial number.",EX_DIS_TM_ENTR_DTTM,DATETIME (Local),False,False,The instant of entry of expected discharge time.,Encounter / visit record,False,False
PAT_ENC_HSP_2,"The PAT_ENC_HSP_2 table is the subsequent table for the PAT_ENC_HSP table, which is the primary table for hospital encounter information. Each record in this table is based on a patient contact serial number.",CONTRACT_REG_FLAG,VARCHAR,False,False,"Indicates whether an HOV contact was registered using the Contract Registration workflow. If this workflow was not used, this column is null.",Encounter / visit record,False,False
PAT_ENC_HSP_2,"The PAT_ENC_HSP_2 table is the subsequent table for the PAT_ENC_HSP table, which is the primary table for hospital encounter information. Each record in this table is based on a patient contact serial number.",CONTRACT_CODE_C_NAME,VARCHAR,True,False,The contract code category for the encounter.,Encounter / visit record,False,False
PAT_ENC_HSP_2,"The PAT_ENC_HSP_2 table is the subsequent table for the PAT_ENC_HSP table, which is the primary table for hospital encounter information. Each record in this table is based on a patient contact serial number.",ACCEPTS_BLOOD_C_NAME,VARCHAR,True,False,The category ID that indicates whether this patient accepts blood.,Encounter / visit record,False,False
PAT_ENC_HSP_2,"The PAT_ENC_HSP_2 table is the subsequent table for the PAT_ENC_HSP table, which is the primary table for hospital encounter information. Each record in this table is based on a patient contact serial number.",ED_ARRIVAL_DETAILS,VARCHAR,False,False,Free text information holding any details regarding the ED Arrival.,Encounter / visit record,False,False
PAT_ENC_HSP_2,"The PAT_ENC_HSP_2 table is the subsequent table for the PAT_ENC_HSP table, which is the primary table for hospital encounter information. Each record in this table is based on a patient contact serial number.",CONS_SEDATION_C_NAME,VARCHAR,True,False,The category ID of the conscious sedation status for the patient encounter.,Encounter / visit record,False,False
PAT_ENC_HSP_2,"The PAT_ENC_HSP_2 table is the subsequent table for the PAT_ENC_HSP table, which is the primary table for hospital encounter information. Each record in this table is based on a patient contact serial number.",RESTRAINT_SECLUS_C_NAME,VARCHAR,True,False,The restraint or seclusion status category ID for this patient encounter.,Encounter / visit record,False,False
PAT_ENC_HSP_2,"The PAT_ENC_HSP_2 table is the subsequent table for the PAT_ENC_HSP table, which is the primary table for hospital encounter information. Each record in this table is based on a patient contact serial number.",MULTI_PREG_YN,VARCHAR,False,False,Indicates whether the mother has a multiple pregnancy for this L&D encounter.,Encounter / visit record,False,False
PAT_ENC_HSP_2,"The PAT_ENC_HSP_2 table is the subsequent table for the PAT_ENC_HSP table, which is the primary table for hospital encounter information. Each record in this table is based on a patient contact serial number.",DISASTER_NUM,VARCHAR,False,False,"This column stores the disaster number, which is a number given by the ambulance company to patients during catastrophes that cause massive patient influxes to the hospital.",Encounter / visit record,False,False
PAT_ENC_HSP_2,"The PAT_ENC_HSP_2 table is the subsequent table for the PAT_ENC_HSP table, which is the primary table for hospital encounter information. Each record in this table is based on a patient contact serial number.",SRC_PATTERN_CSN_ID,NUMERIC,False,False,"The Contact Serial Number (CSN) of the Admission Pattern record associated with the projected bed usage for this patient encounter. If this projection is manually modified an end user, the column stores null.",Encounter / visit record,False,False
PAT_ENC_HSP_2,"The PAT_ENC_HSP_2 table is the subsequent table for the PAT_ENC_HSP table, which is the primary table for hospital encounter information. Each record in this table is based on a patient contact serial number.",ENC_CLOSED_OR_COMPLETED_DATE,DATETIME,False,False,The date that the encounter was closed or completed.,Encounter / visit record,True,False
PAT_ENC_HSP_2,"The PAT_ENC_HSP_2 table is the subsequent table for the PAT_ENC_HSP table, which is the primary table for hospital encounter information. Each record in this table is based on a patient contact serial number.",ED_DISPO_PAT_COND_C_NAME,VARCHAR,True,False,The category ID of the patient condition at time of disposition in the ED.,Encounter / visit record,False,False
PAT_ENC_HSP_2,"The PAT_ENC_HSP_2 table is the subsequent table for the PAT_ENC_HSP table, which is the primary table for hospital encounter information. Each record in this table is based on a patient contact serial number.",ADOPTION_TYPE_C_NAME,VARCHAR,True,False,Item to store what type of adoption is related to the current L&D contact.,Encounter / visit record,False,False
PAT_ENC_HSP_2,"The PAT_ENC_HSP_2 table is the subsequent table for the PAT_ENC_HSP table, which is the primary table for hospital encounter information. Each record in this table is based on a patient contact serial number.",PRI_PROBLEM_ID,NUMERIC,False,False,The unique ID of the principal problem for a patient's hospitalization.,Encounter / visit record,False,False
PAT_ENC_HSP_2,"The PAT_ENC_HSP_2 table is the subsequent table for the PAT_ENC_HSP table, which is the primary table for hospital encounter information. Each record in this table is based on a patient contact serial number.",EXPECTED_DISCHRG_APPROX_TIME_C_NAME,VARCHAR,True,False,"Current approximate expected discharge time. Each value represents a time range (e.g. Morning, Midday, Afternoon, Evening).",Encounter / visit record,False,False
PAT_ENC_HSP_2,"The PAT_ENC_HSP_2 table is the subsequent table for the PAT_ENC_HSP table, which is the primary table for hospital encounter information. Each record in this table is based on a patient contact serial number.",DISCH_MILEST_KICKOFF_UTC_DTTM,DATETIME (UTC),False,False,Displays the date and time that discharge milestones were initiated.,Encounter / visit record,False,False
PAT_ENC_HSP_2,"The PAT_ENC_HSP_2 table is the subsequent table for the PAT_ENC_HSP table, which is the primary table for hospital encounter information. Each record in this table is based on a patient contact serial number.",DISCH_MILEST_AUTO_MANAGED_YN,VARCHAR,False,False,Determines if discharge milestones have had any manual intervention. Discharge Milestones are considered auto-managed if the discharge order is the sole driver for kicking off and discontinuing milestones.,Encounter / visit record,False,False
PAT_ENC_HSP_2,"The PAT_ENC_HSP_2 table is the subsequent table for the PAT_ENC_HSP table, which is the primary table for hospital encounter information. Each record in this table is based on a patient contact serial number.",PREDICTED_LOS,NUMERIC,False,False,The Length of Stay value determined by the Predictive Model run.,Encounter / visit record,False,False
PAT_ENC_HSP_2,"The PAT_ENC_HSP_2 table is the subsequent table for the PAT_ENC_HSP table, which is the primary table for hospital encounter information. Each record in this table is based on a patient contact serial number.",EXP_LOS_UPD_SRC_C_NAME,VARCHAR,True,False,"The source (e.g. Predictive Model, User Entered) from which the Expected Length of Stay was updated.",Encounter / visit record,False,False
PAT_ENC_HSP_2,"The PAT_ENC_HSP_2 table is the subsequent table for the PAT_ENC_HSP table, which is the primary table for hospital encounter information. Each record in this table is based on a patient contact serial number.",ED_ENC_SRC_C_NAME,VARCHAR,False,False,"This column stores how an ED encounter was created (e.g. via interface, user workflows)",Encounter / visit record,False,False
PAT_ENC_HSP_2,"The PAT_ENC_HSP_2 table is the subsequent table for the PAT_ENC_HSP table, which is the primary table for hospital encounter information. Each record in this table is based on a patient contact serial number.",ED_DEPART_UTC_DTTM,DATETIME (UTC),False,False,The ED Departure date and time in UTC.,Encounter / visit record,False,False
PAT_ENC_HSP_2,"The PAT_ENC_HSP_2 table is the subsequent table for the PAT_ENC_HSP table, which is the primary table for hospital encounter information. Each record in this table is based on a patient contact serial number.",ADT_ARRIVAL_UTC_DTTM,DATETIME (UTC),False,False,The arrival date and time in UTC.,Encounter / visit record,False,False
PAT_ENC_HSP_2,"The PAT_ENC_HSP_2 table is the subsequent table for the PAT_ENC_HSP table, which is the primary table for hospital encounter information. Each record in this table is based on a patient contact serial number.",HOSP_DISCH_UTC_DTTM,DATETIME (UTC),False,False,The hospital discharge date and time in UTC.,Encounter / visit record,False,False
PAT_ENC_HSP_2,"The PAT_ENC_HSP_2 table is the subsequent table for the PAT_ENC_HSP table, which is the primary table for hospital encounter information. Each record in this table is based on a patient contact serial number.",HOSP_ADMSN_UTC_DTTM,DATETIME (UTC),False,False,The hospital admission date and time in UTC.,Encounter / visit record,False,False
PAT_ENC_HSP_2,"The PAT_ENC_HSP_2 table is the subsequent table for the PAT_ENC_HSP table, which is the primary table for hospital encounter information. Each record in this table is based on a patient contact serial number.",INP_ADMSN_UTC_DTTM,DATETIME (UTC),False,False,The date and time that the patient first reached a patient class of Inpatient in UTC.,Encounter / visit record,False,False
PAT_ENC_HSP_2,"The PAT_ENC_HSP_2 table is the subsequent table for the PAT_ENC_HSP table, which is the primary table for hospital encounter information. Each record in this table is based on a patient contact serial number.",ED_HISTORICAL_YN,VARCHAR,False,False,ED Historical Encounter is set by cutover and historical encounter interfaces when patient encounters are created for emergency patients.,Encounter / visit record,False,False
PAT_ENC_HSP_2,"The PAT_ENC_HSP_2 table is the subsequent table for the PAT_ENC_HSP table, which is the primary table for hospital encounter information. Each record in this table is based on a patient contact serial number.",PATIENT_TASK_COMPLETION_RATE,INTEGER,False,False,Aggregated task progression rates across all active tasks currently assigned to the patient.,Encounter / visit record,False,False
PAT_ENC_HSP_2,"The PAT_ENC_HSP_2 table is the subsequent table for the PAT_ENC_HSP table, which is the primary table for hospital encounter information. Each record in this table is based on a patient contact serial number.",START_MED_REM_DISCHG_YN,VARCHAR,False,False,"If set to 1-Yes, medication reminders will start automatically after discharge. If set to 0-No or empty, medication reminders will not start automatically after discharge.",Encounter / visit record,False,False
PAT_ENC_HSP_2,"The PAT_ENC_HSP_2 table is the subsequent table for the PAT_ENC_HSP table, which is the primary table for hospital encounter information. Each record in this table is based on a patient contact serial number.",EXPECTED_DISCHARGE_UNKNOWN_YN,VARCHAR,False,False,Indicates whether the expected discharge date is unknown for this patient. 'Y' indicates that the expected discharge date is unknown and documented. 'N' indicates that the expected discharge date is known and documented. NULL indicates that no expected discharge info has been saved for this contact.,Encounter / visit record,False,False
PAT_ENC_HSP_2,"The PAT_ENC_HSP_2 table is the subsequent table for the PAT_ENC_HSP table, which is the primary table for hospital encounter information. Each record in this table is based on a patient contact serial number.",DUAL_ADMISSION_CSN,NUMERIC,False,False,In a dual admission scenario this will point from the encounter on leave to the admitted encounter.,Encounter / visit record,False,False
PAT_ENC_HSP_2,"The PAT_ENC_HSP_2 table is the subsequent table for the PAT_ENC_HSP table, which is the primary table for hospital encounter information. Each record in this table is based on a patient contact serial number.",LOA_PAT_ENC_CSN_ID,NUMERIC,False,False,This column is only populated when the encounter for this row is admitted and the patient currently has an encounter on a leave of absence. This column displays the unique contact serial number of the patient encounter that is on a leave of absence.,Encounter / visit record,False,False
PAT_ENC_HSP_2,"The PAT_ENC_HSP_2 table is the subsequent table for the PAT_ENC_HSP table, which is the primary table for hospital encounter information. Each record in this table is based on a patient contact serial number.",INITIAL_ADT_PAT_STAT_C_NAME,VARCHAR,False,False,The ADT type of encounter category ID initially assigned for the encounter.,Encounter / visit record,False,False
PAT_ENC_HSP_2,"The PAT_ENC_HSP_2 table is the subsequent table for the PAT_ENC_HSP table, which is the primary table for hospital encounter information. Each record in this table is based on a patient contact serial number.",NOTIFICATION_SENT_FIRST_IP_YN,VARCHAR,False,False,"Indicates whether the Event Notification message was sent when the patient was upgraded to an IP class. 'Y' indicates that the message was sent. 'N' or NULL indicate that the message was not sent. Note that this message is only sent once, even though the date and time the patient became IP can be changed.",Encounter / visit record,False,False
PAT_ENC_HSP_2,"The PAT_ENC_HSP_2 table is the subsequent table for the PAT_ENC_HSP table, which is the primary table for hospital encounter information. Each record in this table is based on a patient contact serial number.",NOTIFICATION_SENT_OBS_ADMSN_YN,VARCHAR,False,False,"Indicates whether the Event Notification message was sent when the patient was upgraded to an observation patient class. 'Y' indicates that the message was sent. 'N' or NULL indicate that the message was not sent. Note that this message is only sent once, even though the date and time the patient became observation can be changed.",Encounter / visit record,False,False
PAT_ENC_HSP_2,"The PAT_ENC_HSP_2 table is the subsequent table for the PAT_ENC_HSP table, which is the primary table for hospital encounter information. Each record in this table is based on a patient contact serial number.",IB_ALERT_LENGTH_OF_STAY_MSG_ID,VARCHAR,False,False,The unique ID of the In Basket Message that was sent to alert that a patient has gone past the approved length of stay.,Encounter / visit record,False,False
PAT_ENC_HSP_2,"The PAT_ENC_HSP_2 table is the subsequent table for the PAT_ENC_HSP table, which is the primary table for hospital encounter information. Each record in this table is based on a patient contact serial number.",INITIAL_ADMIT_CONF_STAT_C_NAME,VARCHAR,False,False,The encounter status category ID initially assigned to this encounter.,Encounter / visit record,False,False
PAT_ENC_HSP_2,"The PAT_ENC_HSP_2 table is the subsequent table for the PAT_ENC_HSP table, which is the primary table for hospital encounter information. Each record in this table is based on a patient contact serial number.",TRANSFER_COMMENTS,VARCHAR,False,False,The transfer comments entered by the user during the most recent transfer.,Encounter / visit record,False,False
PAT_ENC_HSP_2,"The PAT_ENC_HSP_2 table is the subsequent table for the PAT_ENC_HSP table, which is the primary table for hospital encounter information. Each record in this table is based on a patient contact serial number.",MED_READINESS_DTTM,DATETIME (Local),False,False,"The medical readiness date and time for this patient encounter. This date and time may be expected or confirmed, depending on whether the patient is medically ready or not.",Encounter / visit record,False,False
PAT_ENC_HSP_2,"The PAT_ENC_HSP_2 table is the subsequent table for the PAT_ENC_HSP table, which is the primary table for hospital encounter information. Each record in this table is based on a patient contact serial number.",MED_READINESS_TIMEFRAM_C_NAME,VARCHAR,False,False,The medical readiness timeframe category ID for the patient encounter,Encounter / visit record,False,False
PAT_ENC_HSP_2,"The PAT_ENC_HSP_2 table is the subsequent table for the PAT_ENC_HSP table, which is the primary table for hospital encounter information. Each record in this table is based on a patient contact serial number.",MED_READINESS_YN,VARCHAR,False,False,Indicates whether this patient encounter is medically ready for discharge. 'Y' indicates that this encounter has been marked medically ready for discharge. 'N' or NULL indicates that it has not been marked medically ready for discharge.,Encounter / visit record,False,False
PAT_ENC_HSP_2,"The PAT_ENC_HSP_2 table is the subsequent table for the PAT_ENC_HSP table, which is the primary table for hospital encounter information. Each record in this table is based on a patient contact serial number.",MED_READINESS_INST_ENTRY_DTTM,DATETIME (UTC),False,False,The instant at which this patient's medical readiness information was last updated,Encounter / visit record,False,False
PAT_ENC_HSP_2,"The PAT_ENC_HSP_2 table is the subsequent table for the PAT_ENC_HSP table, which is the primary table for hospital encounter information. Each record in this table is based on a patient contact serial number.",MED_READINESS_USER_ID,VARCHAR,False,False,The unique ID of the user who last updated medical readiness information for this patient encounter,Encounter / visit record,False,False
PAT_ENC_HSP_2,"The PAT_ENC_HSP_2 table is the subsequent table for the PAT_ENC_HSP table, which is the primary table for hospital encounter information. Each record in this table is based on a patient contact serial number.",MED_READINESS_USER_ID_NAME,VARCHAR,False,False,The name of the user record. This name may be hidden.,Encounter / visit record,False,False
PAT_ENC_HSP_2,"The PAT_ENC_HSP_2 table is the subsequent table for the PAT_ENC_HSP table, which is the primary table for hospital encounter information. Each record in this table is based on a patient contact serial number.",MED_READINESS_SOURCE_C_NAME,VARCHAR,False,False,The medical readiness source category ID for this patient encounter,Encounter / visit record,False,False
PAT_ENC_HSP_2,"The PAT_ENC_HSP_2 table is the subsequent table for the PAT_ENC_HSP table, which is the primary table for hospital encounter information. Each record in this table is based on a patient contact serial number.",EXPECTED_DISCH_DISP_C_NAME,VARCHAR,True,False,The patient's expected discharge disposition.,Encounter / visit record,False,False
PAT_ENC_HSP_2,"The PAT_ENC_HSP_2 table is the subsequent table for the PAT_ENC_HSP table, which is the primary table for hospital encounter information. Each record in this table is based on a patient contact serial number.",EXP_DISCH_DISP_USER_ID,VARCHAR,False,False,This item logs the last user that changed the expected discharge disposition.,Encounter / visit record,False,False
PAT_ENC_HSP_2,"The PAT_ENC_HSP_2 table is the subsequent table for the PAT_ENC_HSP table, which is the primary table for hospital encounter information. Each record in this table is based on a patient contact serial number.",EXP_DISCH_DISP_USER_ID_NAME,VARCHAR,False,False,The name of the user record. This name may be hidden.,Encounter / visit record,False,False
PAT_ENC_HSP_2,"The PAT_ENC_HSP_2 table is the subsequent table for the PAT_ENC_HSP table, which is the primary table for hospital encounter information. Each record in this table is based on a patient contact serial number.",EXP_DISCH_DISP_ENTRY_UTC_DTTM,DATETIME (UTC),False,False,The instant of entry of expected discharge disposition.,Encounter / visit record,False,False
PAT_ENC_HSP_2,"The PAT_ENC_HSP_2 table is the subsequent table for the PAT_ENC_HSP table, which is the primary table for hospital encounter information. Each record in this table is based on a patient contact serial number.",PRIMARY_LINKED_PAT_ENC_CSN_ID,NUMERIC,False,False,"The unique contact serial number of the primary linked hospital encounter. Encounters are considered linked if the start of encounter B occurs after the start of encounter A, but within 6 hours after the discharge of encounter A (including before the discharge of encounter A). Any encounters that would be linked to encounter B by that definition are instead linked to encounter A. This means that there is exactly one primary encounter for every series of linked encounters and that the primary linked encounter is the one within a series that has the earliest start time.",Encounter / visit record,False,False
PAT_ENC_HSP_2,"The PAT_ENC_HSP_2 table is the subsequent table for the PAT_ENC_HSP table, which is the primary table for hospital encounter information. Each record in this table is based on a patient contact serial number.",TODO_ADM_DISCLAIMER_ACTIVE_YN,VARCHAR,False,False,This item tracks if the To Do admission disclaimer should be shown or not.,Encounter / visit record,False,False
PAT_ENC_NO_SHOW,"This table contains no-show documentation. When patients do not arrive for an appointment, they are marked as a no-show. Each no-show can have an associated action, outcome and comment. All of this documentation is displayed in this table.",PAT_ENC_CSN_ID,NUMERIC,False,False,The unique contact serial number for this contact. This number is unique across all patient encounters in your system. If you use IntraConnect this is the Unique Contact Identifier (UCI).,Appointment / scheduling status,False,True
PAT_ENC_NO_SHOW,"This table contains no-show documentation. When patients do not arrive for an appointment, they are marked as a no-show. Each no-show can have an associated action, outcome and comment. All of this documentation is displayed in this table.",LINE,INTEGER,False,False,The line number for the information associated with this contact. Multiple pieces of information can be associated with this contact.,Appointment / scheduling status,False,True
PAT_ENC_NO_SHOW,"This table contains no-show documentation. When patients do not arrive for an appointment, they are marked as a no-show. Each no-show can have an associated action, outcome and comment. All of this documentation is displayed in this table.",PAT_ID,VARCHAR,False,False,The unique ID of the patient record for this row. This column is frequently used to link to the PATIENT table.,Appointment / scheduling status,False,False
PAT_ENC_NO_SHOW,"This table contains no-show documentation. When patients do not arrive for an appointment, they are marked as a no-show. Each no-show can have an associated action, outcome and comment. All of this documentation is displayed in this table.",NO_SHOW_COMMENT,VARCHAR,False,False,The no show comments entered by the user.,Appointment / scheduling status,False,False
